target_no,company,title,url,source,published_at,collected_at,collector,query,source_type,source_priority,official_source_url,content_excerpt,content_word_count,content_fetch_status,content_fetched_at
17,Onsemi,News & Insights,https://www.onsemi.com/company/newsroom/news-and-insights,Onsemi - Press-filtered Newsroom / Press Releases,2026-08-11T00:00:00Z,2026-08-11T03:18:34Z,official_page,https://www.onsemi.com/company/newsroom/news-and-insights?type=press,official,10,https://www.onsemi.com/company/newsroom/news-and-insights?type=press,"News & Insights Show side navigation Loading... Filter: All Years 2026 2025 Recent News & Insights Explore more of onsemi's latest announcements, innovations and sustainability. August 03, 2026 onsemi Reports Second Quarter 2026 Results Read Article July 16, 2026 onsemi to Announce Second Quarter Financial Results 2026 July 7, 2026 onsemi Advances Fab Right Strategy with Agreements to Divest Two Manufacturing Facilities June 25, 2026 onsemi to Acquire Synaptics to Enable the Next Generation of Intelligent Systems for Physical AI June 9, 2026 onsemi Introduces GaNEXUS Gallium Nitride Power Portfolio June 8, 2026 onsemi Introduces Industry-First Elite Pairing Studio to Simplify Power Design May 29, 2026 How onsemi Is Powering the Next Generation of AI Factories May 7, 2026 onsemi Announces P...",248,fetched,2026-08-11T03:18:34Z
17,Onsemi,onsemi,https://www.onsemi.com/company/newsroom/featured-stories,Onsemi - Press-filtered Newsroom / Press Releases,2026-08-11T00:00:00Z,2026-08-11T03:18:34Z,official_page,https://www.onsemi.com/company/newsroom/news-and-insights?type=press,official,10,https://www.onsemi.com/company/newsroom/news-and-insights?type=press,"Featured Stories Show side navigation Loading... Filter: All Years 2026 All Categories All Categories Automotive Industrial Data Center Innovation Company All Categories Automotive Industrial Data Center Innovation Company Recent Featured Stories Explore more of onsemi's latest innovations, sustainability, and employee stories. July 14, 2026 Power Semiconductors: The Hidden Technology Powering the AI Infrastructure Boom Read Article July 14, 2026 The Emerging Way to Conquer Power Challenges in AI Data Centers July 13, 2026 As AI Drives Power Demand, onsemi Pushes Efficiency to the Center of Its Strategy Keep in Touch News Alerts Subscribe to onsemi’s newsletter for press releases, inspiring stories, and more, tailored to your interests. Join Newsletter Connect With Us Follow onsemi on Link...",176,fetched,2026-08-11T03:18:34Z
17,Onsemi,onsemi,https://www.onsemi.com/company/newsroom/featured-stories/automotive,Onsemi - Press-filtered Newsroom / Press Releases,2026-08-11T00:00:00Z,2026-08-11T03:18:34Z,official_page,https://www.onsemi.com/company/newsroom/news-and-insights?type=press,official,10,https://www.onsemi.com/company/newsroom/news-and-insights?type=press,"Automotive Show side navigation Loading... Filter: All Years All Categories All Categories Automotive Industrial Data Center Innovation Company All Categories Automotive Industrial Data Center Innovation Company No Results Found We're sorry, we couldn't find any matches for that search term. Keep in Touch News Alerts Subscribe to onsemi’s newsletter for press releases, inspiring stories, and more, tailored to your interests. Join Newsletter Connect With Us Follow onsemi on LinkedIn , Facebook , and YouTube for news, innovations, and community updates! Follow on LinkedIn Media Contacts Connect with our media team. Find regional media contacts for press inquiries and support. For general media inquiries contact us at&nbsp; media@onsemi.com Contact Us Show all results for Item Name New messag...",129,fetched,2026-08-11T03:18:34Z
17,Onsemi,onsemi,https://www.onsemi.com/company/newsroom/featured-stories/industrial,Onsemi - Press-filtered Newsroom / Press Releases,2026-08-11T00:00:00Z,2026-08-11T03:18:34Z,official_page,https://www.onsemi.com/company/newsroom/news-and-insights?type=press,official,10,https://www.onsemi.com/company/newsroom/news-and-insights?type=press,"Industrial Show side navigation Loading... Filter: All Years All Categories All Categories Automotive Industrial Data Center Innovation Company All Categories Automotive Industrial Data Center Innovation Company No Results Found We're sorry, we couldn't find any matches for that search term. Keep in Touch News Alerts Subscribe to onsemi’s newsletter for press releases, inspiring stories, and more, tailored to your interests. Join Newsletter Connect With Us Follow onsemi on LinkedIn , Facebook , and YouTube for news, innovations, and community updates! Follow on LinkedIn Media Contacts Connect with our media team. Find regional media contacts for press inquiries and support. For general media inquiries contact us at&nbsp; media@onsemi.com Contact Us Show all results for Item Name New messag...",129,fetched,2026-08-11T03:18:34Z
17,Onsemi,onsemi,https://www.onsemi.com/company/newsroom/featured-stories/data-center,Onsemi - Press-filtered Newsroom / Press Releases,2026-08-11T00:00:00Z,2026-08-11T03:18:34Z,official_page,https://www.onsemi.com/company/newsroom/news-and-insights?type=press,official,10,https://www.onsemi.com/company/newsroom/news-and-insights?type=press,"Data Center Show side navigation Loading... Filter: All Years 2026 All Categories All Categories Automotive Industrial Data Center Innovation Company All Categories Automotive Industrial Data Center Innovation Company Recent Data Center Featured Stories Explore more of onsemi's latest innovations, sustainability, and employee stories. July 14, 2026 Power Semiconductors: The Hidden Technology Powering the AI Infrastructure Boom Read Article July 14, 2026 The Emerging Way to Conquer Power Challenges in AI Data Centers July 13, 2026 As AI Drives Power Demand, onsemi Pushes Efficiency to the Center of Its Strategy Keep in Touch News Alerts Subscribe to onsemi’s newsletter for press releases, inspiring stories, and more, tailored to your interests. Join Newsletter Connect With Us Follow onsemi...",178,fetched,2026-08-11T03:18:34Z
17,Onsemi,onsemi,https://www.onsemi.com/company/newsroom/featured-stories/innovation,Onsemi - Press-filtered Newsroom / Press Releases,2026-08-11T00:00:00Z,2026-08-11T03:18:34Z,official_page,https://www.onsemi.com/company/newsroom/news-and-insights?type=press,official,10,https://www.onsemi.com/company/newsroom/news-and-insights?type=press,"Innovation Show side navigation Loading... Filter: All Years All Categories All Categories Automotive Industrial Data Center Innovation Company All Categories Automotive Industrial Data Center Innovation Company No Results Found We're sorry, we couldn't find any matches for that search term. Keep in Touch News Alerts Subscribe to onsemi’s newsletter for press releases, inspiring stories, and more, tailored to your interests. Join Newsletter Connect With Us Follow onsemi on LinkedIn , Facebook , and YouTube for news, innovations, and community updates! Follow on LinkedIn Media Contacts Connect with our media team. Find regional media contacts for press inquiries and support. For general media inquiries contact us at&nbsp; media@onsemi.com Contact Us Show all results for Item Name New messag...",129,fetched,2026-08-11T03:18:34Z
8,Dupont,"DuPont de Nemours, Inc. - 4 - Statement of Changes in Beneficial Ownership",https://www.investors.dupont.com/investors/dupont-investors/filings-and-reports/sec-filings-details/default.aspx?FilingId=19682732,Dupont - Filings and Reports / Regulatory Filings / Reports RSS,2026-08-10T04:00:00Z,2026-08-11T03:18:34Z,official_feed_discovered,https://www.investors.dupont.com/rss/SECFiling.aspx?Exchange=CIK&Symbol=0001666700,official,10,https://www.investors.dupont.com/rss/SECFiling.aspx?Exchange=CIK&Symbol=0001666700,"Quick links DuPont.com Product Finder Events Careers var switchTo5x=true; August 10, 2026 Form 4 Statement of Changes in Beneficial Ownership PDF format download (opens in new window) Excel format download (opens in new window) Resources Featured Events All Events Featured Reports All Reports Email Alerts Sign up now to receive up-to-date info for press releases, events, end-of-day stock quote. Email Address * Mailing Lists * Press Release SEC Filing Presentation Event End of Day Stock Quote &nbsp; Enter the code shown above. *",83,fetched,2026-08-11T03:18:34Z
13,BorgWarner,BorgWarner Announces Cash Tender Offers for its Senior Notes,https://www.borgwarner.com/newsroom/press-releases/2026/08/10/borgwarner-announces-cash-tender-offers-for-its-senior-notes,BorgWarner - Press Releases / Press Releases,2026-08-10T00:00:00Z,2026-08-11T03:18:34Z,official_page,https://www.borgwarner.com/newsroom/press-releases,official,10,https://www.borgwarner.com/newsroom/press-releases,"Skip to main content BorgWarner Announces Cash Tender Offers for its Senior Notes Auburn Hills, Michigan, August 10, 2026 &ndash; BorgWarner Inc. (NYSE: BWA) (the &ldquo;Company&rdquo;) today announced that it has commenced tender offers to purchase for cash the debt securities issued by the Company referred to below (collectively, the &ldquo;Notes,&rdquo; and each a &ldquo;Series&rdquo;), in each case upon the terms and subject to the conditions set forth in the Offer to Purchase dated August 10, 2026 (the &ldquo;Offer to Purchase&rdquo;). The Company is making the Tender Offers as a balanced capital allocation strategy intended to grow the long-term earnings of the Company. Series of Notes CUSIP/ISIN Number (1) Aggregate Principal Amount Outstanding&nbsp; &nbsp;Offer Sub Cap (2) Acceptan...",1743,fetched,2026-08-11T03:18:34Z
22,Boeing,"Archer to Shape Physical AI Future of Aerospace and Defense with Acquisition of Boeing's Wisk Aero, Insitu and SkyGrid Subsidiaries; Boeing to Invest in Archer and Collaborate","https://boeing.mediaroom.com/2026-08-10-Archer-to-Shape-Physical-AI-Future-of-Aerospace-and-Defense-with-Acquisition-of-Boeings-Wisk-Aero,-Insitu-and-SkyGrid-Subsidiaries-Boeing-to-Invest-in-Archer-and-Collaborate",Boeing - News Releases and Statements / Press Releases / Statements,2026-08-10T00:00:00Z,2026-08-11T03:18:34Z,official_page,https://boeing.mediaroom.com/news-releases-statements,official,10,https://boeing.mediaroom.com/news-releases-statements,"--> News Releases --> Archer to Shape Physical AI Future of Aerospace and Defense with Acquisition of Boeing's Wisk Aero, Insitu and SkyGrid Subsidiaries; Boeing to Invest in Archer and Collaborate Transaction creates an end-to-end physical AI platform for aerospace and defense. Adds a profitable defense business generating over $200M in annual revenue 1 , with operations across 35 countries, to Archer's portfolio. Combines Wisk, SkyGrid and Insitu's pioneering autonomy and airspace intelligence software with Archer's leading purpose-built AI foundation model for aerospace and defense, ZEE. Boeing to take stake and become a strategic partner to Archer; establishes ongoing Archer and Boeing collaboration and technology sharing arrangement. ARLINGTON, Va. and SILICON VALLEY, Calif. , Aug. 10...",1507,fetched,2026-08-11T03:18:34Z
12,Chemours,"Chemours Launches Opteon™ ZE and Opteon™ 515B Refrigerants for Chiller Applications Powering Data Centers, Commercial Buildings, and Other Mission Critical Environments",https://investors.chemours.com/news-releases/news-release-details/chemours-launches-opteontm-ze-and-opteontm-515b-refrigerants,Chemours - News Releases / Press Releases,2026-08-09T15:00:00Z,2026-08-11T03:18:34Z,official_page,https://investors.chemours.com/news-releases,official,10,https://investors.chemours.com/news-releases,"Skip to main navigation Chemours Launches Opteon™ ZE and Opteon™ 515B Refrigerants for Chiller Applications Powering Data Centers, Commercial Buildings, and Other Mission Critical Environments August 10, 2026 PDF Version New additions to the Opteon™ portfolio support high-performance, sustainable cooling solutions in stationary chillers for AI-driven data centers, and commercial HVAC applications WILMINGTON, Del. , Aug. 10, 2026 /PRNewswire/ -- The Chemours Company (Chemours) (NYSE: CC), a global chemistry company, today announced the launch of Opteon™ ZE (R-1234ze(E)) and Opteon™ 515B (R-515B) for stationary chiller applications. The products further expand the industry-leading Opteon™ portfolio and provide customers with additional low-global warming potential (GWP) refrigerant options f...",1082,fetched,2026-08-11T03:18:34Z
34,Infineon,Q3 FY 2026 concluded with record sales driven by strong AI business; further significant increase in revenue and margin expected in Q4 FY 2026,https://www.infineon.com/press-release/2026/infpr202608-125,Infineon - Press / Press Releases / Media,2026-08-09T15:00:00Z,2026-08-11T03:18:34Z,official_page,https://www.infineon.com/about/press,official,10,https://www.infineon.com/about/press,"English 中文 日本語 Deutsch Login Register Close { ""default"" : { ""title"" : ""Login or register"", ""description"" : ""Please log in with an existing account or create a new one."" }, ""bookmark"" : { ""title"" : ""Save your favorite pages in one place!"", ""description"" : ""Log in or create a myInfineon account to bookmark this page and access it anytime from your dashboard. "" }, ""gated_document"" : { ""title"" : ""Unlock unlimited access to valuable documents!"", ""description"" : ""Log in or sign up to download this document and enjoy unlimited access to valuable resources."" }, ""gated_video"" : { ""title"" : ""Access exclusive videos!"", ""description"" : ""Log in or create a myInfineon account to watch this video and explore more video content and downloads. Don’t miss out—register now!"" }, ""event_registration"" : { ""titl...",834,fetched,2026-08-11T03:18:34Z
34,Infineon,Infineon to start limited Share Buyback Program serving fulfillment of obligations under existing employee participation programs,https://www.infineon.com/press-release/2026/infpr202608-128,Infineon - Press / Press Releases / Media,2026-08-09T15:00:00Z,2026-08-11T03:18:34Z,official_page,https://www.infineon.com/about/press,official,10,https://www.infineon.com/about/press,"English Deutsch Login Register Close { ""default"" : { ""title"" : ""Login or register"", ""description"" : ""Please log in with an existing account or create a new one."" }, ""bookmark"" : { ""title"" : ""Save your favorite pages in one place!"", ""description"" : ""Log in or create a myInfineon account to bookmark this page and access it anytime from your dashboard. "" }, ""gated_document"" : { ""title"" : ""Unlock unlimited access to valuable documents!"", ""description"" : ""Log in or sign up to download this document and enjoy unlimited access to valuable resources."" }, ""gated_video"" : { ""title"" : ""Access exclusive videos!"", ""description"" : ""Log in or create a myInfineon account to watch this video and explore more video content and downloads. Don’t miss out—register now!"" }, ""event_registration"" : { ""title"" : ""R...",847,fetched,2026-08-11T03:18:34Z
63,DNP,2027年3月期 第1四半期 決算短信を掲載しました。,https://www.dnp.co.jp/ir/library/result/?from=rss,DNP - Corporate News / Newsroom / News RSS,2026-08-07T06:36:00Z,2026-08-11T03:18:34Z,official_feed_discovered,https://www.dnp.co.jp/news/rss_topics_jp.xml,official,10,https://www.dnp.co.jp/news/rss_topics_jp.xml,決算短信 四半期ごとの財務諸表、営業概況などを掲載していきます。 今年度の決算短信 過去の決算短信 ページトップへ CLOSE We have detected you are accessing from a location outside Japan. Please choose one of the following: Go to global site Continue browsing this site,31,fetched,2026-08-11T03:18:34Z
63,DNP,2027年3月期 第1四半期 決算補足説明資料を掲載しました。,https://www.dnp.co.jp/ir/library/presentation/index.html?from=rss,DNP - Corporate News / Newsroom / News RSS,2026-08-07T06:35:00Z,2026-08-11T03:18:34Z,official_feed_discovered,https://www.dnp.co.jp/news/rss_topics_jp.xml,official,10,https://www.dnp.co.jp/news/rss_topics_jp.xml,"説明会・決算補足資料 機関投資家･アナリスト向け説明会で使用・配布した資料および質疑応答を掲載しています。 2027年3月期 第1四半期決算補足資料 （ 2026年8月7日 ） 説明資料 [730 KB] (PDFを開く) DNPグループ IR-Day 2026 （ 2026年7月13日 ） DNPグループIR-Day 2026（2026年7月13日）動画 (別ウィンドウで開く) プレゼンテーション資料 [11,127 KB] (PDFを開く) プレゼンテーション資料(スクリプト付) [11,735 KB] (PDFを開く) 質疑応答要旨 [357 KB] (PDFを開く) 2026年3月期 通期決算及び新中期経営計画説明会 （ 2026年5月15日 ） 通期決算及び新中期経営計画説明会(2026年5月15日)動画 (別ウィンドウで開く) プレゼンテーション資料 [1,824 KB] (PDFを開く) プレゼンテーション資料(スクリプト付) [10,301 KB] (PDFを開く) 質疑応答要旨 (PDFを開く) 新中期経営計画骨子説明会 （ 2026年3月17日 ） 新中期経営計画骨子説明会(2026年3月17日)動画 (別ウィンドウで開く) プレゼンテーション資料 [857 KB] (PDFを開く) プレゼンテーション資料(スクリプト付) [2,395 KB] (PDFを開く) 質疑応答要旨 [320 KB] (PDFを開く) 第3四半期決算補足資料 （ 2026年2月13日 ） 説明資料 [549 KB] (PDFを開く) 第2四半期（中間期）決算説明会 （ 2025年11月14日 ） 第2四半期（中間期）決算説明会（2025年11月14日） 動画 (別ウィンドウで開く) プレゼンテーション資料 [752 KB] (PDFを開く) プレゼンテーション資料(スクリプト付...",514,fetched,2026-08-11T03:18:34Z
63,DNP,令和8年熊本地震の被災地に対する復旧・復興支援について,https://www.dnp.co.jp/news/detail/20178513_1587.html?from=rss,DNP - Corporate News / Newsroom / News RSS,2026-08-07T05:00:00Z,2026-08-11T03:18:34Z,official_feed_discovered,https://www.dnp.co.jp/news/rss_topics_jp.xml,official,10,https://www.dnp.co.jp/news/rss_topics_jp.xml,"2026年8月7日 令和8年熊本地震の被災地に対する復旧・復興支援について 企業情報 2026年7月28日に熊本県熊本地方で発生した「令和8年熊本地震」により、お亡くなりになった方々に謹んでお悔み申し上げますとともに、被災されました皆さまに心よりお見舞い申し上げます。 また、酷暑の中被災者の救済活動や被災地の復旧・復興にご尽力されている皆さまに、深く敬意を表します。 大日本印刷株式会社（DNP）は、「令和8年熊本地震」の被災地の一日も早い復旧・復興を支援するため、2026年8月7日に1,000万円の寄付を行いました。なお、寄付先は、国内外の自然災害等に対する緊急人道支援に取り組む特定非営利活動法人ジャパン・プラットフォーム（JPF）です。 また、全国のDNPグループの社員食堂で、熊本県にちなんだ「復興応援メニュー」を提供し、その売上の一部を寄付します。加えて、各拠点に募金箱を設置し、社員からの寄付を募るなど、継続的な支援を行っていきます。 シェアする X（旧Twitter）にポスト（別ウインドウで開く） LinkedIn メール URLをコピー 印刷 ニューストップへ 検索・絞り込み 発表時期(年) 発表時期(年)を選択 2026年 2025年 2024年 2023年 2022年 2021年 2020年 2019年 2018年 2017年 2016年 2015年 2014年 発表時期(月) 発表時期(月)を選択 1月 2月 3月 4月 5月 6月 7月 8月 9月 10月 11月 12月 ニュース内検索 注目のトレンドタグ 人的資本 地域創生・まちづくり DX 認証・セキュリティ メタバース カテゴリ 企業情報 製品・サービス 研究開発 グローバル展開 IR サステナビリティ イベント 外部メディア掲載 グループ会社・関連企業からのお知らせ カーブアウト企業 製品・サービス...",116,fetched,2026-08-11T03:18:34Z
14,DOW,Dow - SC 13G - Statement of Ownership,https://investors.dow.com/en/reporting/sec-filings-details/default.aspx?FilingId=19675616,DOW - Financial Reporting / Regulatory Filings / Financial Reporting RSS,2026-08-07T04:00:00Z,2026-08-11T03:18:34Z,official_feed_discovered,https://investors.dow.com/rss/SECFiling.aspx?Exchange=CIK&Symbol=0001751788,official,10,https://investors.dow.com/rss/SECFiling.aspx?Exchange=CIK&Symbol=0001751788,Dow Corporate,2,fetched,2026-08-11T03:18:34Z
64,Hitachi Metals,Support for Regions Affected by the 2026 Kumamoto Earthquake [PDF: ],https://www.proterial.com/e/press/2026/pdf/20260807en.pdf,Hitachi Metals - Proterial 2026 Press Releases / Press Releases,2026-08-07T00:00:00Z,2026-08-11T03:18:34Z,official_page,https://www.proterial.com/e/press/2026/,official,10,https://www.proterial.com/e/press/2026/,,,skipped_non_html,
23,3M,4 - Statement of changes in beneficial ownership of securities,https://investors.3m.com/financials/sec-filings/content/0000066740-26-000259/0000066740-26-000259.pdf,3M - SEC Filings / Regulatory Filings RSS,2026-08-06T20:22:54Z,2026-08-11T03:18:34Z,official_feed_discovered,https://investors.3m.com/financials/sec-filings/rss,official,10,https://investors.3m.com/financials/sec-filings/rss,,,skipped_non_html,
24,Ouster,Ouster Announces Upcoming Investor Events,https://investors.ouster.com/news-releases/news-release-details/ouster-announces-upcoming-investor-events-1,Ouster - News Releases / Press Releases,2026-08-06T15:00:00Z,2026-08-11T03:18:34Z,official_page,https://investors.ouster.com/news-events/news-releases,official,10,https://investors.ouster.com/news-events/news-releases,"Skip to main navigation Ouster acquires StereoLabs. Learn More Ouster Announces Upcoming Investor Events August 7, 2026 PDF Version SAN FRANCISCO --(BUSINESS WIRE)--Aug. 7, 2026-- Ouster, Inc. (Nasdaq: OUST) (“Ouster” or the “Company”), a leader in sensing and perception for Physical AI, today announced that Ouster management will participate in the following investor events: Event: Oppenheimer 29th Annual Technology, Internet & Communications Conference (Virtual) Date: August 11, 2026 Presentation: 2:55 p.m. ET / 11:55 a.m. PT Participants: Ken Gianella , CFO, and Chen Geng , SVP, Strategic Finance & Treasurer Event: Rosenblatt Securities' 6th Annual Age of AI Scaling Summit (Virtual) Date: August 18, 2026 Participants: Ken Gianella , CFO, and Chen Geng , SVP, Strategic Finance & Treasure...",277,fetched,2026-08-11T03:18:34Z
72,Mitsubishi Chemical,"Aug. 7, 2026 Financial Results Notice Regarding Completion of Interim review of the Japanese Originals of the “Consolidated Financial Results for the First Quarter of the Fiscal Year Ending March 31, 2027 (Under IFRS)” by certified public accountants, etc. NEW",https://www.mcgc.com/english/ir/pdf/02743/02973.pdf,Mitsubishi Chemical - News Releases / Press Releases,2026-08-06T15:00:00Z,2026-08-11T03:18:34Z,official_page,https://www.mcgc.com/english/news_release/,official,10,https://www.mcgc.com/english/news_release/,,,skipped_non_html,
73,Sumitomo Chemical,News Releases,https://www.sumitomo-chem.co.jp/english/news/,Sumitomo Chemical - News Releases Filter / Press Releases,2026-08-06T15:00:00Z,2026-08-11T03:18:34Z,official_page,https://www.sumitomo-chem.co.jp/english/news/category/newsreleases/,official,10,https://www.sumitomo-chem.co.jp/english/news/category/newsreleases/,"News Releases News Releases All Announcements News Releases Business & Products IR Sustainability All Announcements News Releases Business & Products IR Sustainability RSS Aug. 7, 2026 IR Announcement Regarding Report on the Group (Additional Explanation Regarding the Report ""Sumitomo Chemical and Sumitomo Pharmaceutical: The ¥116 billion Swiss Shuffle"") Aug. 5, 2026 Business & Products Sumitomo Chemical Group Acquires Subsidiary of COPYR Engaged in Natural Pyrethrin-Based Plant Protection Business Aug. 4, 2026 IR Announcement Regarding Report on the Group Aug. 4, 2026 IR Summary of Consolidated Financial Results for First Quarter Fiscal Year 2026 Aug. 3, 2026 IR Notice Concerning the Determination of the Amount of the Reduction of Capital Reserves Increased through the Share Exchange and...",455,fetched,2026-08-11T03:18:34Z
73,Sumitomo Chemical,News Releases,https://www.sumitomo-chem.co.jp/english/news/category/newsreleases/,Sumitomo Chemical - News Releases Filter / Press Releases,2026-08-06T15:00:00Z,2026-08-11T03:18:34Z,official_page,https://www.sumitomo-chem.co.jp/english/news/category/newsreleases/,official,10,https://www.sumitomo-chem.co.jp/english/news/category/newsreleases/,"News Releases News Releases News Releases All Announcements News Releases Business & Products IR Sustainability All Announcements News Releases Business & Products IR Sustainability RSS Aug. 7, 2026 IR Announcement Regarding Report on the Group (Additional Explanation Regarding the Report ""Sumitomo Chemical and Sumitomo Pharmaceutical: The ¥116 billion Swiss Shuffle"") Aug. 5, 2026 Business & Products Sumitomo Chemical Group Acquires Subsidiary of COPYR Engaged in Natural Pyrethrin-Based Plant Protection Business Aug. 4, 2026 IR Announcement Regarding Report on the Group Aug. 4, 2026 IR Summary of Consolidated Financial Results for First Quarter Fiscal Year 2026 Aug. 3, 2026 IR Notice Concerning the Determination of the Amount of the Reduction of Capital Reserves Increased through the Share...",501,fetched,2026-08-11T03:18:34Z
1,Australian Strategic Metals,WATCH: Diggers & Dealers 2026,https://asm-au.com/watch-diggers-dealers-2026/,Australian Strategic Metals - News / Newsroom / News RSS,2026-08-06T08:59:52Z,2026-08-11T03:18:34Z,official_feed_discovered,https://asm-au.com/feed/,official,10,https://asm-au.com/feed/,"Skip to content WATCH: Diggers & Dealers 2026 06/08/2026 As ASM progresses is proposed transaction with Energy Fuels towards completion, Managing Director & CEO Rowena Smith provided the 2026 Diggers & Dealers Mining Forum with an overview of how this potentially transformative transaction has come about. Watch Rowena’s full presentation below:",51,fetched,2026-08-11T03:18:34Z
2,Cognex,Cognex Corporation - 10-Q - Quarterly Report,https://investor.cognex.com/financial-reports/sec-filings/sec-filings-details/default.aspx?FilingId=19669845,Cognex - SEC Filings / Regulatory Filings RSS,2026-08-06T04:00:00Z,2026-08-11T03:18:34Z,official_feed_discovered,https://investor.cognex.com/rss/SECFiling.aspx?Exchange=CIK&Symbol=0000851205,official,10,https://investor.cognex.com/rss/SECFiling.aspx?Exchange=CIK&Symbol=0000851205,Financials - SEC Filings - SEC Filings Details - Investor Relations | Cognex,13,fetched,2026-08-11T03:18:34Z
63,DNP,株式会社Sincecore 対話ガバナンス基盤「シンミライナビ」の開発・営業体制を強化,https://www.dnp.co.jp/news/detail/20178500_1587.html?from=rss,DNP - Corporate News / Newsroom / News RSS,2026-08-06T02:30:00Z,2026-08-11T03:18:34Z,official_feed_discovered,https://www.dnp.co.jp/news/rss_topics_jp.xml,official,10,https://www.dnp.co.jp/news/rss_topics_jp.xml,2026年8月6日 株式会社Sincecore 対話ガバナンス基盤「シンミライナビ」の開発・営業体制を強化 グループ会社・関連企業からのお知らせ 大日本印刷株式会社（DNP）からカーブアウトした企業である株式会社Sincecore（シンスコア、本社：東京 代表取締役：佐藤英吾）は、企業の内部通報対応をはじめとする「高リスク面談」を支援する対話ガバナンス基盤「シンミライナビ」の提供開始に向け、開発・営業体制を強化します。2026年7月31日にカーブアウト元であるDNPからの出資を受け、事業化を加速します。 詳細は以下ニュースリリースをご覧ください。&nbsp; https://sincecore.com/news/20260806.pdf シェアする X（旧Twitter）にポスト（別ウインドウで開く） LinkedIn メール URLをコピー 印刷 ニューストップへ 検索・絞り込み 発表時期(年) 発表時期(年)を選択 2026年 2025年 2024年 2023年 2022年 2021年 2020年 2019年 2018年 2017年 2016年 2015年 2014年 発表時期(月) 発表時期(月)を選択 1月 2月 3月 4月 5月 6月 7月 8月 9月 10月 11月 12月 ニュース内検索 注目のトレンドタグ 人的資本 地域創生・まちづくり DX 認証・セキュリティ メタバース カテゴリ 企業情報 製品・サービス 研究開発 グローバル展開 IR サステナビリティ イベント 外部メディア掲載 グループ会社・関連企業からのお知らせ カーブアウト企業 製品・サービスの16カテゴリで絞り込む 認証・セキュリティ マーケティング・販促 印刷・出版 BPO(ビジネス・プロセス・アウトソーシング) フォト・イメージング コーポレートコミュニケーション XR 決済・カード 教育...,117,fetched,2026-08-11T03:18:34Z
63,DNP,東南アジアを代表する医療・ヘルスケア展示会「Medical Fair Asia 2026」に出展,https://www.dnp.co.jp/news/detail/20178501_1587.html?from=rss,DNP - Corporate News / Newsroom / News RSS,2026-08-06T01:00:00Z,2026-08-11T03:18:34Z,official_feed_discovered,https://www.dnp.co.jp/news/rss_topics_jp.xml,official,10,https://www.dnp.co.jp/news/rss_topics_jp.xml,"2026年8月6日 東南アジアを代表する医療・ヘルスケア展示会「Medical Fair Asia 2026」に出展 医療機器業界向けのパッケージを紹介 イベント 製品・サービス パッケージ 健康・医療 メディカル・ヘルスケア 大日本印刷株式会社（DNP）は、2026年9月9日（水）～11日（金）にシンガポールで開催される「Medical Fair Asia 2026」に出展します。東南アジアでの出展は昨年の｢MEDICAL FAIR THAILAND 2025」に引き続き2度目となります。 DNPは医薬品・医療機器業界に向けて、高度な製造技術と品質管理を活かした製品・サービスを提供しています。今回の展示会では、滅菌袋や、リサイクル工程での選別性と再資源化適性を高めた設計であるモノマテリアル（単一素材）包材など、医薬・医療関連のパッケージを展示し、各製品を通じて医薬品・医療機器などの品質保持に貢献します。 ＊ DNPが出展する製品について&nbsp;&rarr; https://www.dnp.co.jp/biz/theme2/20175603_4987.html DNP医療用滅菌包材 【｢Medical Fair Asia 2026」出展情報】 ○会期 ： 2026年9月9日（水）～11日（金） 10時～18時（最終日のみ17時まで） ○会場 ： Marina Bay Sands, Singapore (Sands Expo and Convention Centre) ○DNPブース番号 ： 2M24 ○展示会のWebサイト（英語） ： https://www.medicalfair-asia.com/ 【出展の狙い】 本展示会では、医薬品・医療機器関連の企業に向けて、医療機器向けに展開している「DNP医療用滅菌包材」やモノマテリアル包材などを中心に出展します。 【主な...",206,fetched,2026-08-11T03:18:34Z
2,Cognex,Cognex Reports Second Quarter 2026 Results,/files/doc_earnings/2026/q2/earnings-result/cognex-press-release-q2-26.pdf,Cognex - News / Investor News / Press Releases RSS,2026-08-05T20:30:00Z,2026-08-11T03:18:34Z,official_feed_discovered,https://investor.cognex.com/rss/pressrelease.aspx,official,10,https://investor.cognex.com/rss/pressrelease.aspx,,,skipped_non_html,
23,3M,144 - Report of proposed sale of securities,https://investors.3m.com/financials/sec-filings/content/0001959173-26-005671/0001959173-26-005671.pdf,3M - SEC Filings / Regulatory Filings RSS,2026-08-05T19:00:02Z,2026-08-11T03:18:34Z,official_feed_discovered,https://investors.3m.com/financials/sec-filings/rss,official,10,https://investors.3m.com/financials/sec-filings/rss,,,skipped_non_html,
58,Veolia,Information relative au nombre total de droits de vote et d’actions composant le capital social au 31 juillet 2026,https://www.veolia.com/en/veolia-group/finance/press-releases/information-relating-total-number-voting-rights-forming-shar-e,Veolia - Financial Press Releases / Financial Press Releases RSS,2026-08-05T16:03:40Z,2026-08-11T03:18:34Z,official_feed_discovered,https://www.veolia.com/en/rss-site-updates,official,10,https://www.veolia.com/en/rss-site-updates,"Skip to main content Home Finance Press releases Information relating to the total number of voting rights forming the shar e capital on July 31, 2026 Listen Information relating to the total number of voting rights forming the shar e capital on July 31, 2026 Press releases listing PDF Information relating to the total number of voting rights forming the share capital on July 31, 2026 (331.83 KB) Top",69,fetched,2026-08-11T03:18:34Z
24,Ouster,Ouster Announces Results for Second Quarter 2026,https://investors.ouster.com/news-releases/news-release-details/ouster-announces-results-second-quarter-2026,Ouster - News Releases / Press Releases,2026-08-05T15:00:00Z,2026-08-11T03:18:34Z,official_page,https://investors.ouster.com/news-events/news-releases,official,10,https://investors.ouster.com/news-events/news-releases,"Skip to main navigation Ouster acquires StereoLabs. Learn More Ouster Announces Results for Second Quarter 2026 August 6, 2026 PDF Version Record product revenue, achieving 14th straight quarter of growth Lidar and camera shipments of more than 17,000 units SAN FRANCISCO --(BUSINESS WIRE)--Aug. 6, 2026-- Ouster, Inc . (Nasdaq: OUST) (“Ouster” or the “Company”), a leader in sensing and perception for Physical AI, announced financial results for the three months ended June 30, 2026 . “We delivered a strong second quarter, with $55 million in revenue and more than 17,000 total sensors shipped. These results reflect the strength of our unified sensing and perception platform and the continued momentum we have been seeing across our markets. Customers around the world have continued to scale th...",3124,fetched,2026-08-11T03:18:34Z
29,Besi,&nbsp;,https://www.besi.com/investor-relations/press-releases/share-repurchases/,Besi - Press Releases / Press Releases,2026-08-05T15:00:00Z,2026-08-11T03:18:34Z,official_page,https://www.besi.com/investor-relations/press-releases/,official,10,https://www.besi.com/investor-relations/press-releases/,&nbsp; StockTicker Navigatie is gesloten Company Company Profile Strategy Market Products & Services Company Overview Organization Executive Management Supervisory Board Sustainability Products & Technology Die Attach Hybrid Bonding Datacon 8800 CHAMEO ultra plus AC Thermo Compression Bonding 9800 TC next Multi Module Attach Datacon 2200 evo Datacon 2200 evo plus Datacon 2200 evo hF Datacon 2200 evo hS Datacon 2200 evo advanced Die Bonding Esec 2100 hS iXplus Esec 2100 sD advanced i Esec 2100 hS i Esec 2100 hS Esec 2100 SC Strip Mapping E142 on Esec Die Bonder Soft Solder Die Bonding Esec 2100 SSI Esec 2009 SSI E Esec 2009 fS E Flip Chip Datacon 8800 FC QUANTUM advanced Datacon 8800 FC QUANTUM advX Datacon 8800 CHAMEO advanced Esec 2100 FC hS Packaging Molding AMS-X MMS-X Fico Molding Line...,708,fetched,2026-08-11T03:18:34Z
13,BorgWarner,BorgWarner Secures New Variable Cam Timing Program Awards in Europe and China,https://www.borgwarner.com/newsroom/press-releases/2026/08/05/borgwarner-secures-new-variable-cam-timing-program-awards-in-europe-and-china,BorgWarner - Press Releases / Press Releases,2026-08-05T00:00:00Z,2026-08-11T03:18:34Z,official_page,https://www.borgwarner.com/newsroom/press-releases,official,10,https://www.borgwarner.com/newsroom/press-releases,"Skip to main content BorgWarner Secures New Variable Cam Timing Program Awards in Europe and China Program life extension and significant volume increase for a leading European premium OEM&rsquo;s V6 hybrid and gasoline engine family Conquest win for a major Chinese OEM&rsquo;s high volume 1.5-liter turbocharged gasoline engine family Center-bolt torsional assistance with Variable Cam Timing enables faster cam phasing response and lower oil consumption Auburn Hills, Michigan, August 5, 2026 &ndash; BorgWarner continues to expand its variable cam timing (VCT) business with new program awards in Europe and China. The wins include a program life extension and significant volume increase for a leading European premium OEM&rsquo;s V6 engine family and a conquest win for a major Chinese OEM&rsqu...",401,fetched,2026-08-11T03:18:34Z
13,BorgWarner,"BorgWarner Reports Strong Second Quarter 2026 Results, Increases 2026 Adjusted EPS Guidance and Share Repurchase Authorization By $1 Billion, Announces 7 Awards Across Portfolio to Support Long-Term Profitable Growth",https://www.borgwarner.com/newsroom/press-releases/2026/08/05/borgwarner-reports-strong-second-quarter-2026-results--increases-2026-adjusted-eps-guidance-and-share-repurchase-authorization-by--1-billion--announces-7-awards-across-portfolio-to-support-long-term-profitable-growth,BorgWarner - Press Releases / Press Releases,2026-08-05T00:00:00Z,2026-08-11T03:18:34Z,official_page,https://www.borgwarner.com/newsroom/press-releases,official,10,https://www.borgwarner.com/newsroom/press-releases,"Skip to main content BorgWarner Reports Strong Second Quarter 2026 Results, Increases 2026 Adjusted EPS Guidance and Share Repurchase Authorization By $1 Billion, Announces 7 Awards Across Portfolio to Support Long-Term Profitable Growth Auburn Hills, Michigan, August 5, 2026 &ndash; BorgWarner Inc. (NYSE: BWA) today reported second quarter results for 2026. Second Quarter Results and Business Update BorgWarner&rsquo;s (the &ldquo;Company&rdquo;) U.S. GAAP net sales increased approximately 0.3%, while organic net sales decreased approximately 1.2%, year-over-year compared with the second quarter of 2025. Excluding the decline in Battery Energy Systems segment sales of approximately $60 million, the Company&rsquo;s organic net sales were up modestly year-over-year. The Company achieved a U....",1314,fetched,2026-08-11T03:18:34Z
69,Shin-Etsu Chemicals,"2026.08.05 IR Summary of Telephone Conference on Financial Results for the First Quarter Ended June 30, 2026",https://www.shinetsu.co.jp/en/ir/ir-data/ir-briefing/,Shin-Etsu Chemicals - News Releases / Press Releases,2026-08-05T00:00:00Z,2026-08-11T03:18:34Z,official_page,https://www.shinetsu.co.jp/en/category/news/news-release/,official,10,https://www.shinetsu.co.jp/en/category/news/news-release/,"日本語 English Company Company Company Profile Company History Organization Corporate Governance Global Network Quality Control Research and Development Procurement Business & Products Business & Products Business Segment Product Search Product Sites Catalogs Investors Investors Management Policy Financial Highlights IR Library Stock Information General Meeting of Shareholders IR Calendar Sustainability Sustainability AI-Driven Future Environment and Safety First at Shintech Management Foundation Legal Compliance Environment Social Sustainability Report Sustainability Data News &times; Financial Summary, Q&A Summary Home > Investors > IR Library > Financial Summary, Q&A Summary 2026 2025 2024 2023 2022 2021 2020 2019 2018 2017 2016 2015 2014 2013 2012 2026 2025 2024 2023 2022 2021 2020 2019 2...",1086,fetched,2026-08-11T03:18:34Z
4,Charles River,Charles River Laboratories Announces Second-Quarter 2026 Results,https://ir.criver.com/news-releases/news-release-details/charles-river-laboratories-announces-second-quarter-2026-results,Charles River - News Releases / Press Releases,2026-08-04T15:00:00Z,2026-08-11T03:18:34Z,official_page,https://ir.criver.com/news-releases/,official,10,https://ir.criver.com/news-releases/,"Skip to main navigation Investor Relations Charles River provides essential products and services to help pharmaceutical and biotechnology companies, government agencies and leading academic institutions around the globe accelerate their research and drug development efforts. Our dedicated employees are focused on providing clients with exactly what they need to improve and expedite the discovery, early-stage development and safe manufacture of new therapies for the patients who need them. News Release &nbsp;View printer-friendly version Charles River Laboratories Announces Second-Quarter 2026 Results Download PDF 477.6 KB WILMINGTON, Mass. --(BUSINESS WIRE)--Aug. 5, 2026-- Charles River Laboratories International, Inc. (NYSE: CRL) today reported its results for the second quarter ended Ju...",6239,fetched,2026-08-11T03:18:34Z
22,Boeing,Air Force greenlights long-range JDAM production,https://boeing.mediaroom.com/news-releases-statements?item=131704,Boeing - News Releases and Statements / Press Releases / Statements,2026-08-04T15:00:00Z,2026-08-11T03:18:34Z,official_page,https://boeing.mediaroom.com/news-releases-statements,official,10,https://boeing.mediaroom.com/news-releases-statements,"--> News Releases --> Air Force greenlights long-range JDAM production - Boeing cleared for production of new GBU-75 Joint Direct Attack Munition Long Range (JDAM LR) - Extends range to more than 300 nautical miles p ~ p|.wd_body > p""> View File Download File Boeing’s JDAM LR builds on the JDAM family of weapons with low-cost precision strike at long range (U.S. Navy photo) ST. CHARLES, Mo., Aug. 5, 2026 &ndash; The U.S. Air Force has awarded Boeing [NYSE:BA] a $75 million Undefinitized Contract Action (UCA) to acquire the BSU-111/B Payload Delivery Unit (PDU) Joint Direct Attack Munition Long Range (JDAM LR), a precision-guided munition that can travel over 300 nautical miles with a 500-pound class (226-kilogram) payload. The UCA follows Boeing&rsquo;s nearly $100 million internal investm...",423,fetched,2026-08-11T03:18:34Z
34,Infineon,Infineon and LS ELECTRIC collaborate to advance high-efficiency direct current power solutions for AI data centers,https://www.infineon.com/press-release/2026/infpr202607-121,Infineon - Press / Press Releases / Media,2026-08-04T15:00:00Z,2026-08-11T03:18:34Z,official_page,https://www.infineon.com/about/press,official,10,https://www.infineon.com/about/press,"English 中文 日本語 Deutsch Login Register Close { ""default"" : { ""title"" : ""Login or register"", ""description"" : ""Please log in with an existing account or create a new one."" }, ""bookmark"" : { ""title"" : ""Save your favorite pages in one place!"", ""description"" : ""Log in or create a myInfineon account to bookmark this page and access it anytime from your dashboard. "" }, ""gated_document"" : { ""title"" : ""Unlock unlimited access to valuable documents!"", ""description"" : ""Log in or sign up to download this document and enjoy unlimited access to valuable resources."" }, ""gated_video"" : { ""title"" : ""Access exclusive videos!"", ""description"" : ""Log in or create a myInfineon account to watch this video and explore more video content and downloads. Don’t miss out—register now!"" }, ""event_registration"" : { ""titl...",1039,fetched,2026-08-11T03:18:34Z
73,Sumitomo Chemical,Business & Products,https://www.sumitomo-chem.co.jp/english/news/category/products/,Sumitomo Chemical - News Releases Filter / Press Releases,2026-08-04T15:00:00Z,2026-08-11T03:18:34Z,official_page,https://www.sumitomo-chem.co.jp/english/news/category/newsreleases/,official,10,https://www.sumitomo-chem.co.jp/english/news/category/newsreleases/,"News Releases Business & Products News Releases All Announcements News Releases Business & Products IR Sustainability All Announcements News Releases Business & Products IR Sustainability RSS Aug. 5, 2026 Business & Products Sumitomo Chemical Group Acquires Subsidiary of COPYR Engaged in Natural Pyrethrin-Based Plant Protection Business Jul. 9, 2026 Business & Products Sumitomo Chemical Submits Registration Applications for New Fungicide Bifemetstrobin Jul. 2, 2026 Business & Products Sumitomo Chemical Subsidiary to Establish of a Joint Venture with Samsung Electro-Mechanics for the Glass Core Substrate Business Jointly Promoting the Next-Generation Core Substrate Business for Advanced Semiconductor Packages Jul. 2, 2026 Business & Products Sumitomo Chemical Obtains Registration for New He...",618,fetched,2026-08-11T03:18:34Z
73,Sumitomo Chemical,Sustainability,https://www.sumitomo-chem.co.jp/english/news/category/sustainability/,Sumitomo Chemical - News Releases Filter / Press Releases,2026-08-04T15:00:00Z,2026-08-11T03:18:34Z,official_page,https://www.sumitomo-chem.co.jp/english/news/category/newsreleases/,official,10,https://www.sumitomo-chem.co.jp/english/news/category/newsreleases/,"News Releases Sustainability News Releases All Announcements News Releases Business & Products IR Sustainability All Announcements News Releases Business & Products IR Sustainability RSS Aug. 5, 2026 Business & Products Sumitomo Chemical Group Acquires Subsidiary of COPYR Engaged in Natural Pyrethrin-Based Plant Protection Business Jun. 30, 2026 Business & Products Large-Scale Low-Carbon Ammonia Supply Chain Plan Certified under Japan's ""Support focusing on the price gap"" schem - Low-carbon ammonia from India to advance decarbonization in Japan's power, chemical and industrial sectors - Feb. 5, 2026 Business & Products Lummus and Sumitomo Chemical Announce Commercial Availability of PMMA Chemical Recycling Technology Advanced technology enables closed loop PMMA and lower emissions for prod...",521,fetched,2026-08-11T03:18:34Z
58,Veolia,Data Center Resource 360 : Veolia lance sa nouvelle offre pour sécuriser le développement des infrastructures et leur impact positif sur les territoires,https://www.veolia.com/en/our-media/news/data-center-resource-360-new-offering-secure-infrastructure-development-positive-impact-communities,Veolia - Financial Press Releases / Financial Press Releases RSS,2026-08-04T10:12:11Z,2026-08-11T03:18:34Z,official_feed_discovered,https://www.veolia.com/en/rss-site-updates,official,10,https://www.veolia.com/en/rss-site-updates,"Skip to main content Home OUR MEDIA News Data Center Resource 360: Veolia launches its new offering to secure infrastructure development and its positive impact on communities Listen Data Center Resource 360: Veolia launches its new offering to secure infrastructure development and its positive impact on communities News listing 04 Aug. 2026 As the only player bringing together expertise in water, energy, and circular economy on a global scale, Veolia is launching Data Center Resource 360 , an integrated offering that supports operators and municipalities far beyond their infrastructure: from securing resources to local acceptance, while creating sustainable value for communities. The rise of artificial intelligence, cloud computing, and digital services is accelerating data center constru...",587,fetched,2026-08-11T03:18:34Z
13,BorgWarner,BorgWarner Wins Major Program with Next Generation Integrated Drive Module Technology,https://www.borgwarner.com/newsroom/press-releases/2026/08/04/borgwarner-wins-major-program-with-next-generation-integrated-drive-module-technology,BorgWarner - Press Releases / Press Releases,2026-08-04T00:00:00Z,2026-08-11T03:18:34Z,official_page,https://www.borgwarner.com/newsroom/press-releases,official,10,https://www.borgwarner.com/newsroom/press-releases,"Skip to main content BorgWarner Wins Major Program with Next Generation Integrated Drive Module Technology Combines BorgWarner&rsquo;s global technology strengths with localized development and manufacturing Reinforces BorgWarner&rsquo;s momentum in electrified propulsion through its latest integrated drive module (iDM) technology Next generation integrated drive module sets new benchmark in performance, efficiency, and system integration Auburn Hills, Michigan, August 4, 2026 &ndash; BorgWarner has secured a new integrated drive module award with a global OEM; production is expected to begin in 2027. This award reinforces BorgWarner&rsquo;s momentum in electrified propulsion, driven by its latest generation integrated drive module technology and high level of system integration. &ldquo;Th...",352,fetched,2026-08-11T03:18:34Z
5,Cytiva,Danaher Appoints Julie Sawyer Montgomery as President and Chief Executive Officer,https://investors.danaher.com/2026-08-03-Danaher-Appoints-Julie-Sawyer-Montgomery-as-President-and-Chief-Executive-Officer,Cytiva - Danaher Investor Relations / Investor Relations RSS,2026-08-03T20:15:00Z,2026-08-11T03:18:34Z,official_feed_discovered,https://investors.danaher.com/press-releases?pagetemplate=rss,official,10,https://investors.danaher.com/press-releases?pagetemplate=rss,", but this code // executes before the first paint, when is not yet present. The // classes are added to so styling immediately reflects the current // toolbar state. The classes are removed after the toolbar completes // initialization. const classesToAdd = ['toolbar-loading', 'toolbar-anti-flicker']; if (toolbarState) { const { orientation, hasActiveTab, isFixed, activeTray, activeTabId, isOriented, userButtonMinWidth } = toolbarState; classesToAdd.push( orientation ? `toolbar-` + orientation + `` : 'toolbar-horizontal', ); if (hasActiveTab !== false) { classesToAdd.push('toolbar-tray-open'); } if (isFixed) { classesToAdd.push('toolbar-fixed'); } if (isOriented) { classesToAdd.push('toolbar-oriented'); } if (activeTray) { // These styles are added so the active tab/tray styles are presen...",1939,fetched,2026-08-11T03:18:34Z
12,Chemours,Chemours Announces Third Quarter Dividend,https://investors.chemours.com/news-releases/news-release-details/chemours-announces-third-quarter-dividend-7,Chemours - News Releases / Press Releases,2026-08-03T15:00:00Z,2026-08-11T03:18:34Z,official_page,https://investors.chemours.com/news-releases,official,10,https://investors.chemours.com/news-releases,"Skip to main navigation Chemours Announces Third Quarter Dividend August 4, 2026 PDF Version WILMINGTON, Del. , Aug. 4, 2026 /PRNewswire/ -- The Chemours Company (""Chemours"") (NYSE: CC) today announced that the Board of Directors of Chemours declared a quarterly cash dividend of $0.0875 per share on the Company's common stock for the third quarter of 2026. The dividend will be paid on September 15, 2026 , to stockholders of record as of the close of business on August 14, 2026 . About The Chemours Company The Chemours Company (NYSE: CC) is a global leader in providing industrial and specialty chemicals products for markets, including coatings, plastics, refrigeration and air conditioning, transportation, semiconductor and advanced electronics, general industrial, and oil and gas. Through o...",247,fetched,2026-08-11T03:18:34Z
12,Chemours,The Chemours Company Reports Second Quarter Results,https://investors.chemours.com/news-releases/news-release-details/chemours-company-reports-second-quarter-results,Chemours - News Releases / Press Releases,2026-08-03T15:00:00Z,2026-08-11T03:18:34Z,official_page,https://investors.chemours.com/news-releases,official,10,https://investors.chemours.com/news-releases,"Skip to main navigation The Chemours Company Reports Second Quarter Results August 4, 2026 PDF Version WILMINGTON, Del. , Aug. 4, 2026 /PRNewswire/ -- The Chemours Company (""Chemours"" or ""the Company"") (NYSE: CC), a global chemistry company with leading market positions in Thermal & Specialized Solutions (""TSS""), Titanium Technologies (""TT""), and Advanced Performance Materials (""APM""), today announced its financial results for the second quarter 2026. Key Second Quarter 2026 Results & Recent Highlights 1 Net Sales of $1.6 billion , approximately flat compared to the corresponding prior-year quarter reflecting pricing increases across all businesses Net Loss attributable to Chemours of $274 million , or $1.81 per diluted share, compared with Net Loss attributable to Chemours of $380 million...",7210,fetched,2026-08-11T03:18:34Z
21,GE Healthcare,GE HealthCare expands the LOGIQ e ultrasound platform with new LOGIQ e family,https://investor.gehealthcare.com/news-releases/news-release-details/ge-healthcare-expands-logiq-e-ultrasound-platform-new-logiq-e,GE Healthcare - Investor News Releases / Investor News / Press Releases,2026-08-03T15:00:00Z,2026-08-11T03:18:34Z,official_page,https://investor.gehealthcare.com/news-events/news-releases,official,10,https://investor.gehealthcare.com/news-events/news-releases,"Skip to main navigation GEHealthcare.com About Us Leadership Sustainability News News Release GE HealthCare expands the LOGIQ e ultrasound platform with new LOGIQ e family August 4, 2026 PDF Version LOGIQ™ e X i and LOGIQ™ e S i offer console-quality ultrasound in a compact laptop-sized system anywhere care can be delivered ii CHICAGO --(BUSINESS WIRE)--Aug. 4, 2026-- GE HealthCare today announced the introduction of the LOGIQ™ e family, featuring LOGIQ™ e X i and LOGIQ™ e S i , two compact laptop ultrasound systems designed to help clinicians deliver simple, fast, and confident ultrasound imaging where it’s needed across care settings. ii Building on the legacy of LOGIQ e, the LOGIQ e family pairs a reliable console-level performance with a compact, intuitive design combining AI-powered f...",935,fetched,2026-08-11T03:18:34Z
30,NXP,NXP Trimension Ultra-Wideband Powers BMW Group’s Digital Key Plus and Presence Detection,https://www.nxp.com/company/about-nxp/newsroom/NW-UWB-POWERS-BMW-KEY-PRESENCE,NXP - Press Releases / Press Releases,2026-08-03T15:00:00Z,2026-08-11T03:18:34Z,official_page,https://www.nxp.com/press-releases,official,10,https://www.nxp.com/press-releases,"About NXP Careers Contact Us Inclusion at NXP Innovation Stories Events History Investor Relations Newsroom NXP Leadership Our Brand Our Team Members Quality Smarter World Blog Smarter World Podcast Smarter World Videos Startups x NXP Step Forward Sustainability Trade Compliance We Are NXP Worldwide Locations Newsroom Media Contacts News Briefs Partner and Industry News Press Kits Press Releases NXP Trimension Ultra-Wideband Powers BMW Group’s Digital Key Plus and Presence Detection NXP Trimension Ultra-Wideband Powers BMW Group’s Digital Key Plus and Presence Detection August 4, 2026 9:00 AM CET (UTC+1) by NXP Semiconductors Press Release Share Twitter LinkedIn Facebook NXP’s Trimension™ Ultra-Wideband (UWB) ranging and radar solutions will be deployed by the BMW Group across its fleet, s...",619,fetched,2026-08-11T03:18:34Z
54,HyproMag,TR-1: Standard form for notification of major holdings,https://mkango.ca/news/tr-1-standard-form-for-notification-of-major-holdings-2026-08-03/,HyproMag - Mkango 2026 News / News Archive RSS,2026-08-03T14:43:04Z,2026-08-11T03:18:34Z,official_feed_discovered,https://mkango.ca/rss,official,10,https://mkango.ca/rss,"News TR-1: Standard form for notification of major holdings August 3, 2026 View PDF (67 kB) 1. Issuer Details ISIN CA60686A4090 Issuer Name MKANGO RESOURCES LTD. UK or Non-UK Issuer UK 2. Reason for Notification An acquisition or disposal of voting rights; An acquisition or disposal of financial instruments; An event changing the breakdown of voting rights 3. Details of person subject to the notification obligation Name Spreadex LTD City of registered office (if applicable) St. Albans Country of registered office (if applicable) United Kingdom 4. Details of the shareholder Full name of shareholder(s) if different from the person(s) subject to the notification obligation, above City of registered office (if applicable) Country of registered office (if applicable) 5. Date on which the thresh...",790,fetched,2026-08-11T03:18:34Z
63,DNP,自己株式の取得状況に関するお知らせ(PDF),https://www.dnp.co.jp/ir/ir-file/pdf/info_20260803_1.pdf?from=rss,DNP - Corporate News / Newsroom / News RSS,2026-08-03T06:30:00Z,2026-08-11T03:18:34Z,official_feed_discovered,https://www.dnp.co.jp/news/rss_topics_jp.xml,official,10,https://www.dnp.co.jp/news/rss_topics_jp.xml,,,skipped_non_html,
63,DNP,DNPコアライズ 金融機関のフロント業務からバックオフィスまでを支援する金融BPOを開始,https://www.dnp.co.jp/news/detail/20178451_1587.html?from=rss,DNP - Corporate News / Newsroom / News RSS,2026-08-03T01:00:00Z,2026-08-11T03:18:34Z,official_feed_discovered,https://www.dnp.co.jp/news/rss_news_jp.xml,official,10,https://www.dnp.co.jp/news/rss_news_jp.xml,"2026年8月3日 DNPコアライズ 金融機関のフロント業務からバックオフィスまでを支援する金融BPOを開始 製造業を中核とする企業グループとして国内で初めて金融サービス仲介業者に登録 ニュースリリース 製品・サービス BPO マーケティング・販促 DX 認証・セキュリティ 大日本印刷株式会社（DNP）グループの株式会社DNPコアライズは、銀行の預金や証券会社の投資信託・株式などの金融商品について、案内や申込の仲介ができる「金融サービス仲介業者」として2026年7月14日に内閣総理大臣の登録（関東財務局長（金サ）第30号）を受けました。製造業を中核とする企業グループの登録は国内初 ＊1 です。 本登録により、これまで提供してきたバックオフィスを中心とした金融BPO（Business Process Outsourcing：業務委託）に加え、銀行・証券分野の金融商品の案内や申込手続きまで支援範囲を広げます。2026年8月3日より、フロント業務からバックオフィスまでを一貫して支援する金融BPOを開始します。DNPグループが培った工程設計・品質管理のノウハウと高セキュリティな情報処理基盤を活かし、金融機関の顧客接点の強化と業務品質の向上に貢献します。 DNPコアライズが提供する金融BPOサービスの全体像 金融サービス仲介業者の登録背景 新NISAの開始や高齢化の進展により、資産形成、相続、住宅・教育ローン、事業資金など、金融相談内容は幅広くなっています。金融庁によると、新NISA開始後の2年間で、NISA口座数は2,125万口座から2,821万口座へ約33％増加しました ＊2 。こうしたなか、金融機関には、多様化する相談ニーズへの対応と、増加する顧客対応の両立が求められています。しかし、金融機関ではデジタル化や店舗統廃合が進み、対面や有人チャネルで相談できる機会が減少しています。...",155,fetched,2026-08-11T03:18:34Z
13,BorgWarner,BorgWarner Secures Major Extension of Multiple High-Volume Inverter Programs with Major European OEM,https://www.borgwarner.com/newsroom/press-releases/2026/08/03/borgwarner-secures-major-extension-of-multiple-high-volume-inverter-programs-with-major-european-oem,BorgWarner - Press Releases / Press Releases,2026-08-03T00:00:00Z,2026-08-11T03:18:34Z,official_page,https://www.borgwarner.com/newsroom/press-releases,official,10,https://www.borgwarner.com/newsroom/press-releases,"Skip to main content BorgWarner Secures Major Extension of Multiple High-Volume Inverter Programs with Major European OEM Extensions span both plug-in hybrid and 800V battery-electric vehicle programs&nbsp; 800V traction inverter features latest-generation dual-sided-cooled power module and Silicon Carbide (SiC) based power switches Awards build on trusted inverter partnership Auburn Hills, Michigan, August 3, 2026 &ndash; BorgWarner, a global product leader in delivering innovative and sustainable mobility solutions, has secured a major extension of multiple high-volume high-voltage inverter programs with a major European OEM. The awards cover updated inverter designs for both plug-in hybrid and 800V battery-electric vehicle applications, building on a trusted partnership in power electro...",331,fetched,2026-08-11T03:18:34Z
42,Jenoptik,03 August 2026 Dr. Dominic Dorfner assumes office as CEO of JENOPTIK AG The Supervisory Board approves reorganization of Executive Board responsibilities and creates new CTO/COO role. read more,https://www.jenoptik.com/news/pressreleases/2026/08/03/ceo-start-and-new-executive-responsibilities,Jenoptik - Press Releases / Press Releases,2026-08-03T00:00:00Z,2026-08-11T03:18:34Z,official_page,https://www.jenoptik.com/news/pressreleases,official,10,https://www.jenoptik.com/news/pressreleases,"Home News Press Releases CEO start and new executive responsibilities Recommend Facebook LinkedIn Dr. Dominic Dorfner assumes office as CEO of JENOPTIK AG The Supervisory Board approves reorganization of Executive Board responsibilities and creates new CTO/COO role. 03 August 2026 Dr. Dominic Dorfner assumed his position as Chief Executive Officer (CEO) of JENOPTIK AG on August 1, 2026. He leads the photonics group together with Dr. Prisca Havranek-Kosicek and Dr. Ralf Kuschnereit. The Supervisory Board had unanimously appointed Dorfner at the end of March 2026 &nbsp;for a three-year term. Within the Executive Board , Dr. Ralf Kuschnereit has assumed the newly created role of Chief Technology Officer and Chief Operating Officer (CTO/COO) effective August 1. In this role, he is responsible...",439,fetched,2026-08-11T03:18:34Z
21,GE Healthcare,GE HealthCare expands breast imaging portfolio with Invenia ABUS Prime and launch of ABUS StreamVue,https://investor.gehealthcare.com/news-releases/news-release-details/ge-healthcare-expands-breast-imaging-portfolio-invenia-abus,GE Healthcare - Investor News Releases / Investor News / Press Releases,2026-08-02T15:00:00Z,2026-08-11T03:18:34Z,official_page,https://investor.gehealthcare.com/news-events/news-releases,official,10,https://investor.gehealthcare.com/news-events/news-releases,"Skip to main navigation GEHealthcare.com About Us Leadership Sustainability News News Release GE HealthCare expands breast imaging portfolio with Invenia ABUS Prime and launch of ABUS StreamVue August 3, 2026 PDF Version Following the introduction of Invenia™ ABUS Prime at the Society of Breast Imaging Annual Symposium, the installation at BeSound in Los Angeles &nbsp; marks one of the first in the U.S ., expanding access to supplemental screening for women with dense breasts ABUS StreamVue™* is a zero-footprint, browser-based reading solution designed to enable remote exam review from virtually anywhere across enterprise imaging networks and high-volume breast centers CHICAGO --(BUSINESS WIRE)--Aug. 3, 2026-- GE HealthCare today announced the launch of Invenia™ ABUS ( Automated Breast Ult...",1126,fetched,2026-08-11T03:18:34Z
72,Mitsubishi Chemical,"Aug. 3, 2026 Others Floating Solar Power Generation System Installed in Hiroshima Plant NEW",https://www.mcgc.com/english/news_release/02744.html,Mitsubishi Chemical - News Releases / Press Releases,2026-08-02T15:00:00Z,2026-08-11T03:18:34Z,official_page,https://www.mcgc.com/english/news_release/,official,10,https://www.mcgc.com/english/news_release/,"HOME News Releases Floating Solar Power Generation System Installed in Hiroshima Plant Floating Solar Power Generation System Installed in Hiroshima Plant August 3, 2026 Mitsubishi Chemical Corporation (Head Office: Chiyoda-ku, Tokyo; President: Manabu Chikumoto; hereinafter &ldquo;the Company&rdquo;) hereby announces that it has installed a floating photovoltaic power generation system on the regulating reservoir within its Hiroshima Plant, and the system has started supplying renewable energy-generated electricity. &nbsp;This project has been organized using the on-site PPA* format. &nbsp; &nbsp; The major feature of the project is a floating photovoltaic power generation system set up on the regulating reservoir. This provides a number of major advantages, such as enabling the utilizati...",356,fetched,2026-08-11T03:18:34Z
58,Veolia,Réseau de chaleur urbain : comment garantir votre indépendance énergétique tout en décarbonant vos territoires ?,https://www.veolia.com/en/blog/urban-district-heating-networks-guarantee-energy-independence-decarbonizing-territories,Veolia - Financial Press Releases / Financial Press Releases RSS,2026-07-31T07:00:00Z,2026-08-11T03:18:34Z,official_feed_discovered,https://www.veolia.com/en/rss-site-updates,official,10,https://www.veolia.com/en/rss-site-updates,"Skip to main content Home Blog Urban district heating networks: how to strengthen energy independence while decarbonizing your cities? Listen Urban district heating networks: how to strengthen energy independence while decarbonizing your cities? Blog listing 31 Jul. 2026 Temps de lecture : 10 min. Energy City/Community &nbsp; Gad Pinto Director of Energy Segment, BS&P Veolia Everyday, i ask myself the same question: how can I help public decision-makers ensure energy security, economic attractiveness, and environmental security for their cities? Recent crises have revealed the fragility of our energy supplies and the urgent need to rethink our models. Heating represents one of the greatest challenges in urban energy consumption, accounting for a significant share of cities' energy needs. P...",1907,fetched,2026-08-11T03:18:34Z
13,BorgWarner,BorgWarner Appoints Rajesh Kalathur to its Board of Directors,https://www.borgwarner.com/newsroom/press-releases/2026/07/31/borgwarner-appoints-rajesh-kalathur-to-its-board-of-directors,BorgWarner - Press Releases / Press Releases,2026-07-31T00:00:00Z,2026-08-11T03:18:34Z,official_page,https://www.borgwarner.com/newsroom/press-releases,official,10,https://www.borgwarner.com/newsroom/press-releases,"Skip to main content BorgWarner Appoints Rajesh Kalathur to its Board of Directors Auburn Hills, Michigan, July 31, 202 6 &ndash; BorgWarner Inc. (&ldquo;BorgWarner&rdquo;) announced today that Rajesh Kalathur has been appointed to its Board of Directors. &ldquo;We are pleased to welcome Raj to BorgWarner&rsquo;s Board of Directors,&rdquo; said Alexis P. Michas, Non-Executive Chairman of the Board of BorgWarner. &ldquo;Raj&rsquo;s extensive global leadership experience across finance, information technology, operations, and sales will be invaluable to our Board.&rdquo; Mr. Kalathur most recently served as President of John Deere Financial and Chief Information Officer of Deere & Company, a global leader in the production of agricultural, construction, forestry, turf, power systems, and oth...",247,fetched,2026-08-11T03:18:34Z
1,Australian Strategic Metals,Quarterly Report: Production momentum continues,https://asm-au.com/quarterly-report-production-momentum-continues/,Australian Strategic Metals - News / Newsroom / News RSS,2026-07-30T23:32:35Z,2026-08-11T03:18:34Z,official_feed_discovered,https://asm-au.com/feed/,official,10,https://asm-au.com/feed/,"Skip to content Quarterly Report: Production momentum continues 31/07/2026 Australian Strategic Materials (ASM) has released its Quarterly Activities Report for the period ending 30 June 2026. “Our work during the Quarter was driven by three parallel objectives: progressing the Schemes with Energy Fuels, continued production ramp-up and expansion at the Korean Metals Plant (KMP), and progress of the Heap Leach Option pre-feasibility study (PFS) at the Dubbo Project” Rowena Smith Managing Director & CEO, ASM Highlights Rare earth metal and alloy production continues to increase The Korean Metals Plant (KMP) dispatched ~45 tonnes of NdFeB alloy and NdPr metal, with total production increasing for the second quarter in a row. Facility expansion to 3,600tpa nameplate capacity Installation of e...",186,fetched,2026-08-11T03:18:34Z
58,Veolia,CP - Communiqué de mise à disposition : Amendement du document d’enregistrement universel 2025 - Rapport financier semestriel au 30 juin 2026,https://www.veolia.com/en/veolia-group/finance/press-releases/pr-availability-amendment-2025-universal-registration-document,Veolia - Financial Press Releases / Financial Press Releases RSS,2026-07-30T15:50:15Z,2026-08-11T03:18:34Z,official_feed_discovered,https://www.veolia.com/en/rss-site-updates,official,10,https://www.veolia.com/en/rss-site-updates,Skip to main content Home Finance Press releases PR - Availability of the Amendment to the 2025 Universal Registration Document and 2026 half-yearly financial report (french and english version) Listen PR - Availability of the Amendment to the 2025 Universal Registration Document and 2026 half-yearly financial report (french and english version) Press releases listing PDF PR - Availability of the Amendment to the 2025 Universal Registration Document and 2026 half-yearly financial report (french and english version) (103.51 KB) Top,79,fetched,2026-08-11T03:18:34Z
58,Veolia,Amendement du document d'enregistrement universel 2025 incluant le rapport financier semestriel au 30 juin 2026,https://www.veolia.com/fr/groupe/finance/analystes-investisseurs/presentations-groupe-resultats,Veolia - Financial Press Releases / Financial Press Releases RSS,2026-07-30T15:46:14Z,2026-08-11T03:18:34Z,official_feed_discovered,https://www.veolia.com/en/rss-site-updates,official,10,https://www.veolia.com/en/rss-site-updates,Aller au contenu principal Home Groupe Finance Espace Analystes et Investisseurs Publications financières Ecouter Publications financières Trier par : Le plus récent Chronologie Amendement du document d'enregistrement universel 2025 incluant le rapport financier semestriel au 30 juin 2026 30 juillet 2026 Amendement du document d'enregistrement universel 2025 incluant le rapport financier semestriel au 30 juin 2026 ( PDF - 2.94 Mo ) Résultats semestriels 2026 - Présentation (en anglais) 30 juillet 2026 Résultats semestriels 2026 - Présentation (en anglais) ( PDF - 6.51 Mo ) Commentaires sur les résultats - Comptes consolidés au 31 mars 2026 06 mai 2026 Commentaires sur les résultats - Comptes consolidés au 31 mars 2026 ( PDF - 3.66 Mo ) Informations financières trimestrielles au 31 mars 202...,311,fetched,2026-08-11T03:18:34Z
72,Mitsubishi Chemical,"Jul. 31, 2026 Financial Results Consolidated Financial Results for the First Quarter of the Fiscal Year Ending March 31, 2027 (Under IFRS)",https://www.mcgc.com/english/ir/pdf/02721/02958.pdf,Mitsubishi Chemical - News Releases / Press Releases,2026-07-30T15:00:00Z,2026-08-11T03:18:34Z,official_page,https://www.mcgc.com/english/news_release/,official,10,https://www.mcgc.com/english/news_release/,,,skipped_non_html,
72,Mitsubishi Chemical,"Jul. 31, 2026 Financial Results Notice of Revision to Consolidated Financial Results Forecast for the First Half of the Fiscal Year Ending March 31, 2027",https://www.mcgc.com/english/ir/pdf/02735/02966.pdf,Mitsubishi Chemical - News Releases / Press Releases,2026-07-30T15:00:00Z,2026-08-11T03:18:34Z,official_page,https://www.mcgc.com/english/news_release/,official,10,https://www.mcgc.com/english/news_release/,,,skipped_non_html,
72,Mitsubishi Chemical,"Jul. 31, 2026 Financial Results Announcement of Financial Results for the First Quarter of the Fiscal Year Ending March 31, 2027 (Operational Summary)",https://www.mcgc.com/english/ir/library/operating_summaries.html,Mitsubishi Chemical - News Releases / Press Releases,2026-07-30T15:00:00Z,2026-08-11T03:18:34Z,official_page,https://www.mcgc.com/english/news_release/,official,10,https://www.mcgc.com/english/news_release/,"HOME Investor Relations IR Library Operating Summaries Operating Summaries FY2026 FY2025 FY2024 FY2023 FY2022 FY2021 FY2020 FY2019 FY2018 FY2017 FY2016 FY2015 FY2014 FY2013 FY2012 FY2011 FY2010 FY2009 FY2008 FY2007 FY2006 FY2005 Fiscal Year Ending March 31, 2027 (FY2026) Jul. 31, 2026 Operational Summary for 1Q of FY2026 (PDF: 488kb) Archived Conference Fiscal Year Ended March 31, 2026 (FY2025) May 13, 2026 Operational Summary for FY2025 (PDF: 970kb) Archived Conference Feb. 5, 2026 Operational Summary for 3Q of FY2025 (PDF: 463kb) Archived Conference Transcript (PDF: 1.98mb) Oct. 31, 2025 Operational Summary for 1H of FY2025 (PDF: 726kb) Archived Conference Transcript (PDF: 2.32mb) Aug. 1, 2025 Operational Summary for 1Q of FY2025 (PDF: 435kb) Archived Conference Transcript Fiscal Year En...",1357,fetched,2026-08-11T03:18:34Z
58,Veolia,Veolia strengthens its leadership in latin America with a landmark water contract in Colombia to modernize cúcuta’s water infrastructure,https://www.veolia.com/en/our-media/press-releases/veolia-strengthens-leadership-latin-america-water-contract-cucuta-colombia,Veolia - Financial Press Releases / Financial Press Releases RSS,2026-07-30T06:30:10Z,2026-08-11T03:18:34Z,official_feed_discovered,https://www.veolia.com/en/rss-press-releases,official,10,https://www.veolia.com/en/rss-press-releases,"Skip to main content Home OUR MEDIA Press releases Veolia strengthens its leadership in latin America with a landmark water contract in Colombia to modernize cúcuta’s water infrastructure Listen Veolia strengthens its leadership in latin America with a landmark water contract in Colombia to modernize cúcuta’s water infrastructure Press releases listing 30 Jul. 2026 PDF Press release: July 30, 2026 - Contract in Cúcuta, Colombia (114.42 KB) An average annual revenue of around €100 million over 20 years, representing an estimated €2 billion backlog. &nbsp; A major milestone reinforcing Colombia as a strategic market for Veolia in Latin America. &nbsp; Water losses reduction from the current 42% to below 30%, bringing Cúcuta’s water network in line with the most efficient systems in Latin Ame...",732,fetched,2026-08-11T03:18:34Z
58,Veolia,2026 first-half results,https://www.veolia.com/en/our-media/press-releases/2026-first-half-results,Veolia - Financial Press Releases / Financial Press Releases RSS,2026-07-30T05:30:05Z,2026-08-11T03:18:34Z,official_feed_discovered,https://www.veolia.com/en/rss-press-releases,official,10,https://www.veolia.com/en/rss-press-releases,"Skip to main content Home OUR MEDIA Press releases 2026 first-half results Listen 2026 first-half results Press releases listing 30 Jul. 2026 PDF Press release: 30 July 2026 - Download the full results for the first half 2026 (341.29 KB) Very solid performance in the first half&nbsp; confirming strength of Veolia business model. Improved 2026 guidance.&nbsp; A new semester of excellent performance, with +70bps EBITDA margin improvement and +10.4% (1) progression of current net income (2) Veolia is standing out in a volatile macro and geopolitical environment, with continuously improving results, thanks to solid operational execution and unique combination of growth and resilience&nbsp; A performance based on a unique positioning at the heart of ecological security challenges, resource sove...",751,fetched,2026-08-11T03:18:34Z
11,Air Products,Air Products Reports Fiscal 2026 Third Quarter Results,https://www.airproducts.com/company/news-center/2026/07/0730-air-products-fiscal-2026-third-quarter-earnings,Air Products - News Center / Newsroom / News RSS,2026-07-30T00:00:00Z,2026-08-11T03:18:34Z,official_feed_discovered,https://www.airproducts.com/company/news-center/api?rssfeed=true,official,10,https://www.airproducts.com/company/news-center/api?rssfeed=true,"07/30/2026 | Lehigh Valley, PA Air Products Reports Fiscal 2026 Third Quarter Results Media Contacts: Katie McDonald | +1 610 481 3673 Investor Contacts: Megan Britt | +1 610 481 0590 Q3 FY26 Summary of Results GAAP results, including loss per share # of $6.47 and operating loss of $2.1 billion, driven by charges for business and asset actions announced June 30, 2026 Adjusted earnings per share (""EPS"") * of $3.47, exceeding top-end of guidance, and adjusted operating income* of $810 million Guidance Raising fiscal 2026 full-year adjusted EPS guidance * to $13.39 to $13.49; fiscal 2026 fourth quarter adjusted EPS guidance * of $3.55 to $3.65 Now expect fiscal year 2026 capital expenditures * of approximately $3.5 billion News and Highlights Electronics growth: Announced long-term agreement...",1944,fetched,2026-08-11T03:18:34Z
60,Safran,"07.30.2026 The Arriel 2K, the engine powering the Leonardo AW09 helicopter, has received its EASA certification See more",https://www.safran-group.com/pressroom/arriel-2k-engine-powering-leonardo-aw09-helicopter-has-received-its-easa-certification-2026-07-30,Safran - Pressroom / Newsroom / Press,2026-07-30T00:00:00Z,2026-08-11T03:18:34Z,official_page,https://www.safran-group.com/pressroom,official,10,https://www.safran-group.com/pressroom,"Skip to main content Subscribe to press releases The Arriel 2K, the engine powering the Leonardo AW09 helicopter, has received its EASA certification Bordes, July 30, 2026 Media kit The Arriel 2K, the engine powering the Leonardo AW09 helicopter, has received its EASA certification (PDF) Subscribe to press releases The Arriel 2K being assembled at the Safran Helicopter Engines plant in Bordes. The Arriel 2K engine that powers Leonardo’s AW09 helicopter, has received its type certificate from the European Union Aviation Safety Agency (EASA). This marks an important milestone towards the entry into service of the AW09, Leonardo’s new single-engine helicopter. The Arriel 2K underwent its first bench tests in 2022 and made its maiden flight on the AW09 in March 2023. Since then, it has accumul...",658,fetched,2026-08-11T03:18:34Z
69,Shin-Etsu Chemicals,2026.07.30 IR Notice Concerning Results of Acquisition of Own Shares Through ToSTNeT-3 and Completion of Acquisition of Own Shares pdf,https://www.shinetsu.co.jp/wp-content/uploads/2026/07/20260730E1-2.pdf,Shin-Etsu Chemicals - News Releases / Press Releases,2026-07-30T00:00:00Z,2026-08-11T03:18:34Z,official_page,https://www.shinetsu.co.jp/en/category/news/news-release/,official,10,https://www.shinetsu.co.jp/en/category/news/news-release/,,,skipped_non_html,
18,Qualcomm,Qualcomm Earnings Release Available on Company’s Investor Relations Website,https://investor.qualcomm.com/news-events/press-releases/news-details/2026/Qualcomm-Earnings-Release-Available-on-Companys-Investor-Relations-Website-67f54b885/default.aspx,Qualcomm - Investor Relations Overview / Investor Relations RSS,2026-07-29T20:00:00Z,2026-08-11T03:18:34Z,official_feed_discovered,https://investor.qualcomm.com/rss/pressrelease.aspx,official,10,https://investor.qualcomm.com/rss/pressrelease.aspx,"View all news Qualcomm Earnings Release Available on Company’s Investor Relations Website 07/29/2026 Download (opens in new window) SAN DIEGO--(BUSINESS WIRE)-- Qualcomm Incorporated (NASDAQ: QCOM) today announced the Company’s financial results for its third quarter of fiscal 2026 through an earnings release that is available on the Qualcomm Investor Relations website at https://investor.qualcomm.com/financial-information . The earnings release will also be furnished to the Securities and Exchange Commission (SEC) on a Form 8-K and will be available on the SEC website at http://www.sec.gov . As previously announced, Qualcomm will host a conference call to discuss its third quarter fiscal 2026 results which will be broadcast live on July 29, 2026, beginning at 1:45 p.m. Pacific Time (PT) a...",406,fetched,2026-08-11T03:18:34Z
58,Veolia,"Press release: July 30, 2026 - Contract in Cúcuta, Colombia (114.42 KB)",https://www.veolia.com/sites/g/files/dvc4206/files/document/2026/07/Veolia-contract-water-cucuta-colombia-073026.pdf,Veolia - Press Releases / Press Releases,2026-07-29T15:00:00Z,2026-08-11T03:18:34Z,official_page,https://www.veolia.com/en/newsroom/press-releases,official,10,https://www.veolia.com/en/newsroom/press-releases,,,skipped_non_html,
2,Cognex,Cognex to Present at the KeyBanc Technology Leadership Forum,https://investor.cognex.com/news/news-details/2026/Cognex-to-Present-at-the-KeyBanc-Technology-Leadership-Forum/default.aspx,Cognex - News / Investor News / Press Releases RSS,2026-07-29T12:00:00Z,2026-08-11T03:18:34Z,official_feed_discovered,https://investor.cognex.com/rss/pressrelease.aspx,official,10,https://investor.cognex.com/rss/pressrelease.aspx,Cognex to Present at the KeyBanc Technology Leadership Forum - Investor Relations | Cognex,14,fetched,2026-08-11T03:18:34Z
69,Shin-Etsu Chemicals,2026.07.29 IR Notice Regarding the Acquisition of Own Shares through the Off-Auction Own Share Repurchase Trading System (ToSTNeT-3) pdf,https://www.shinetsu.co.jp/wp-content/uploads/2026/07/20260729E-1.pdf,Shin-Etsu Chemicals - News Releases / Press Releases,2026-07-29T00:00:00Z,2026-08-11T03:18:34Z,official_page,https://www.shinetsu.co.jp/en/category/news/news-release/,official,10,https://www.shinetsu.co.jp/en/category/news/news-release/,,,skipped_non_html,
21,GE Healthcare,GE HealthCare reports second quarter 2026 financial results,https://investor.gehealthcare.com/news-releases/news-release-details/ge-healthcare-reports-second-quarter-2026-financial-results,GE Healthcare - Investor News Releases / Investor News / Press Releases,2026-07-28T15:00:00Z,2026-08-11T03:18:34Z,official_page,https://investor.gehealthcare.com/news-events/news-releases,official,10,https://investor.gehealthcare.com/news-events/news-releases,"Skip to main navigation GEHealthcare.com About Us Leadership Sustainability News News Release GE HealthCare reports second quarter 2026 financial results July 29, 2026 PDF Version Revenue growth of 5.7%, and Organic revenue growth* of 3.5% Record organic orders growth of 11.1%, book-to-bill of 1.15 times and backlog of $23.9 billion Net income margin of 10.6% and Adjusted earnings before interest and taxes (EBIT) margin* of 14.2%; diluted earnings per share (EPS) of $1.24 grew 16.5% and Adjusted EPS* of $1.13 grew 6.6% Cash flow from operating activities of $168 million and Free cash flow* of $68 million Reaffirms full-year 2026 guidance CHICAGO --(BUSINESS WIRE)--Jul. 29, 2026-- GE HealthCare (Nasdaq: GEHC) today reported financial results for the second quarter ended June 30, 2026 . GE H...",5669,fetched,2026-08-11T03:18:34Z
39,BASF,News Releases,https://www.basf.com/global/en/media/news-releases,BASF - News Releases / Press Releases,2026-07-28T15:00:00Z,2026-08-11T03:18:34Z,official_page,https://www.basf.com/global/en/media/news-releases,official,10,https://www.basf.com/global/en/media/news-releases,"Home Media News Releases Media Top News &nbsp; Business & Financial News | July 29, 2026 BASF strengthens its position in the market and achieves major progress on restructuring and portfolio measures BASF was able to increase earnings in nearly all segments in the second quarter of 2026. Stronger prices and higher volumes contributed to this rise. “We further strengthened BASF’s position in the market and achieved major progress with our restructuring as well as portfolio measures,” said BASF CEO Dr.&nbsp;Markus Kamieth when presenting the company’s half-year results, together with CFO Dr.&nbsp;Dirk Elvermann. On July 15, 2026, BASF had already pre-released preliminary figures for the second quarter of 2026 because EBITDA before special items of €2.4&nbsp;billion significantly exceeded av...",531,fetched,2026-08-11T03:18:34Z
53,Rio Tinto,2026 half year results Announced on Wednesday 29 July 2026,https://www.riotinto.com/en/invest/financial-news-performance/results,Rio Tinto - Releases / Press Releases,2026-07-28T15:00:00Z,2026-08-11T03:18:34Z,official_page,https://www.riotinto.com/news/releases/,official,10,https://www.riotinto.com/news/releases/,"Results 2026 half year results Released Wednesday 29 July 2026&nbsp; Presentation Hosted by Simon Trott , Chief Executive, and Peter Cunningham , Chief Financial Officer. Half Year Results 2026 - Release PDF 683 KB Half Year Results 2026 - Slides PDF 3 MB Half Year Results 2026 - Script PDF 135 KB Half Year Results 2026 - First Q&A session: Australian analysts PDF 120 KB Half Year Results 2026 - Second Q&A session: UK/US analysts PDF 144 KB Half Year Results 2026 - Webcast Download all Add all to basket Investor archive View our annual and half year results, quarter operations reviews, reports and Capital Markets Days dating back to 2014 See more Related content Production Our latest quarterly operations reviews Annual general meetings All the information from our current and past Annual G...",217,fetched,2026-08-11T03:18:34Z
51,Renishaw,Renishaw launches STEM initiative to support girls into engineering,https://www.renishaw.com/en/renishaw-launches-stem-initiative-to-support-girls-into-engineering--50156,Renishaw - Company News / Company News RSS: Renishaw launches STEM initiative to support girls into engineering,2026-07-28T12:05:45Z,2026-08-11T03:18:34Z,official_feed_discovered,https://www.renishaw.com/en/6853.rss,official,10,https://www.renishaw.com/en/6853.rss,"Skip navigation Renishaw launches STEM initiative to support girls into engineering July 2026 Renishaw, a global leader in engineering technologies, called on teachers across South Wales to help identify the next generation of female engineers through a new targeted science, technology, engineering, and mathematics (STEM) initiative. Delivered by Renishaw's STEM Outreach team at its Miskin site, the programme took place in June in celebration of International Women in Engineering Day. The ‘Girl Engineers At Renishaw Series' (GEARS), is a new initiative, focussed on girls currently at secondary school, and was developed to tackle the persistent underrepresentation of women in engineering and technology. Women currently make up just 16.9% of the workforce, compared with 56% across other occu...",864,fetched,2026-08-11T03:18:34Z
51,Renishaw,Renishaw celebrates 150 years of mineral science research at Mineralogical Society conference,https://www.renishaw.com/en/renishaw-celebrates-150-years-of-mineral-science-research-at-mineralogical-society-conference--50155,Renishaw - Latest News / Newsroom / News RSS: Renishaw celebrates 150 years of mineral science research at Mineralogical Society conference,2026-07-28T12:05:45Z,2026-08-11T03:18:34Z,official_feed_discovered,https://www.renishaw.com/en/6635.rss,official,10,https://www.renishaw.com/en/6635.rss,"Skip navigation Renishaw celebrates 150 years of mineral science research at Mineralogical Society conference July 2026 Renishaw has affirmed its commitment to advancing research in Earth science and mineralogy by sponsoring The Mineralogical Society at 150: Past Discoveries and Future Frontiers, held at the University of Manchester, UK, from June 23–25, 2026. The three-day international conference celebrated the 150th anniversary of the Mineralogical Society of the UK and Ireland, bringing together researchers, academics, industry professionals and students, to remember the Society's history while exploring the future of mineral sciences. As a sponsor of the meeting, Renishaw welcomed delegates to its exhibition stand, where Dr Dale Boorman, Sales Manager, and Dr Jennifer Ferguson, Applic...",631,fetched,2026-08-11T03:18:34Z
1,Australian Strategic Metals,Supplementary Scheme Booklet & Scheme Meetings,https://asm-au.com/supplementary-scheme-booklet/,Australian Strategic Metals - News / Newsroom / News RSS,2026-07-28T09:42:56Z,2026-08-11T03:18:34Z,official_feed_discovered,https://asm-au.com/feed/,official,10,https://asm-au.com/feed/,"Skip to content Supplementary Scheme Booklet & Scheme Meetings 28/07/2026 ASM has released a Supplementary Scheme Booklet to provide ASM Securityholders with additional disclosure in relation to Energy Fuels’ recent financing and transaction developments . Access the Supplementary Scheme Booklet Scheme Meetings Wednesday 12 August 2026 The rescheduled Scheme Meetings (Share Scheme & Option Scheme) will now be held at 11.30am (AWST) on Wednesday 12 August 2026 at Dexus Place Perth, Level M, 240 St Georges Terrace, Perth WA 6000. Dispatch of the Supplementary Scheme Booklet to ASM Securityholders is expected to be completed on or around 31 July 2026 as follows: ASM Securityholders who have elected to receive electronic communications from ASM will receive an email containing instructions abo...",315,fetched,2026-08-11T03:18:34Z
63,DNP,100年以上続く長寿企業の経営実態を調査,https://www.dnp.co.jp/news/detail/20178465_1587.html?from=rss,DNP - Corporate News / Newsroom / News RSS,2026-07-28T06:30:00Z,2026-08-11T03:18:34Z,official_feed_discovered,https://www.dnp.co.jp/news/rss_news_jp.xml,official,10,https://www.dnp.co.jp/news/rss_news_jp.xml,2026年7月28日 100年以上続く長寿企業の経営実態を調査 持続的成長の秘訣は「守り続けること」ではなく「時代にあわせて変化し続けること」 ニュースリリース 企業情報 イベント ESG コラボレーション 大日本印刷株式会社（本社:東京 代表取締役社長:北島義斉 以下:DNP）は、企業の持続的成長について「長寿企業に関する経営意識調査」を実施しました。本調査は、創業100年以上かつ売上高100億円以上の企業を対象に実施し、314社から回答を得ました。 2026年は「昭和100年」にあたる節目であり、日本企業の成長の軌跡やその経営戦略が改めて注目されています。また、社会や市場の不確実性が高まるなか、企業には変化に対応しながら価値を創出し続けることが、これまで以上に求められています。こうしたなか、2026年10月に創業150周年を迎えるDNPは、100年以上続く企業の経営の秘訣やイノベーションの源泉を明らかにすることを目的に、本調査を実施しました。 調査サマリー 約5割の長寿企業が、長寿の理由として&ldquo;社会や時代の変化に応じた事業の見直し&rdquo;を挙げた。持続経営の秘訣は、変化への対応力。 約8割の長寿企業が、創業時の強みを現在も継承している。また約7割が、経営層から社員へ日常的にビジョンを発信する文化が根付いている。 6割を超える長寿企業が、&ldquo;顧客基盤・顧客との信頼関係&rdquo;を強みとしている。また、顧客は単なる販売先ではなく、イノベーション創出の起点の一つである。 長寿企業を6つのタイプに分類。業績が伸長傾向にある企業には&ldquo;挑戦が評価される組織風土&rdquo;がある。 ■約5割の長寿企業が、持続経営の要因に&ldquo;社会の変化に合わせた事業の変革&rdquo;を挙げた 「100年以上事業を継続できた理由」として最も多かっ...,211,fetched,2026-08-11T03:18:34Z
22,Boeing,Boeing Company - 10-Q - Quarterly Report,http://investors.boeing.com/investors/reports/sec-filings-details/default.aspx?FilingId=19637722,Boeing - Reports / Regulatory Filings / Reports RSS,2026-07-28T04:00:00Z,2026-08-11T03:18:34Z,official_feed_discovered,https://investors.boeing.com/rss/SECFiling.aspx?Exchange=CIK&Symbol=0000012927,official,10,https://investors.boeing.com/rss/SECFiling.aspx?Exchange=CIK&Symbol=0000012927,Boeing Company - Investors - Reports - SEC Filings Details,10,fetched,2026-08-11T03:18:34Z
22,Boeing,Boeing Reports Second Quarter Results,https://boeing.mediaroom.com/2026-07-28-Boeing-Reports-Second-Quarter-Results,Boeing - News Releases and Statements / Press Releases / Statements,2026-07-28T00:00:00Z,2026-08-11T03:18:34Z,official_page,https://boeing.mediaroom.com/news-releases-statements,official,10,https://boeing.mediaroom.com/news-releases-statements,"--> News Releases --> Boeing Reports Second Quarter Results ARLINGTON, Va. , July 28, 2026 / PRNewswire / -- Second Quarter 2026 Revenue increased to $24.6 billion primarily reflecting 171 commercial deliveries GAAP loss per share of ($0.67) and core loss per share (non-GAAP)* of ($0.76) Operating cash flow of $1.4 billion and free cash flow (non-GAAP)* of $0.6 billion Total company backlog grew to a record $715 billion, including over 6,200 commercial airplanes Table 1. Summary Financial Results Second Quarter First Half (Dollars in Millions, except per share data) 2026 2025 Change 2026 2025 Change Revenues $24,560 $22,749 8 % $46,777 $42,245 11 % GAAP Earnings/(loss) from operations $156 ($176) NM $604 $285 112 % Operating margins 0.6 % (0.8) % 1.4 Pts 1.3 % 0.7 % 0.6 Pts Net loss ($428)...",3997,fetched,2026-08-11T03:18:34Z
60,Safran,Safran reports its first-half 2026 results Outstanding first-half results with record-breaking profitability FY 2026 guidance raised,https://www.safran-group.com/pressroom/safran-reports-its-first-half-2026-results-2026-07-28,Safran - Pressroom / Newsroom / Press,2026-07-28T00:00:00Z,2026-08-11T03:18:34Z,official_page,https://www.safran-group.com/pressroom,official,10,https://www.safran-group.com/pressroom,"Skip to main content Subscribe to press releases Safran reports its first-half 2026 results July 28, 2026 Media kit download complete kit (ZIP 5.47MB) PR Safran H1 2026 results ven vdef.pdf (PDF 0.55MB) First Half 2026 results - Dataviz (PDF 0.42MB) Consolidated balance sheet and income statement – June 30, 2026 (PDF 3.51MB) H1 2026 results (PDF 1.35MB) Outstanding first-half results with record-breaking profitability FY 2026 guidance raised Subscribe to press releases Paris, July 28, 2026 &nbsp; H1 2026 adjusted data Revenue: €17,571 million (+19.0%) Recurring operating income: €3,237 million (+29.0%), 18.4% of sales Free cash flow: €2,616 million &nbsp; H1 2026 consolidated data Revenue: €17,245 million Recurring operating income: €2,636 million Free cash flow: €2,616 million &nbsp; The...",3377,fetched,2026-08-11T03:18:34Z
60,Safran,H1 2026 results – Replay of the webcast See more,https://www.safran-group.com/calendar/h1-2026-results,Safran - Pressroom / Newsroom / Press,2026-07-28T00:00:00Z,2026-08-11T03:18:34Z,official_page,https://www.safran-group.com/pressroom,official,10,https://www.safran-group.com/pressroom,Skip to main content H1 2026 results Conference Event 28 Jul 2026 08:30 - Europe/Paris Online Replay of the webcast Add to my calendar 28 Jul 2026 08:30 - Europe/Paris Replay of the webcast Online Add to my calendar Credits © Adrien Daste / Safran I agree I disagree,49,fetched,2026-08-11T03:18:34Z
23,3M,SCHEDULE 13G/A - Statement of Beneficial Ownership by Certain Investors,https://investors.3m.com/financials/sec-filings/content/0000019617-26-000320/0000019617-26-000320.pdf,3M - SEC Filings / Regulatory Filings RSS,2026-07-27T16:25:24Z,2026-08-11T03:18:34Z,official_feed_discovered,https://investors.3m.com/financials/sec-filings/rss,official,10,https://investors.3m.com/financials/sec-filings/rss,,,skipped_non_html,
58,Veolia,Energy for municipalities and industries,https://www.veolia.com/en/newsroom/publications,Veolia - Financial Press Releases / Financial Press Releases RSS,2026-07-27T15:07:23Z,2026-08-11T03:18:34Z,official_feed_discovered,https://www.veolia.com/en/rss-publications,official,10,https://www.veolia.com/en/rss-publications,"Skip to main content Home OUR MEDIA Publications Listen Our publications Discover and download our Planet magazine, all our annual publications and our commercial brochures. Sort by: Reverse Chronological Energy for municipalities and industries 27 July 2026 Environmental security in action Download the brochure about energy for municipalities and industries ( PDF - 5.57 MB ) Waste management for industries 27 July 2026 Environmental security in action Download the brochure about waste management for industries ( PDF - 6.98 MB ) Waste management for municipalities 27 July 2026 Environmental security in action Download the brochure about waste management for municipalities ( PDF - 6.6 MB ) Water management for industries 27 July 2026 Environmental security in action Download the brochure ab...",292,fetched,2026-08-11T03:18:34Z
19,Skyworks,Skyworks Delivers Solid Third Quarter Fiscal Year 2026 Results; Announces Key Steps Toward Qorvo Combination,https://investors.skyworksinc.com/news-releases/news-release-details/skyworks-delivers-solid-third-quarter-fiscal-year-2026-results,Skyworks - Press Releases / Press Releases,2026-07-27T15:00:00Z,2026-08-11T03:18:34Z,official_page,https://investors.skyworksinc.com/press-releases,official,10,https://investors.skyworksinc.com/press-releases,Skip to main navigation Home Investors Investor Overview Analyst Coverage Annual Reports & Proxies Board of Directors Company Presentation Corporate Governance Dividends Investor Events Historic Stock Lookup Investment Calculator Investor FAQ Press Releases SEC Filings Senior Management Stock Quote & Chart Sustainability Report Tax Allocation Basis Tax Strategy - UK Transfer Agent Thought Leadership 5G Internet of Things High Performance Filters Markets Mobile Internet of Things Consumer Infrastructure Automotive Aerospace and Defense Medical and Healthcare Technology Standards Cellular Wi-Fi Bluetooth® GPS Zigbee® LoRa® Systems Solutions Sky5® Diversity Receive (DRx) and MIMO Transmit SkyOne® Cellular IoT Wi-Fi Connectivity Antenna Management Integrated Infrastructure Audio Products Front...,3109,fetched,2026-08-11T03:18:34Z
19,Skyworks,Skyworks and Qorvo Announce Expected Leadership Team for Combined Company,https://investors.skyworksinc.com/news-releases/news-release-details/skyworks-and-qorvo-announce-expected-leadership-team-combined,Skyworks - Press Releases / Press Releases,2026-07-27T15:00:00Z,2026-08-11T03:18:34Z,official_page,https://investors.skyworksinc.com/press-releases,official,10,https://investors.skyworksinc.com/press-releases,Skip to main navigation Home Investors Investor Overview Analyst Coverage Annual Reports & Proxies Board of Directors Company Presentation Corporate Governance Dividends Investor Events Historic Stock Lookup Investment Calculator Investor FAQ Press Releases SEC Filings Senior Management Stock Quote & Chart Sustainability Report Tax Allocation Basis Tax Strategy - UK Transfer Agent Thought Leadership 5G Internet of Things High Performance Filters Markets Mobile Internet of Things Consumer Infrastructure Automotive Aerospace and Defense Medical and Healthcare Technology Standards Cellular Wi-Fi Bluetooth® GPS Zigbee® LoRa® Systems Solutions Sky5® Diversity Receive (DRx) and MIMO Transmit SkyOne® Cellular IoT Wi-Fi Connectivity Antenna Management Integrated Infrastructure Audio Products Front...,1939,fetched,2026-08-11T03:18:34Z
30,NXP,NXP Semiconductors Reports Second Quarter 2026 Results,https://media.nxp.com/news-releases/news-release-details/nxp-semiconductors-reports-second-quarter-2026-results,NXP - Press Releases / Press Releases,2026-07-27T15:00:00Z,2026-08-11T03:18:34Z,official_page,https://www.nxp.com/press-releases,official,10,https://www.nxp.com/press-releases,"Skip to main navigation Press Release NXP Semiconductors Reports Second Quarter 2026 Results July 28, 2026 at 4:10 PM EDT EINDHOVEN, The Netherlands , July 28, 2026 (GLOBE NEWSWIRE) -- NXP Semiconductors N.V. (NASDAQ: NXPI) today reported financial results for the second quarter, which ended June 28, 2026 . “NXP delivered second-quarter revenue of $3.5 billion , up 19 percent year-on-year and 10 percent sequentially, with growth across all end markets and all regions. This performance reflects the strength of our company-specific growth drivers, particularly in Software-Defined Vehicles and Physical AI, with Data Center emerging as an additional growth engine. Our strong first-half results and third-quarter guidance reinforce our confidence in achieving our financial commitments to drive l...",4495,fetched,2026-08-11T03:18:34Z
68,JSR,07/31/2026 Support for People and Communities Affected by the 2026 Kumamoto Earthquake,https://www.jsr.co.jp/jsr_e/news/2026/20260731.html,JSR - 2026 News / Newsroom / News RSS,2026-07-27T15:00:00Z,2026-08-11T03:18:34Z,official_feed_discovered,https://www.jsr.co.jp/jsr_e/news/rss.xml,official,10,https://www.jsr.co.jp/jsr_e/news/rss.xml,"HOME News 2026 Support for People and Communities Affected by the 2026 Kumamoto Earthquake Support for People and Communities Affected by the 2026 Kumamoto Earthquake 07/31/2026 Sustainability The JSR Group extends its deepest sympathies to all those affected by the earthquake that struck Kumamoto, Japan, on July 28, 2026. To support relief efforts and contribute to the recovery and reconstruction of the affected areas, JSR Group in Japan* have decided to donate 10 million yen through the Japanese Red Cross Society. The JSR Group sincerely hopes for the swift recovery and restoration of the affected communities. *JSR Corporation, Techno-UMG Co., Ltd. Back to INDEX",104,fetched,2026-08-11T03:18:34Z
54,HyproMag,Welcome to Mkango Resources Ltd.,https://mkango.ca/news/hypromag-usa-to-establish-early-magnet-finishing-capability-as-part-of-phased-texas-hub-development/,HyproMag - Mkango 2026 News / News Archive RSS,2026-07-27T05:00:08Z,2026-08-11T03:18:34Z,official_feed_discovered,https://mkango.ca/rss,official,10,https://mkango.ca/rss,"News HyProMag USA To Establish Early Magnet Finishing Capability As Part Of Phased Texas Hub Development July 27, 2026 View PDF (409 kB) Commissioning of finished magnet production equipment targeted for H1-2027, ahead of fully integrated U.S. operations in Q2 2028 London / Vancouver: July 27 2026 - Mkango Resources Ltd (AIM/TSX-V: MKA) (“Mkango”) is pleased to announce that HyProMag USA, LLC (“HyProMag USA” or the “Company”), has provided an update regarding a phased development strategy for its Ironhead facility in Dallas-Fort Worth, Texas (the “Texas Hub”), including fast-tracking of magnet finishing equipment commissioning and initial production. Accelerated magnet finishing and initial sales Under the phased plan, HyProMag USA is now targeting commissioning of its initial finished neo...",4017,fetched,2026-08-11T03:18:34Z
64,Hitachi Metals,About Proterial’s Participation in the Formula SAE Japan 2026 as a Sponsor,https://www.proterial.com/e/press/2026/n0727.html,Hitachi Metals - Proterial 2026 Press Releases / Press Releases,2026-07-27T00:00:00Z,2026-08-11T03:18:34Z,official_page,https://www.proterial.com/e/press/2026/,official,10,https://www.proterial.com/e/press/2026/,"TOP News Release 2026 About Proterial’s Participation in the Formula SAE Japan 2026 as a Sponsor Release About Proterial’s Participation in the Formula SAE Japan 2026 as a Sponsor July 27, 2026 Proterial, Ltd. Proterial, Ltd. (hereinafter, Proterial) would like to announce that it will support the Formula SAE Japan 2026 as an S-class sponsor once again this year. The Formula SAE Japan is an event where students compete in overall manufacturing ability with vehicles that they come up with, design, and produce by themselves. This year marks the 24rd holding of the event. The purpose is to train human resources who can contribute to the development and promotion of automotive technology and industry. Japanese and overseas automobile and automobile parts manufacturers, along with others who ag...",338,fetched,2026-08-11T03:18:34Z
16,Amkor Technology,"Amkor Technology to Announce Second Quarter 2026 Financial Results on July 27, 2026",https://ir.amkor.com/news-releases/news-release-details/amkor-technology-announce-second-quarter-2026-financial-results,Amkor Technology - Investor Press Releases / Press Releases,2026-07-26T15:00:00Z,2026-08-11T03:18:34Z,official_page,https://ir.amkor.com/press-releases,official,10,https://ir.amkor.com/press-releases,"Skip to content Press Releases Printer-friendly version Back Amkor Technology to Announce Second Quarter 2026 Financial Results on July 27, 2026 TEMPE, Ariz. --(BUSINESS WIRE)--Jul. 7, 2026-- Amkor Technology, Inc. (Nasdaq: AMKR), a leading provider of semiconductor packaging and test services, will issue its financial results for the second quarter of 2026 after the close of trading on the Nasdaq Global Select Market on Monday, July 27, 2026 . Amkor management will host a conference call and webcast to review the results on Monday, July 27, 2026 , at 5:00 p.m. Eastern Time . To access the live audio webcast and the accompanying slide presentation, visit the Investor Relations section of Amkor’s website, located at ir.amkor.com . An archived replay of the webcast will be available after co...",268,fetched,2026-08-11T03:18:34Z
16,Amkor Technology,Amkor Technology Reports Financial Results for the Second Quarter 2026,https://ir.amkor.com/news-releases/news-release-details/amkor-technology-reports-financial-results-second-quarter-2026,Amkor Technology - Investor Press Releases / Press Releases,2026-07-26T15:00:00Z,2026-08-11T03:18:34Z,official_page,https://ir.amkor.com/press-releases,official,10,https://ir.amkor.com/press-releases,"Skip to content Press Releases Printer-friendly version Back Amkor Technology Reports Financial Results for the Second Quarter 2026 TEMPE, Ariz. --(BUSINESS WIRE)--Jul. 27, 2026-- Amkor Technology, Inc. (Nasdaq: AMKR), a leading provider of semiconductor packaging and test services, today announced financial results for the second quarter ended June 30, 2026 . Record Second Quarter 2026 Highlights Net sales $1.90 billion , up 26% year-on-year Gross profit $319 million , operating income $200 million Net income $174 million , earnings per diluted share $0.70 EBITDA $400 million “Amkor delivered record second quarter revenue and strong profitability, with record revenue in our Computing and Automotive & Industrial end markets,” said Kevin Engel , president and chief executive officer. “Durin...",2595,fetched,2026-08-11T03:18:34Z
69,Shin-Etsu Chemicals,2026.07.24 IR Notice Regarding the Acquisition of Own Shares through the Off-Auction Share Repurchase Trading System (ToSTNeT-3) pdf,https://www.shinetsu.co.jp/wp-content/uploads/2026/07/20260724E2-1.pdf,Shin-Etsu Chemicals - News Releases / Press Releases,2026-07-24T00:00:00Z,2026-08-11T03:18:34Z,official_page,https://www.shinetsu.co.jp/en/category/news/news-release/,official,10,https://www.shinetsu.co.jp/en/category/news/news-release/,,,skipped_non_html,
69,Shin-Etsu Chemicals,"2026.07.24 IR Financial Data for the First Quarter Ended June 30, 2026",https://www.shinetsu.co.jp/en/ir/ir-data/ir-results/,Shin-Etsu Chemicals - News Releases / Press Releases,2026-07-24T00:00:00Z,2026-08-11T03:18:34Z,official_page,https://www.shinetsu.co.jp/en/category/news/news-release/,official,10,https://www.shinetsu.co.jp/en/category/news/news-release/,日本語 English Company Company Company Profile Company History Organization Corporate Governance Global Network Quality Control Research and Development Procurement Business & Products Business & Products Business Segment Product Search Product Sites Catalogs Investors Investors Management Policy Financial Highlights IR Library Stock Information General Meeting of Shareholders IR Calendar Sustainability Sustainability AI-Driven Future Environment and Safety First at Shintech Management Foundation Legal Compliance Environment Social Sustainability Report Sustainability Data News &times; Financial Data Home > Investors > IR Library > Financial Data 2026 2025 2024 2023 2022 2021 2020 2019 2018 2017 2016 2015 2014 2013 2012 2026 2025 2024 2023 2022 2021 2020 2019 2018 2017 2016 2015 2014 2013 201...,865,fetched,2026-08-11T03:18:34Z
14,DOW,Dow reports second quarter 2026 results,https://investors.dow.com/en/news/news-details/2026/Dow-reports-second-quarter-2026-results/default.aspx,DOW - Investor News / Investor News RSS,2026-07-23T10:00:00Z,2026-08-11T03:18:34Z,official_feed_discovered,https://investors.dow.com/rss/PressRelease.aspx?LanguageId=1&CategoryWorkflowId=1cb807d2-208f-4bc3-9133-6a9ad45ac3b0&tags=,official,10,https://investors.dow.com/rss/PressRelease.aspx?LanguageId=1&CategoryWorkflowId=1cb807d2-208f-4bc3-9133-6a9ad45ac3b0&tags=,Dow reports second quarter 2026 results | Dow Investor Relations,10,fetched,2026-08-11T03:18:34Z
7,West Pharmaceutical,West Reports Second-Quarter 2026 Results,https://investor.westpharma.com/news-releases/news-release-details/west-reports-second-quarter-2026-results,West Pharmaceutical - Press Releases / Press Releases,2026-07-22T15:00:00Z,2026-08-11T03:18:34Z,official_page,https://investor.westpharma.com/press-releases,official,10,https://investor.westpharma.com/press-releases,"Skip to main navigation Release Details Investors Release Details Overview Financial SEC Filings Annual Reports & Proxy Quarterly Results Dividends & Split History Events & Presentations Press Releases Corporate Governance Governance Documents Leadership Team Board of Directors Committee Board Information Contact the Board of Directors Stock Information Stock Quote & Chart Historical Price Lookup Investment Calculator Analyst Coverage Transfer Agent (Common Stock) Current price Net Change Minimum 15 minutes delayed. Source: LSEG Release Details West Reports Second-Quarter 2026 Results July 23, 2026 PDF Version Raising Full-Year Net Sales and EPS guidance EXTON, Pa. , July 23, 2026 /PRNewswire/ -- West Pharmaceutical Services, Inc. (NYSE: WST), a leading provider of innovative, high-quality...",4155,fetched,2026-08-11T03:18:34Z
12,Chemours,Chemours Announces Dates for Second Quarter 2026 Earnings Release and Webcast Conference Call,https://investors.chemours.com/news-releases/news-release-details/chemours-announces-dates-second-quarter-2026-earnings-release,Chemours - News Releases / Press Releases,2026-07-22T15:00:00Z,2026-08-11T03:18:34Z,official_page,https://investors.chemours.com/news-releases,official,10,https://investors.chemours.com/news-releases,"Skip to main navigation Chemours Announces Dates for Second Quarter 2026 Earnings Release and Webcast Conference Call July 23, 2026 PDF Version WILMINGTON, Del. , July 23, 2026 /PRNewswire/ -- The Chemours Company (""Chemours"" or ""the Company"") (NYSE: CC) today announced that the Company expects to issue its second quarter 2026 financial results after market on Tuesday, August 4, 2026 . The Company expects to hold its conference call to discuss its second quarter 2026 financial results at 8:00 a.m. Eastern Daylight Time on Wednesday, August 5, 2026 . The call is open to the public and can be accessed via the webcast information below. The webcast and materials can be accessed by visiting the ""Events and Presentations"" section of the Investor Relations section of Chemours' website at investo...",324,fetched,2026-08-11T03:18:34Z
16,Amkor Technology,Amkor Technology Announces Strategic Partnership with NVIDIA to Expand Advanced Packaging and Test for Next-Generation AI Infrastructure,https://ir.amkor.com/news-releases/news-release-details/amkor-technology-announces-strategic-partnership-nvidia-expand,Amkor Technology - Investor Press Releases / Press Releases,2026-07-22T15:00:00Z,2026-08-11T03:18:34Z,official_page,https://ir.amkor.com/press-releases,official,10,https://ir.amkor.com/press-releases,"Skip to content Press Releases Printer-friendly version Back Amkor Technology Announces Strategic Partnership with NVIDIA to Expand Advanced Packaging and Test for Next-Generation AI Infrastructure $1.5 Billion Multi-Year Advanced Packaging and Development Agreement to Support Expansion of Amkor’s U.S . Advanced Packaging Capacity TEMPE, Ariz. --(BUSINESS WIRE)--Jul. 23, 2026-- Amkor Technology, Inc. (Nasdaq: AMKR) today announced a multi-year strategic partnership with NVIDIA to develop advanced semiconductor packaging and test technologies for next-generation AI and accelerated computing platforms. Under the agreement, NVIDIA will provide a prepayment to support the expansion of Amkor’s U.S . advanced packaging capacity. Advanced packaging enables the performance, energy efficiency and s...",742,fetched,2026-08-11T03:18:34Z
19,Skyworks,Skyworks Introduces New NetSync™ Network Synchronizers Available Now For AI Data Centers and Time-Sensitive Infrastructure,https://investors.skyworksinc.com/news-releases/news-release-details/skyworks-introduces-new-netsynctm-network-synchronizers,Skyworks - Press Releases / Press Releases,2026-07-22T15:00:00Z,2026-08-11T03:18:34Z,official_page,https://investors.skyworksinc.com/press-releases,official,10,https://investors.skyworksinc.com/press-releases,Skip to main navigation Home Investors Investor Overview Analyst Coverage Annual Reports & Proxies Board of Directors Company Presentation Corporate Governance Dividends Investor Events Historic Stock Lookup Investment Calculator Investor FAQ Press Releases SEC Filings Senior Management Stock Quote & Chart Sustainability Report Tax Allocation Basis Tax Strategy - UK Transfer Agent Thought Leadership 5G Internet of Things High Performance Filters Markets Mobile Internet of Things Consumer Infrastructure Automotive Aerospace and Defense Medical and Healthcare Technology Standards Cellular Wi-Fi Bluetooth® GPS Zigbee® LoRa® Systems Solutions Sky5® Diversity Receive (DRx) and MIMO Transmit SkyOne® Cellular IoT Wi-Fi Connectivity Antenna Management Integrated Infrastructure Audio Products Front...,1214,fetched,2026-08-11T03:18:34Z
21,GE Healthcare,GE HealthCare announces CFO transition; reports preliminary second quarter 2026 financial results and reaffirms guidance reflecting business momentum,https://investor.gehealthcare.com/news-releases/news-release-details/ge-healthcare-announces-cfo-transition-reports-preliminary,GE Healthcare - Investor News Releases / Investor News / Press Releases,2026-07-22T15:00:00Z,2026-08-11T03:18:34Z,official_page,https://investor.gehealthcare.com/news-events/news-releases,official,10,https://investor.gehealthcare.com/news-events/news-releases,"Skip to main navigation GEHealthcare.com About Us Leadership Sustainability News News Release GE HealthCare announces CFO transition; reports preliminary second quarter 2026 financial results and reaffirms guidance reflecting business momentum July 23, 2026 PDF Version James (Jay) Saccaro to step down as Chief Financial Officer (CFO) of GE HealthCare Preliminary second quarter results reflect business momentum: On a year-over-year basis, Revenue growth of 5.7% and Organic revenue growth* of 3.5%; Adjusted earnings per share (EPS)* performance ahead of prior expectation Reaffirms full-year 2026 guidance CHICAGO --(BUSINESS WIRE)--Jul. 23, 2026-- GE HealthCare (Nasdaq: GEHC) today announced that Jay Saccaro will step down as Vice President and Chief Financial Officer for an expanded role out...",1876,fetched,2026-08-11T03:18:34Z
24,Ouster,Ouster Names Shaluinn Fullove as Chief People Officer to Drive Global Growth and Talent Strategy,https://investors.ouster.com/news-releases/news-release-details/ouster-names-shaluinn-fullove-chief-people-officer-drive-global,Ouster - News Releases / Press Releases,2026-07-22T15:00:00Z,2026-08-11T03:18:34Z,official_page,https://investors.ouster.com/news-events/news-releases,official,10,https://investors.ouster.com/news-events/news-releases,"Skip to main navigation Ouster acquires StereoLabs. Learn More Ouster Names Shaluinn Fullove as Chief People Officer to Drive Global Growth and Talent Strategy July 23, 2026 PDF Version A veteran leader at Google, Lyft, GM , and Nest, Fullove brings world-class, high-performance organizational DNA to Ouster SAN FRANCISCO --(BUSINESS WIRE)--Jul. 23, 2026-- Ouster, Inc. (Nasdaq: OUST) (“Ouster” or the “Company”), a leader in sensing and perception for Physical AI, today announced the appointment of Shaluinn Fullove as Chief People Officer . In this role, Fullove will join the Executive Leadership Team and report directly to the CEO, leading the Company’s global people strategy. Fullove joins Ouster as a seasoned operator with over twenty years of leadership experience scaling companies from...",876,fetched,2026-08-11T03:18:34Z
72,Mitsubishi Chemical,"Jul. 23, 2026 Business Mitsubishi Chemical Corporation Develops New Series of Xlink Tech Carbon Fiber Prepreg —Contributing to enhanced CFRP performance in applications ranging from sports and leisure to mobility and industry—",https://www.mcgc.com/english/news_release/02732.html,Mitsubishi Chemical - News Releases / Press Releases,2026-07-22T15:00:00Z,2026-08-11T03:18:34Z,official_page,https://www.mcgc.com/english/news_release/,official,10,https://www.mcgc.com/english/news_release/,"HOME News Releases Mitsubishi Chemical Corporation Develops New Series of Xlink Tech Carbon Fiber Prepreg —Contributing to enhanced CFRP performance in applications ranging from sports and leisure to mobility and industry— Mitsubishi Chemical Corporation Develops New Series of Xlink Tech Carbon Fiber Prepreg —Contributing to enhanced CFRP performance in applications ranging from sports and leisure to mobility and industry— July 23, 2026 Mitsubishi Chemical Corporation (Head Office: Chiyoda-ku, Tokyo; President: Manabu Chikumoto; hereinafter, &ldquo;the Company&rdquo;) hereby announces that it has added the&nbsp;Xlink Tech TM -HT (#375) and&nbsp;Xlink Tech TM -HS (#372) series to its&nbsp;&nbsp;Xlink Tech TM -carbon fiber prepreg portfolio. The Company has commenced sample work for these ne...",372,fetched,2026-08-11T03:18:34Z
54,HyproMag,Exercise Of Warrants,https://mkango.ca/news/exercise-of-warrants-3/,HyproMag - Mkango 2026 News / News Archive RSS,2026-07-22T05:05:04Z,2026-08-11T03:18:34Z,official_feed_discovered,https://mkango.ca/rss,official,10,https://mkango.ca/rss,"News Exercise Of Warrants July 22, 2026 View PDF (371 kB) LONDON / VANCOUVER: 22 July 2026 – Mkango Resources Ltd. (AIM/TSX-V: MKA) (“Mkango” or “Company”) announces that it has received an exercise notice from a Mkango warrant holder to exercise 550,000 warrants over common shares in the Company, at a price of seven (7) pence per common share. Accordingly, the Company will issue 550,000 common shares (""Warrant Shares"") to satisfy this exercise. The Warrant Shares will rank pari passu with the Company's existing shares and application has been made for the Warrant Shares to be admitted to trading on AIM (""Admission""). It is expected that Admission will become effective and dealings in the Warrant Shares will commence at 8:00 am on or around 27 July 2026. The Warrant Shares will also be lis...",1983,fetched,2026-08-11T03:18:34Z
11,Air Products,Air Products Declares Quarterly Dividend,https://www.airproducts.com/company/news-center/2026/07/0722-air-products-declares-quarterly-dividend,Air Products - News Center / Newsroom / News RSS,2026-07-22T00:00:00Z,2026-08-11T03:18:34Z,official_feed_discovered,https://www.airproducts.com/company/news-center/api?rssfeed=true,official,10,https://www.airproducts.com/company/news-center/api?rssfeed=true,"07/22/2026 | Lehigh Valley, PA Air Products Declares Quarterly Dividend Media Contacts: Katie McDonald | +1 610 481 3673 Investor Contacts: Megan Britt | +1 610 481 0590 The Board of Directors of Air Products (NYSE:APD) today declared a quarterly dividend of $1.81 per share of common stock. The dividend is payable on November 9, 2026 to shareholders of record at the close of business on October 1, 2026.&nbsp; About Air Products &nbsp; Air Products (NYSE: APD ) is a world-leading industrial gases company in operation for over 85 years focused on serving energy, environmental, and emerging markets and generating a cleaner future. The Company supplies essential industrial gases, related equipment and applications expertise to customers in dozens of industries, including refining, chemicals, m...",199,fetched,2026-08-11T03:18:34Z
42,Jenoptik,Current information on the Jenoptik Group,https://www.jenoptik.us/news/press-releases,Jenoptik - Press Releases / Press Releases,2026-07-21T15:00:00Z,2026-08-11T03:18:34Z,official_page,https://www.jenoptik.com/news/pressreleases,official,10,https://www.jenoptik.com/news/pressreleases,"Home News Press Releases Recommend Mail Facebook LinkedIn Press Releases July 22, 2026 Jenoptik to deploy mobile speed and noise enforcement systems in Santa Fe, New Mexico Jenoptik partners with the city of Santa Fe, New Mexico to implement an automated speed and noise pollution enforcement program. read more June 11, 2026 Brian Soller named President of JENOPTIK Optical Systems, LLC He will be responsible for the efficient operation, strategic development and sustainable growth of Jenoptik’s U.S. optics and photonics business. read more June 10, 2026 Daniela Mattheus re-elected as Chair of the Supervisory Board of JENOPTIK AG At its meeting on June 9, 2026, held following the Annual General Meeting, the Supervisory Board of JENOPTIK AG, Jena, unanimously re-elected Daniela Mattheus as Ch...",4844,fetched,2026-08-11T03:18:34Z
23,3M,3M Reports Second-Quarter 2026 Results; Increases Full-Year Guidance,https://investors.3m.com/news-events/press-releases/detail/1938/3m-reports-second-quarter-2026-results-increases-full-year,3M - IR Press Releases / Investor Press Releases RSS,2026-07-21T10:30:00Z,2026-08-11T03:18:34Z,official_feed_discovered,https://investors.3m.com/news-events/press-releases/rss,official,10,https://investors.3m.com/news-events/press-releases/rss,"3M Reports Second-Quarter 2026 Results; Increases Full-Year Guidance Jul 21, 2026 • 6:30 AM EDT Download as PDF Related Documents Webcast Stream Transcript Presentation PDF Financial Statement Information PDF 10-Q Filing HTML PDF Q2 GAAP sales of $6.5 billion, up 2.4%; operating margin of 15.1%, down 290 bps; EPS of $1.78, up 33%, all YoY Adjusted sales of $6.5 billion with organic growth of 5.4%&nbsp;YoY Adjusted operating margin of 24.9%, up 40 bps YoY Adjusted EPS of $2.40, up 11% YoY Q2 operating cash flow of $1.0 billion with adjusted free cash flow of $1.3 billion 2026 adjusted EPS guidance increased from $8.50 - $8.70 to $8.80 - $8.95 ST. PAUL, Minn. , July 21, 2026 /PRNewswire/ -- 3M (NYSE: MMM) today reported second-quarter results. ""We delivered a strong second quarter, exceeding...",1691,fetched,2026-08-11T03:18:34Z
5,Cytiva,Danaher Reports Second Quarter 2026 Results Danaher Corporation (NYSE: DHR) today announced results for the second quarter 2026. All results in this release reflect only continuing operations and period-to-period comparisons are... 07.21.2026,https://investors.danaher.com/2026-07-21-Danaher-Reports-Second-Quarter-2026-Results,Cytiva - Danaher Press Releases / Press Releases,2026-07-21T00:00:00Z,2026-08-11T03:18:34Z,official_page,https://www.danaher.com/press-releases,official,10,https://www.danaher.com/press-releases,", but this code // executes before the first paint, when is not yet present. The // classes are added to so styling immediately reflects the current // toolbar state. The classes are removed after the toolbar completes // initialization. const classesToAdd = ['toolbar-loading', 'toolbar-anti-flicker']; if (toolbarState) { const { orientation, hasActiveTab, isFixed, activeTray, activeTabId, isOriented, userButtonMinWidth } = toolbarState; classesToAdd.push( orientation ? `toolbar-` + orientation + `` : 'toolbar-horizontal', ); if (hasActiveTab !== false) { classesToAdd.push('toolbar-tray-open'); } if (isFixed) { classesToAdd.push('toolbar-fixed'); } if (isOriented) { classesToAdd.push('toolbar-oriented'); } if (activeTray) { // These styles are added so the active tab/tray styles are presen...",5279,fetched,2026-08-11T03:18:34Z
11,Air Products,Air Products to Expand Integrated Gas Supply Network for Semiconductor Manufacturer in Taiwan,https://www.airproducts.com/company/news-center/2026/07/0721-air-products-to-expand-gas-supply-network-for-semiconductor-manufacturer-in-taiwan,Air Products - News Center / Newsroom / News RSS,2026-07-21T00:00:00Z,2026-08-11T03:18:34Z,official_feed_discovered,https://www.airproducts.com/company/news-center/api?rssfeed=true,official,10,https://www.airproducts.com/company/news-center/api?rssfeed=true,"07/21/2026 | Lehigh Valley, PA Air Products to Expand Integrated Gas Supply Network for Semiconductor Manufacturer in Taiwan New investment to support next-generation facility expansion&nbsp; Media Contacts: Jessica Cheng | +852 9302 5597 Brian Malina | +1 610 481 3898 Investor Contacts: Megan Britt | +1 610 481 0590 Air Products (NYSE:APD), a world-leading industrial gases company, today announced Air Products San Fu has been awarded a long-term agreement to support a semiconductor manufacturer&rsquo;s expansion in Taiwan. The project will supply multiple new semiconductor fabs and back-end packaging facilities, supporting growing demand driven by artificial intelligence and high-performance computing.&nbsp; Air Products San Fu will build, own, and operate four large state-of-the-art air...",669,fetched,2026-08-11T03:18:34Z
7,West Pharmaceutical,West Declares Quarterly Dividend,https://investor.westpharma.com/news-releases/news-release-details/west-declares-quarterly-dividend-0,West Pharmaceutical - Press Releases / Press Releases,2026-07-20T15:00:00Z,2026-08-11T03:18:34Z,official_page,https://investor.westpharma.com/press-releases,official,10,https://investor.westpharma.com/press-releases,"Skip to main navigation Release Details Investors Release Details Overview Financial SEC Filings Annual Reports & Proxy Quarterly Results Dividends & Split History Events & Presentations Press Releases Corporate Governance Governance Documents Leadership Team Board of Directors Committee Board Information Contact the Board of Directors Stock Information Stock Quote & Chart Historical Price Lookup Investment Calculator Analyst Coverage Transfer Agent (Common Stock) Current price Net Change Minimum 15 minutes delayed. Source: LSEG Release Details West Declares Quarterly Dividend July 21, 2026 PDF Version EXTON, Pa. , July 21, 2026 /PRNewswire/ -- On July 21, 2026, the Board of Directors of West Pharmaceutical Services, Inc. (NYSE: WST), a global leader in innovative solutions for injectable...",328,fetched,2026-08-11T03:18:34Z
30,NXP,NXP Simplifies Infotainment Design With Single-Chip Radio and AI/ML-Enabled Audio Solution,https://www.nxp.com/company/about-nxp/newsroom/NW-NXP-INFOTAINMENT-CHIP-AI-ML-AUDIO,NXP - Press Releases / Press Releases,2026-07-20T15:00:00Z,2026-08-11T03:18:34Z,official_page,https://www.nxp.com/press-releases,official,10,https://www.nxp.com/press-releases,"About NXP Careers Contact Us Inclusion at NXP Innovation Stories Events History Investor Relations Newsroom NXP Leadership Our Brand Our Team Members Quality Smarter World Blog Smarter World Podcast Smarter World Videos Startups x NXP Step Forward Sustainability Trade Compliance We Are NXP Worldwide Locations Newsroom Media Contacts News Briefs Partner and Industry News Press Kits Press Releases NXP Simplifies Infotainment Design With Single-Chip Radio and AI/ML-Enabled Audio Solution NXP Simplifies Infotainment Design With Single-Chip Radio and AI/ML-Enabled Audio Solution July 21, 2026 10:00 AM by NXP Semiconductors News Brief Share Twitter LinkedIn Facebook SAF9800 gives automakers the flexibility to address new radio challenges, like regulatory guidelines and mounting system complexity...",767,fetched,2026-08-11T03:18:34Z
21,GE Healthcare,GE HealthCare introduces MIM Anyware to extend remote access to imaging data and optimize clinical collaboration,https://investor.gehealthcare.com/news-releases/news-release-details/ge-healthcare-introduces-mim-anyware-extend-remote-access,GE Healthcare - Investor News Releases / Investor News / Press Releases,2026-07-19T15:00:00Z,2026-08-11T03:18:34Z,official_page,https://investor.gehealthcare.com/news-events/news-releases,official,10,https://investor.gehealthcare.com/news-events/news-releases,"Skip to main navigation GEHealthcare.com About Us Leadership Sustainability News News Release GE HealthCare introduces MIM Anyware to extend remote access to imaging data and optimize clinical collaboration July 20, 2026 PDF Version MIM Anyware is designed to deliver secure, healthcare system-controlled access to the full portfolio of GE HealthCare’s MIM software solutions through a web browser, regardless of their location. The platform enables simultaneous clinical review and processing of imaging data across departments to enhance clinical collaboration and patient care delivery. CHICAGO --(BUSINESS WIRE)--Jul. 20, 2026-- GE HealthCare (Nasdaq: GEHC) today announced the introduction of MIM Anyware™, a remote access platform that provides secure, healthcare system-controlled access to im...",943,fetched,2026-08-11T03:18:34Z
18,Qualcomm,Qualcomm Announces Quarterly Cash Dividend,https://investor.qualcomm.com/news-events/press-releases/news-details/2026/Qualcomm-Announces-Quarterly-Cash-Dividend-26b7f8bdb/default.aspx,Qualcomm - Investor Relations Overview / Investor Relations RSS,2026-07-17T13:00:00Z,2026-08-11T03:18:34Z,official_feed_discovered,https://investor.qualcomm.com/rss/pressrelease.aspx,official,10,https://investor.qualcomm.com/rss/pressrelease.aspx,"View all news Qualcomm Announces Quarterly Cash Dividend 07/17/2026 Download (opens in new window) SAN DIEGO--(BUSINESS WIRE)-- Qualcomm Incorporated (NASDAQ: QCOM) today announced a quarterly cash dividend of $0.92 per common share, payable on September 24, 2026, to stockholders of record at the close of business on September 3, 2026. About Qualcomm Qualcomm is a global computing leader at the center of the AI era, enabling intelligence to scale from the most personal devices to large-scale infrastructure. Building on more than four decades of innovation, we develop platforms and solutions that bring together advanced AI, high-performance, low-power computing and industry-leading connectivity—powering products and services used around the world. At Qualcomm, we are engineering human progr...",227,fetched,2026-08-11T03:18:34Z
63,DNP,26年連続 社会的責任投資の世界的指標FTSE4Good Index Seriesに選定,https://www.dnp.co.jp/news/detail/20178448_1587.html?from=rss,DNP - Corporate News / Newsroom / News RSS,2026-07-17T01:00:00Z,2026-08-11T03:18:34Z,official_feed_discovered,https://www.dnp.co.jp/news/rss_news_jp.xml,official,10,https://www.dnp.co.jp/news/rss_news_jp.xml,2026年7月17日 26年連続 社会的責任投資の世界的指標FTSE4Good Index Seriesに選定 サステナブル経営に向けた継続的な取り組みや積極的な情報開示が評価 ニュースリリース 企業情報 サステナビリティ 社会からの評価 ESG 大日本印刷株式会社（本社:東京 代表取締役社長:北島義斉 以下:DNP）は、社会的責任投資（SRI：Socially Responsible Investment）の世界的指標「FTSE4Good Index Series」の構成銘柄に26年連続で選定されました。 FTSE4Good Index Seriesは、コーポレート・ガバナンス、健康と安全、腐敗防止、気候変動などの分野でのパフォーマンスに基づき、ESG（環境：Environment／社会：Social／ガバナンス：Governance）に対する企業の優れた取り組みを評価するために設計されたもので、責任投資ファンドなどに利用されています。 DNPは、ESGに関する社会や人々の要請を先取りして、サステナブル経営を積極的に推進しています。今回FTSEで、こうした取り組みや国際基準に沿った積極的な情報開示の姿勢が高く評価され、特に「コーポレート・ガバナンス」の分野において、昨年よりも評価が向上しました。 そのほかDNPが選定されている主な指標 DNPは、公的年金を運用する年金積立金管理運用独立行政法人（GPIF）が採用する日本企業対象のESG指数の構成銘柄のすべてに、継続して選定されています。 FTSE JPX Blossom Japan Index FTSE JPX Blossom Japan Sector Relative Index MSCI 日本株ESGセレクト・リーダーズ指数 MSCI 日本株女性活躍指数（WIN） S&P/JPXカーボン・エフィシェント指数 Morni...,174,fetched,2026-08-11T03:18:34Z
2,Cognex,Cognex Announces Second Quarter 2026 Earnings Release and Conference Call Dates,https://investor.cognex.com/news/news-details/2026/Cognex-Announces-Second-Quarter-2026-Earnings-Release-and-Conference-Call-Dates/default.aspx,Cognex - News / Investor News / Press Releases RSS,2026-07-16T12:00:00Z,2026-08-11T03:18:34Z,official_feed_discovered,https://investor.cognex.com/rss/pressrelease.aspx,official,10,https://investor.cognex.com/rss/pressrelease.aspx,Cognex Announces Second Quarter 2026 Earnings Release and Conference Call Dates - Investor Relations | Cognex,16,fetched,2026-08-11T03:18:34Z
76,Cheng Uei Precision,正崴在美首座AI工廠正式啟用 加速從EMS走向AI製造轉型,https://www.foxlink.com/web/%e6%ad%a3%e5%b4%b4%e5%9c%a8%e7%be%8e%e9%a6%96%e5%ba%a7ai%e5%b7%a5%e5%bb%a0%e6%ad%a3%e5%bc%8f%e5%95%9f%e7%94%a8%e3%80%80%e5%8a%a0%e9%80%9f%e5%be%9eems%e8%b5%b0%e5%90%91ai%e8%a3%bd%e9%80%a0%e8%bd%89/,Cheng Uei Precision - Foxlink Official Website / Company Website RSS,2026-07-16T08:59:13Z,2026-08-11T03:18:34Z,official_feed_discovered,https://www.foxlink.com/web/feed/,official,10,https://www.foxlink.com/web/feed/,"正崴在美首座AI工廠正式啟用 加速從EMS走向AI製造轉型 正崴在美首座AI工廠正式啟用 加速從EMS走向AI製造轉型 正崴集團（Foxlink Group）宣布，旗下德州廠（Foxlink Texas Inc., FTI）美國時間7月14日在德州沃思堡（Fort Worth）AllianceTexas正式啟用，是正崴在美國設立的首座AI示範工廠。這也是正崴從傳統電子專業製造服務（EMS）供應商，走向AI工廠營運模式的關鍵一步，讓「AI導入生產現場」從概念正式落地到產線。 德州廠的先進技術基礎，來自正崴集團整合算力與機器人技術的AI工廠架構，包含集團旗下友崴（UBILINK）在台灣以NVIDIA H100架構建置的大規模GPU高效能運算平台，提供穩定快速的運算基礎；星科國際（SYNCROBOTIC）則同步開發AI與機器人系統，將算力延伸至工業現場。這套架構強調可複製性，在單一據點驗證成功後，可望隨時間延伸到正崴全球製造版圖中的其他廠區。 正崴正分階段在德州廠落地其AI工廠架構，範圍涵蓋表面黏著技術（SMT）與最終組裝、測試及包裝（FATP）產線，透過AI驅動的自動化提升生產彈性、降低換線成本。作為正崴全球製造網絡最新據點，德州廠的設立直接回應北美客戶對在地化、韌性供應鏈的需求，也呼應正崴全球營運同步展開的轉型腳步。 正崴集團總經理郭守富表示：「正崴四十年的電子製造經驗，以及在全球工業據點的佈局，是這次轉型真正的資本。我們正把這些經驗轉化為實際的AI能力。這不只是產線升級，而是製造業運作方式的重新定義。正崴已經不再是傳統電子製造商，除了推動自家工廠的AI化，我們也希望協助全球製造業者，用同樣的方式建立自己的AI能力。」 全球製造業正加速將AI導入生產現場，而不再將其視為營運之外的獨立專案。供應鏈中斷、人力成本上升，加上客戶對在地化生產的需求，是這波轉型背後的主要驅動力。正崴透...",15,fetched,2026-08-11T03:18:34Z
21,GE Healthcare,Catholic Health and GE HealthCare partner to expand patient access across Long Island,https://investor.gehealthcare.com/news-releases/news-release-details/catholic-health-and-ge-healthcare-partner-expand-patient-access,GE Healthcare - Investor News Releases / Investor News / Press Releases,2026-07-15T15:00:00Z,2026-08-11T03:18:34Z,official_page,https://investor.gehealthcare.com/news-events/news-releases,official,10,https://investor.gehealthcare.com/news-events/news-releases,"Skip to main navigation GEHealthcare.com About Us Leadership Sustainability News News Release Catholic Health and GE HealthCare partner to expand patient access across Long Island July 16, 2026 PDF Version More than 1,300 pieces of technology to be added across Catholic Health hospitals and ambulatory locations, expanding access to advanced imaging, diagnostics and specialized care closer to home AI-powered technologies to support scheduling, operations, diagnostics, and monitoring across on-device, departmental and enterprise-level applications 10-year Care Alliance combines technology modernization with service support designed to help improve equipment reliability, operational efficiencies and care consistency across Catholic Health ROCKVILLE CENTRE, N.Y. --(BUSINESS WIRE)--Jul. 16, 202...",1912,fetched,2026-08-11T03:18:34Z
29,Besi,&nbsp;,https://www.besi.com/investor-relations/press-releases/,Besi - Press Releases / Press Releases,2026-07-15T15:00:00Z,2026-08-11T03:18:34Z,official_page,https://www.besi.com/investor-relations/press-releases/,official,10,https://www.besi.com/investor-relations/press-releases/,&nbsp; StockTicker Navigatie is gesloten Company Company Profile Strategy Market Products & Services Company Overview Organization Executive Management Supervisory Board Sustainability Products & Technology Die Attach Hybrid Bonding Datacon 8800 CHAMEO ultra plus AC Thermo Compression Bonding 9800 TC next Multi Module Attach Datacon 2200 evo Datacon 2200 evo plus Datacon 2200 evo hF Datacon 2200 evo hS Datacon 2200 evo advanced Die Bonding Esec 2100 hS iXplus Esec 2100 sD advanced i Esec 2100 hS i Esec 2100 hS Esec 2100 SC Strip Mapping E142 on Esec Die Bonder Soft Solder Die Bonding Esec 2100 SSI Esec 2009 SSI E Esec 2009 fS E Flip Chip Datacon 8800 FC QUANTUM advanced Datacon 8800 FC QUANTUM advX Datacon 8800 CHAMEO advanced Esec 2100 FC hS Packaging Molding AMS-X MMS-X Fico Molding Line...,866,fetched,2026-08-11T03:18:34Z
23,3M,3M and Microsoft announce strategic partnership to advance AI data center infrastructure and enterprise transformation,https://investors.3m.com/news-events/press-releases/detail/1937/3m-and-microsoft-announce-strategic-partnership-to-advance,3M - IR Press Releases / Investor Press Releases RSS,2026-07-15T13:01:00Z,2026-08-11T03:18:34Z,official_feed_discovered,https://investors.3m.com/news-events/press-releases/rss,official,10,https://investors.3m.com/news-events/press-releases/rss,"3M and Microsoft announce strategic partnership to advance AI data center infrastructure and enterprise transformation Jul 15, 2026 • 9:01 AM EDT Download as PDF Microsoft becomes first announced&nbsp;hyperscale cloud provider to deploy 3M Expanded Beam Optical (EBO) technology 3M to use Microsoft AI and digital capabilities to advance enterprise transformation across key functions ST. PAUL, Minn. and REDMOND, Wash. , July 15, 2026 /PRNewswire/ -- 3M (NYSE: MMM) and Microsoft (NASDAQ: MSFT) today announced a strategic partnership focused on AI data center infrastructure and enterprise transformation. Microsoft's Azure Cloud and AI Infrastructure will become the first announced hyperscale cloud provider to deploy 3M's Expanded Beam Optical (EBO) technology. 3M will also use Microsoft's AI a...",852,fetched,2026-08-11T03:18:34Z
18,Qualcomm,Qualcomm Schedules Third Quarter Fiscal 2026 Earnings Release and Conference Call,https://investor.qualcomm.com/news-events/press-releases/news-details/2026/Qualcomm-Schedules-Third-Quarter-Fiscal-2026-Earnings-Release-and-Conference-Call/default.aspx,Qualcomm - Investor Relations Overview / Investor Relations RSS,2026-07-15T13:00:00Z,2026-08-11T03:18:34Z,official_feed_discovered,https://investor.qualcomm.com/rss/pressrelease.aspx,official,10,https://investor.qualcomm.com/rss/pressrelease.aspx,"View all news Qualcomm Schedules Third Quarter Fiscal 2026 Earnings Release and Conference Call 07/15/2026 Download (opens in new window) SAN DIEGO--(BUSINESS WIRE)-- Qualcomm Incorporated (NASDAQ: QCOM) today announced that it will publish the Company’s financial results for its third quarter of fiscal 2026 on Wednesday, July 29, 2026, after the close of the market on the Company’s Investor Relations website, at https://investor.qualcomm.com/financial-information . The earnings release will also be furnished to the Securities and Exchange Commission (SEC) on a Form 8-K, which will be available on the SEC website at http://www.sec.gov . Qualcomm will host a conference call to discuss its third quarter fiscal 2026 results which will be broadcast live on July 29, 2026, beginning at 1:45 p.m....",353,fetched,2026-08-11T03:18:34Z
63,DNP,協和ファーマケミカル株式会社の株式取得（子会社化）に向けた株式譲渡契約締結のお知らせ,https://www.dnp.co.jp/news/detail/20178430_1587.html?from=rss,DNP - Corporate News / Newsroom / News RSS,2026-07-15T06:30:00Z,2026-08-11T03:18:34Z,official_feed_discovered,https://www.dnp.co.jp/news/rss_news_jp.xml,official,10,https://www.dnp.co.jp/news/rss_news_jp.xml,2026年7月15日 協和ファーマケミカル株式会社の株式取得（子会社化）に向けた株式譲渡契約締結のお知らせ ニュースリリース 製品・サービス 健康・医療 企業情報 メディカル・ヘルスケア 大日本印刷株式会社（本社：東京都 代表取締役社長：北島義斉 以下：DNP）は、2026年7月15日付で、原薬製造などを手掛ける協和ファーマケミカル株式会社（本社：富山県 代表取締役社長：三吉勇人 以下：協和ファーマ）の子会社化に向け、株主である協和発酵バイオ株式会社およびその親会社であるキリンホールディングス株式会社との間で株式譲渡契約を締結しました。DNPは、2026年10月に協和ファーマの株式を100％取得し、子会社化する予定です（独占禁止法に定める手続きの完了が前提となります）。 なお、DNPによる協和ファーマの株式取得後、協和ファーマは社名を「DNPファーマケミカル」に変更する予定です。 株式取得の背景と目的 医薬品業界では、医薬品の安定供給確保や創薬の高度化を背景に、原薬 ＊1 から製剤 ＊2 まで一貫して開発・製造を担うCDMO（Contract Development and Manufacturing Organization／医薬品開発・製造受託機関）への需要が高まっています。 DNPグループは、印刷技術を起点に発展させた精密有機合成技術を活用し、医薬品の原薬事業を展開するとともに、創薬支援から医薬品の製造までを担うメディカル・ヘルスケア事業の拡大を進めています。グループ会社である株式会社DNPファインケミカル宇都宮ではジェネリック医薬品原薬の製造を、シミックCMO株式会社では医薬品の製剤開発・製造をしています。 協和ファーマは、難易度の高い有機合成技術と製造設備、承認当局が求める最新管理基準、専門知識をもつ人材や技術を保有しています。有機合成技術を核とした原薬づくりに取...,159,fetched,2026-08-11T03:18:34Z
11,Air Products,"Air Products to Broadcast Fiscal 2026 Third Quarter Earnings Teleconference on July 30, 2026",https://www.airproducts.com/company/news-center/2026/07/0715-air-products-fiscal-2026-third-quarter-earnings-teleconference-july-30,Air Products - News Center / Newsroom / News RSS,2026-07-15T00:00:00Z,2026-08-11T03:18:34Z,official_feed_discovered,https://www.airproducts.com/company/news-center/api?rssfeed=true,official,10,https://www.airproducts.com/company/news-center/api?rssfeed=true,"07/15/2026 | Lehigh Valley, PA Air Products to Broadcast Fiscal 2026 Third Quarter Earnings Teleconference on July 30, 2026 Media Contacts: Katie McDonald | +1 610 481 3673 Investor Contacts: Megan Britt | +1 610 481 0590 Air Products (NYSE:APD) will hold a conference call to discuss its fiscal 2026 third quarter financial results on Thursday, July 30, 2026 at 8:00 a.m. ET. The teleconference will be open to the public and the media in listen-only mode by telephone and Internet broadcast.&nbsp; APD Q3FY26 live teleconference : 646-769-9200 Passcode : 7872000 Internet broadcast/slides : Available on the Event Details page on Air Products&rsquo; Investor Relations website.&nbsp; Internet replay : Available on the Event Details page on Air Products&rsquo; Investor Relations website. About Air...",251,fetched,2026-08-11T03:18:34Z
4,Charles River,Charles River Laboratories Schedules Second-Quarter 2026 Earnings Release and Conference Call,https://ir.criver.com/news-releases/news-release-details/charles-river-laboratories-schedules-second-quarter-2026,Charles River - News Releases / Press Releases,2026-07-14T15:00:00Z,2026-08-11T03:18:34Z,official_page,https://ir.criver.com/news-releases/,official,10,https://ir.criver.com/news-releases/,"Skip to main navigation Investor Relations Charles River provides essential products and services to help pharmaceutical and biotechnology companies, government agencies and leading academic institutions around the globe accelerate their research and drug development efforts. Our dedicated employees are focused on providing clients with exactly what they need to improve and expedite the discovery, early-stage development and safe manufacture of new therapies for the patients who need them. News Release &nbsp;View printer-friendly version Charles River Laboratories Schedules Second-Quarter 2026 Earnings Release and Conference Call PDF Version WILMINGTON, Mass. --(BUSINESS WIRE)--Jul. 15, 2026-- Charles River Laboratories International, Inc. (NYSE: CRL) will release second-quarter 2026 finan...",319,fetched,2026-08-11T03:18:34Z
19,Skyworks,Skyworks Sets Date for Third Quarter Fiscal 2026 Earnings Release and Conference Call,https://investors.skyworksinc.com/news-releases/news-release-details/skyworks-sets-date-third-quarter-fiscal-2026-earnings-release,Skyworks - Press Releases / Press Releases,2026-07-14T15:00:00Z,2026-08-11T03:18:34Z,official_page,https://investors.skyworksinc.com/press-releases,official,10,https://investors.skyworksinc.com/press-releases,Skip to main navigation Home Investors Investor Overview Analyst Coverage Annual Reports & Proxies Board of Directors Company Presentation Corporate Governance Dividends Investor Events Historic Stock Lookup Investment Calculator Investor FAQ Press Releases SEC Filings Senior Management Stock Quote & Chart Sustainability Report Tax Allocation Basis Tax Strategy - UK Transfer Agent Thought Leadership 5G Internet of Things High Performance Filters Markets Mobile Internet of Things Consumer Infrastructure Automotive Aerospace and Defense Medical and Healthcare Technology Standards Cellular Wi-Fi Bluetooth® GPS Zigbee® LoRa® Systems Solutions Sky5® Diversity Receive (DRx) and MIMO Transmit SkyOne® Cellular IoT Wi-Fi Connectivity Antenna Management Integrated Infrastructure Audio Products Front...,695,fetched,2026-08-11T03:18:34Z
23,3M,Scotch™ Brand launches Scotch Kids® Tape for young creators,https://news.3m.com/2026-07-14-Scotch-TM-Brand-launches-Scotch-Kids-R-Tape-for-young-creators,3M - Corporate Press Releases / Press Releases RSS,2026-07-14T11:46:00Z,2026-08-11T03:18:34Z,official_feed_discovered,https://news.3m.com/press-releases?pagetemplate=rss,official,10,https://news.3m.com/press-releases?pagetemplate=rss,Go to Page Content Go to Search Go to Contact Information 3M United States 3M News Center Press Releases 3M News Center News Center Press Releases 3M Stories 3M at CES In the News Resources Media Gallery Email Alerts Newsletter Subscribe Takes you to 3m's x.com page Takes you to 3m's LinkedIn page Takes you to 3m's youtube channel Takes you to 3m's Facebook page Takes you to 3m's Instagram page 3M News Center News Center Press Releases 3M Stories 3M at CES In the News Resources Media Gallery Email Alerts Newsletter Back to Press Releases Scotch™ Brand launches Scotch Kids® Tape for young creators Print current page. Send current page by email. Get the RSS feed for this page. Download current pages PDF. Share current page on facebook. Share on Linkedin. Share current page on X p ~ p|.wd_bod...,645,fetched,2026-08-11T03:18:34Z
22,Boeing,Boeing Announces Second Quarter Deliveries,https://boeing.mediaroom.com/2026-07-14-Boeing-Announces-Second-Quarter-Deliveries,Boeing - News Releases and Statements / Press Releases / Statements,2026-07-14T00:00:00Z,2026-08-11T03:18:34Z,official_page,https://boeing.mediaroom.com/news-releases-statements,official,10,https://boeing.mediaroom.com/news-releases-statements,"--> News Releases --> Boeing Announces Second Quarter Deliveries ARLINGTON, Va. , July 14, 2026 / PRNewswire / -- The Boeing Company [NYSE: BA] announced today major program deliveries across its commercial and defense operations for the second quarter of 2026 as follows: Major Programs 2nd Quarter 2026 Year-to-Date 2026 Commercial Airplanes Programs ‌ 737 129 243 ‌ 767 10 16 ‌ 777 7 15 ‌ 787 25 40 Total 171 314 Defense, Space & Security Programs AH-64 Apache (New) 6 8 AH-64 Apache (Remanufactured) 9 24 CH-47 Chinook (New) 4 5 CH-47 Chinook (Renewed) 2 3 F-15 Models 3 4 F/A-18 Models 3 5 KC-46 Tanker 4 8 MH-139 3 5 P-8 Models 1 2 Commercial and Civil Satellites — 1 Total 1 35 65 1 Deliveries of new-build production units, including remanufactures and modifications Note: Delivery informatio...",157,fetched,2026-08-11T03:18:34Z
24,Ouster,Ouster Announces Date for Second Quarter 2026 Earnings Call,https://investors.ouster.com/news-releases/news-release-details/ouster-announces-date-second-quarter-2026-earnings-call,Ouster - News Releases / Press Releases,2026-07-13T15:00:00Z,2026-08-11T03:18:34Z,official_page,https://investors.ouster.com/news-events/news-releases,official,10,https://investors.ouster.com/news-events/news-releases,"Skip to main navigation Ouster acquires StereoLabs. Learn More Ouster Announces Date for Second Quarter 2026 Earnings Call July 14, 2026 PDF Version Company to Report Q2 2026 Results on August 6, 2026 SAN FRANCISCO --(BUSINESS WIRE)--Jul. 14, 2026-- Ouster, Inc. (Nasdaq: OUST) (“Ouster” or the “Company”), a leader in sensing and perception for Physical AI, today announced that it will report its financial results for the quarter ended June 30, 2026 after the market closes on Thursday, August 6, 2026 and host a conference call that day at 5:00 p.m. ET to discuss its results. Registration for the webcast can be completed by visiting the following website prior to, or on the day of, the conference call: https://register-conf.media-server.com/register/BI6ead86baced44176974b83a7905844fa . The w...",256,fetched,2026-08-11T03:18:34Z
22,Boeing,Boeing to Showcase Global Programs and Partnerships at Farnborough International Airshow,https://boeing.mediaroom.com/2026-07-13-Boeing-to-Showcase-Global-Programs-and-Partnerships-at-Farnborough-International-Airshow,Boeing - News Releases and Statements / Press Releases / Statements,2026-07-13T00:00:00Z,2026-08-11T03:18:34Z,official_page,https://boeing.mediaroom.com/news-releases-statements,official,10,https://boeing.mediaroom.com/news-releases-statements,"--> News Releases --> Boeing to Showcase Global Programs and Partnerships at Farnborough International Airshow p ~ p|.wd_body > p""> View File Download File Boeing to Showcase Global Programs and Partnerships at Farnborough International Airshow MQ-28 Ghost Bat to make Farnborough debut Commercial products on display include an interactive exhibit featuring a full-size 777X cabin section Defense systems at the show include a CH-47 Chinook on static display and a T-7 flight simulator in the Boeing Exhibit Pavillion FARNBOROUGH, United Kingdom , July 13, 2026 / PRNewswire / -- Boeing [NYSE: BA] will showcase its leading commercial, defense and services portfolio at the Farnborough International Airshow, reaffirming its commitment to customers, collaboration and the future of aerospace. Boeing...",892,fetched,2026-08-11T03:18:34Z
4,Charles River,"Charles River Provides NGS Services to Arovella Therapeutics, Accelerating Progress Toward Alternative Cancer Treatment Approaches",https://ir.criver.com/news-releases/news-release-details/charles-river-provides-ngs-services-arovella-therapeutics,Charles River - News Releases / Press Releases,2026-07-12T15:00:00Z,2026-08-11T03:18:34Z,official_page,https://ir.criver.com/news-releases/,official,10,https://ir.criver.com/news-releases/,"Skip to main navigation Investor Relations Charles River provides essential products and services to help pharmaceutical and biotechnology companies, government agencies and leading academic institutions around the globe accelerate their research and drug development efforts. Our dedicated employees are focused on providing clients with exactly what they need to improve and expedite the discovery, early-stage development and safe manufacture of new therapies for the patients who need them. News Release &nbsp;View printer-friendly version Charles River Provides NGS Services to Arovella Therapeutics, Accelerating Progress Toward Alternative Cancer Treatment Approaches PDF Version Collaboration aligns with Charles River’s strategic commitment to building deeper client relationships and accele...",897,fetched,2026-08-11T03:18:34Z
34,Infineon,"US International Trade Commission’s (US ITC) determination confirmed, banning Innoscience’s patent-infringing GaN products from U.S. market",https://www.infineon.com/press-release/2026/ifxpr202607-118,Infineon - Press / Press Releases / Media,2026-07-12T15:00:00Z,2026-08-11T03:18:34Z,official_page,https://www.infineon.com/about/press,official,10,https://www.infineon.com/about/press,"English 中文 日本語 Deutsch Login Register Close { ""default"" : { ""title"" : ""Login or register"", ""description"" : ""Please log in with an existing account or create a new one."" }, ""bookmark"" : { ""title"" : ""Save your favorite pages in one place!"", ""description"" : ""Log in or create a myInfineon account to bookmark this page and access it anytime from your dashboard. "" }, ""gated_document"" : { ""title"" : ""Unlock unlimited access to valuable documents!"", ""description"" : ""Log in or sign up to download this document and enjoy unlimited access to valuable resources."" }, ""gated_video"" : { ""title"" : ""Access exclusive videos!"", ""description"" : ""Log in or create a myInfineon account to watch this video and explore more video content and downloads. Don’t miss out—register now!"" }, ""event_registration"" : { ""titl...",808,fetched,2026-08-11T03:18:34Z
23,3M,3M Announces Upcoming Investor Event,https://investors.3m.com/news-events/press-releases/detail/1935/3m-announces-upcoming-investor-event,3M - IR Press Releases / Investor Press Releases RSS,2026-07-07T14:15:00Z,2026-08-11T03:18:34Z,official_feed_discovered,https://investors.3m.com/news-events/press-releases/rss,official,10,https://investors.3m.com/news-events/press-releases/rss,"3M Announces Upcoming Investor Event Jul 7, 2026 • 10:15 AM EDT Download as PDF ST. PAUL, Minn. , July 7, 2026 /PRNewswire/ --&nbsp;3M (NYSE:&nbsp;MMM) today announced the following investor event: Second-quarter 2026 earnings conference call on Tuesday, July 21, 2026, at 8 a.m. CT. This event will be webcast live and a replay will be available on 3M's Investor Relations website at&nbsp; http://investors.3M.com . About 3M 3M (NYSE: MMM) is focused on transforming industries around the world by applying science and creating innovative, customer-focused solutions. Our multi-disciplinary team is working to solve tough customer problems by leveraging diverse technology platforms, differentiated capabilities, global footprint, and operational excellence. Discover how 3M is shaping the future at...",148,fetched,2026-08-11T03:18:34Z
51,Renishaw,Transforming inspection on machine tools: Renishaw’s first on-machine ultrasonic thickness measurement probe for machine tools,https://www.renishaw.com/en/transforming-inspection-on-machine-tools-renishaws-first-on-machine-ultrasonic-thickness-measurement-probe-for-machine-tools--50145,Renishaw - Latest News / Newsroom / News RSS: Transforming inspection on machine tools: Renishaw’s first on-machine ultrasonic thickness measurement probe for machine tools,2026-07-07T12:46:23Z,2026-08-11T03:18:34Z,official_feed_discovered,https://www.renishaw.com/en/6635.rss,official,10,https://www.renishaw.com/en/6635.rss,"Skip navigation Transforming inspection on machine tools: Renishaw’s first on-machine ultrasonic thickness measurement probe for machine tools July 2026 Global engineering technologies company, Renishaw, will unveil its new advanced ultrasonic thickness measurement probe, the RUP60, at IMTS 2026, Chicago and AMB 2026, Stuttgart. This new probe simplifies the measurement of large parts where access is limited to a single side, removing the need to move parts to specialist measurement equipment or perform manual inspection on the machine. The RUP60 allows for an entirely automated inspection and verification process, which reduces operator involvement and provides quick, traceable results, without the need for specialised training. Manually measuring large metal workpieces for thickness usin...",628,fetched,2026-08-11T03:18:34Z
51,Renishaw,RMP400S: Renishaw’s new all-in-one machine tool probing solution for smart manufacturing,https://www.renishaw.com/en/rmp400s-renishaws-new-all-in-one-machine-tool-probing-solution-for-smart-manufacturing--50136,Renishaw - Latest News / Newsroom / News RSS: RMP400S: Renishaw’s new all-in-one machine tool probing solution for smart manufacturing,2026-07-07T12:46:23Z,2026-08-11T03:18:34Z,official_feed_discovered,https://www.renishaw.com/en/6635.rss,official,10,https://www.renishaw.com/en/6635.rss,"Skip navigation RMP400S: Renishaw’s new all-in-one machine tool probing solution for smart manufacturing July 2026 Global engineering technologies company, Renishaw, is pleased to announce the market introduction of its multi-purpose RMP400S at IMTS 2026 and AMB 2026. The RMP400S an innovative solution that seamlessly combines touch-trigger, scanning, and surface finish verification into a single machine tool probe. This powerful combination makes the RMP400S Renishaw's most versatile spindle probe to date, delivering exceptional metrology performance. The new RMP400S utilises Renishaw's patented RENGAGE™ technology, a strain gauge technology for high-accuracy probing. It can achieve a repeatability of 0.25 μm 2 σ and surface finish Ra of 0.5 μm. Advancements to this technology allows for...",474,fetched,2026-08-11T03:18:34Z
51,Renishaw,Renishaw recognised as an ‘Excellent Employer’ for engineering apprenticeships,https://www.renishaw.com/en/renishaw-recognised-as-an-excellent-employer-for-engineering-apprenticeships--50144,Renishaw - Company News / Company News RSS: Renishaw recognised as an ‘Excellent Employer’ for engineering apprenticeships,2026-07-06T18:15:08Z,2026-08-11T03:18:34Z,official_feed_discovered,https://www.renishaw.com/en/6853.rss,official,10,https://www.renishaw.com/en/6853.rss,"Skip navigation Renishaw recognised as an ‘Excellent Employer’ for engineering apprenticeships July 2026 Renishaw has been awarded Gold status in the Engineering Apprenticeships: Employer Accreditation from Next Gen Makers, recognising the company's commitment to delivering outstanding engineering apprenticeship programmes and developing the next generation of engineering talent. The accreditation reflects Renishaw's ongoing investment in its apprenticeship programme, and acknowledges the collective efforts of mentors, managers and colleagues across the business who support apprentices throughout their development. It also recognises the contribution of Renishaw's apprentices, whose dedication, achievements and feedback played an important role in securing the accreditation. Next Gen Maker...",431,fetched,2026-08-11T03:18:34Z
7,West Pharmaceutical,West to Host Second-Quarter 2026 Conference Call,https://investor.westpharma.com/news-releases/news-release-details/west-host-second-quarter-2026-conference-call,West Pharmaceutical - Press Releases / Press Releases,2026-07-06T15:00:00Z,2026-08-11T03:18:34Z,official_page,https://investor.westpharma.com/press-releases,official,10,https://investor.westpharma.com/press-releases,"Skip to main navigation Release Details Investors Release Details Overview Financial SEC Filings Annual Reports & Proxy Quarterly Results Dividends & Split History Events & Presentations Press Releases Corporate Governance Governance Documents Leadership Team Board of Directors Committee Board Information Contact the Board of Directors Stock Information Stock Quote & Chart Historical Price Lookup Investment Calculator Analyst Coverage Transfer Agent (Common Stock) Current price Net Change Minimum 15 minutes delayed. Source: LSEG Release Details West to Host Second-Quarter 2026 Conference Call July 7, 2026 PDF Version EXTON, Pa. , July 7, 2026 /PRNewswire/ -- West Pharmaceutical Services, Inc. (NYSE: WST), a global leader in innovative solutions for injectable drug administration, today ann...",419,fetched,2026-08-11T03:18:34Z
30,NXP,NXP Semiconductors Announces Conference Call to Review Second Quarter 2026 Financial Results,https://www.nxp.com/company/about-nxp/newsroom/NW-NXP-ANNOUNCES-CONFERENCE-CALL-2Q-2026,NXP - Press Releases / Press Releases,2026-07-06T15:00:00Z,2026-08-11T03:18:34Z,official_page,https://www.nxp.com/press-releases,official,10,https://www.nxp.com/press-releases,"About NXP Careers Contact Us Inclusion at NXP Innovation Stories Events History Investor Relations Newsroom NXP Leadership Our Brand Our Team Members Quality Smarter World Blog Smarter World Podcast Smarter World Videos Startups x NXP Step Forward Sustainability Trade Compliance We Are NXP Worldwide Locations Newsroom Media Contacts News Briefs Partner and Industry News Press Kits Press Releases NXP Semiconductors Announces Conference Call to Review Second Quarter 2026 Financial Results NXP Semiconductors Announces Conference Call to Review Second Quarter 2026 Financial Results July 7, 2026 8:00 AM EDT (UTC-4) by NXP Semiconductors Press Release Share Twitter LinkedIn Facebook EINDHOVEN, The Netherlands, July 07, 2026 (GLOBE NEWSWIRE) -- NXP Semiconductors N.V. (NASDAQ: NXPI) today announc...",314,fetched,2026-08-11T03:18:34Z
34,Infineon,View all news -->,https://www.infineon.com/about/press,Infineon - Press / Press Releases / Media,2026-07-06T15:00:00Z,2026-08-11T03:18:34Z,official_page,https://www.infineon.com/about/press,official,10,https://www.infineon.com/about/press,"English 中文 日本語 Deutsch Login Register Close { ""default"" : { ""title"" : ""Login or register"", ""description"" : ""Please log in with an existing account or create a new one."" }, ""bookmark"" : { ""title"" : ""Save your favorite pages in one place!"", ""description"" : ""Log in or create a myInfineon account to bookmark this page and access it anytime from your dashboard. "" }, ""gated_document"" : { ""title"" : ""Unlock unlimited access to valuable documents!"", ""description"" : ""Log in or sign up to download this document and enjoy unlimited access to valuable resources."" }, ""gated_video"" : { ""title"" : ""Access exclusive videos!"", ""description"" : ""Log in or create a myInfineon account to watch this video and explore more video content and downloads. Don’t miss out—register now!"" }, ""event_registration"" : { ""titl...",554,fetched,2026-08-11T03:18:34Z
23,3M,3M Young Scientist Challenge Names 10 Finalists for 2026 National Competition,https://news.3m.com/2026-07-06-3M-Young-Scientist-Challenge-Names-10-Finalists-for-2026-National-Competition,3M - Corporate Press Releases / Press Releases RSS,2026-07-06T13:30:00Z,2026-08-11T03:18:34Z,official_feed_discovered,https://news.3m.com/press-releases?pagetemplate=rss,official,10,https://news.3m.com/press-releases?pagetemplate=rss,Go to Page Content Go to Search Go to Contact Information 3M United States 3M News Center Press Releases 3M News Center News Center Press Releases 3M Stories 3M at CES In the News Resources Media Gallery Email Alerts Newsletter Subscribe Takes you to 3m's x.com page Takes you to 3m's LinkedIn page Takes you to 3m's youtube channel Takes you to 3m's Facebook page Takes you to 3m's Instagram page 3M News Center News Center Press Releases 3M Stories 3M at CES In the News Resources Media Gallery Email Alerts Newsletter Back to Press Releases 3M Young Scientist Challenge Names 10 Finalists for 2026 National Competition Print current page. Send current page by email. Get the RSS feed for this page. Download current pages PDF. Share current page on facebook. Share on Linkedin. Share current page...,1251,fetched,2026-08-11T03:18:34Z
69,Shin-Etsu Chemicals,2026.07.03 Others Updated the Corporate Governance Report pdf,https://www.shinetsu.co.jp/wp-content/uploads/2026/07/Corporate-Governance-Report-20260703-1.pdf,Shin-Etsu Chemicals - News Releases / Press Releases,2026-07-03T00:00:00Z,2026-08-11T03:18:34Z,official_page,https://www.shinetsu.co.jp/en/category/news/news-release/,official,10,https://www.shinetsu.co.jp/en/category/news/news-release/,,,skipped_non_html,
34,Infineon,"Infineon wins another patent infringement case against Innoscience Business & Financial Press Jul 03, 2026",https://www.infineon.com/press-release/2026/infxx202606-115,Infineon - Press / Press Releases / Media,2026-07-02T15:00:00Z,2026-08-11T03:18:34Z,official_page,https://www.infineon.com/about/press,official,10,https://www.infineon.com/about/press,"English 中文 日本語 Deutsch Login Register Close { ""default"" : { ""title"" : ""Login or register"", ""description"" : ""Please log in with an existing account or create a new one."" }, ""bookmark"" : { ""title"" : ""Save your favorite pages in one place!"", ""description"" : ""Log in or create a myInfineon account to bookmark this page and access it anytime from your dashboard. "" }, ""gated_document"" : { ""title"" : ""Unlock unlimited access to valuable documents!"", ""description"" : ""Log in or sign up to download this document and enjoy unlimited access to valuable resources."" }, ""gated_video"" : { ""title"" : ""Access exclusive videos!"", ""description"" : ""Log in or create a myInfineon account to watch this video and explore more video content and downloads. Don’t miss out—register now!"" }, ""event_registration"" : { ""titl...",763,fetched,2026-08-11T03:18:34Z
24,Ouster,"Ouster, Inc. Announces Pricing of Public Offering of Common Stock",https://investors.ouster.com/news-releases/news-release-details/ouster-inc-announces-pricing-public-offering-common-stock,Ouster - News Releases / Press Releases,2026-07-01T15:00:00Z,2026-08-11T03:18:34Z,official_page,https://investors.ouster.com/news-events/news-releases,official,10,https://investors.ouster.com/news-events/news-releases,"Skip to main navigation Ouster acquires StereoLabs. Learn More Ouster, Inc. Announces Pricing of Public Offering of Common Stock July 2, 2026 PDF Version SAN FRANCISCO --(BUSINESS WIRE)--Jul. 2, 2026-- Ouster, Inc. (Nasdaq: OUST) (“Ouster” or the “Company”), a leader in sensing and perception for Physical AI, today announced the pricing of an underwritten public offering of 3,621,876 shares of the Company’s common stock (the “Offering”). The shares of common stock are being sold at a public offering price of $55.22 per share, before underwriting discounts and commissions. All of the shares in the Offering are being sold by the Company. The gross proceeds to Ouster from the Offering are expected to be approximately $200.0 million , before deducting underwriting discounts and commissions and...",759,fetched,2026-08-11T03:18:34Z
22,Boeing,Boeing to Release Second Quarter Results on July 28,https://boeing.mediaroom.com/2026-07-01-Boeing-to-Release-Second-Quarter-Results-on-July-28,Boeing - News Releases and Statements / Press Releases / Statements,2026-07-01T00:00:00Z,2026-08-11T03:18:34Z,official_page,https://boeing.mediaroom.com/news-releases-statements,official,10,https://boeing.mediaroom.com/news-releases-statements,"--> News Releases --> Boeing to Release Second Quarter Results on July 28 ARLINGTON, Va. , July 1, 2026 / PRNewswire / -- The Boeing Company [NYSE: BA] will release its financial results for the second quarter of 2026 on Tuesday, July 28. President and Chief Executive Officer Kelly Ortberg and Executive Vice President and Chief Financial Officer Jay Malave will discuss the results and company outlook during a conference call starting at 10:30 a.m. ET. The event webcast, news release and presentation materials, as well as a subsequent transcript, can be accessed on the Events and Presentations section of www.boeing.com/investors . Participants are encouraged to verify access to the webcast and materials prior to the start of the event. Contact Investor Relations: BoeingInvestorRelations@boe...",128,fetched,2026-08-11T03:18:34Z
23,3M,3M and Discovery Education announce 37 State Merit Winners and four Honorable Mentions in 2026 3M Young Scientist Challenge,https://news.3m.com/2026-07-01-3M-and-Discovery-Education-announce-37-State-Merit-Winners-and-four-Honorable-Mentions-in-2026-3M-Young-Scientist-Challenge,3M - Corporate Press Releases / Press Releases,2026-07-01T00:00:00Z,2026-08-11T03:18:34Z,official_page,https://news.3m.com/press-releases,official,10,https://news.3m.com/press-releases,Go to Page Content Go to Search Go to Contact Information 3M United States 3M News Center Press Releases 3M News Center News Center Press Releases 3M Stories 3M at CES In the News Resources Media Gallery Email Alerts Newsletter Subscribe Takes you to 3m's x.com page Takes you to 3m's LinkedIn page Takes you to 3m's youtube channel Takes you to 3m's Facebook page Takes you to 3m's Instagram page 3M News Center News Center Press Releases 3M Stories 3M at CES In the News Resources Media Gallery Email Alerts Newsletter Back to Press Releases 3M and Discovery Education announce 37 State Merit Winners and four Honorable Mentions in 2026 3M Young Scientist Challenge Print current page. Send current page by email. Get the RSS feed for this page. Download current pages PDF. Share current page on fa...,1507,fetched,2026-08-11T03:18:34Z
64,Hitachi Metals,"Organizational Structure Effective July 1, 2026 [PDF: ]",https://www.proterial.com/e/press/2026/pdf/2026070103en.pdf,Hitachi Metals - Proterial 2026 Press Releases / Press Releases,2026-07-01T00:00:00Z,2026-08-11T03:18:34Z,official_page,https://www.proterial.com/e/press/2026/,official,10,https://www.proterial.com/e/press/2026/,,,skipped_non_html,
7,West Pharmaceutical,West Completes Sale and Transfer of the Manufacturing and Supply Rights for SmartDose® 3.5mL On-Body Delivery System,https://investor.westpharma.com/news-releases/news-release-details/west-completes-sale-and-transfer-manufacturing-and-supply-rights,West Pharmaceutical - Press Releases / Press Releases,2026-06-30T15:00:00Z,2026-08-11T03:18:34Z,official_page,https://investor.westpharma.com/press-releases,official,10,https://investor.westpharma.com/press-releases,"Skip to main navigation Release Details Investors Release Details Overview Financial SEC Filings Annual Reports & Proxy Quarterly Results Dividends & Split History Events & Presentations Press Releases Corporate Governance Governance Documents Leadership Team Board of Directors Committee Board Information Contact the Board of Directors Stock Information Stock Quote & Chart Historical Price Lookup Investment Calculator Analyst Coverage Transfer Agent (Common Stock) Current price Net Change Minimum 15 minutes delayed. Source: LSEG Release Details West Completes Sale and Transfer of the Manufacturing and Supply Rights for SmartDose® 3.5mL On-Body Delivery System July 1, 2026 PDF Version EXTON, Pa. , July 1, 2026 /PRNewswire/ -- West Pharmaceutical Services, Inc. (NYSE: WST), a global leader i...",359,fetched,2026-08-11T03:18:34Z
68,JSR,06/08/2026 JSR Group: Unifying Email Domains,https://www.jsr.co.jp/jsr_e/news/2026/20260608.html,JSR - 2026 News / Newsroom / News RSS,2026-06-30T15:00:00Z,2026-08-11T03:18:34Z,official_feed_discovered,https://www.jsr.co.jp/jsr_e/news/rss.xml,official,10,https://www.jsr.co.jp/jsr_e/news/rss.xml,"HOME News 2026 JSR Group: Unifying Email Domains JSR Group: Unifying Email Domains 06/08/2026 Corporate JSR Corporation (Head Office: Minato-ku, Tokyo; Representative Director, CEO and President: Tetsuro Hori) will unify the email domains used across the JSR Group starting Wednesday, July 1, 2026. By unifying the multiple email domains currently in use within the Group into a common domain, we aim to present a clearer brand as a unified corporate group and further strengthen the Group’s overall capabilities. ■ Overview of the changes - New domain: @jsrgr.com - Start date: Wednesday, July 1, 2026 * The start date may vary for Group companies in some regions. * In consideration of business structure, some Group companies will not be included in this integration. ■ Information for customers a...",204,fetched,2026-08-11T03:18:34Z
11,Air Products,Air Products Will Not Proceed with Louisiana Clean Energy (LCEC) Project; Company Will Record Pre-Tax Charge in Fiscal Third Quarter; Finalizing Agreement with Yara for Renewable Ammonia from NEOM Green Hydrogen Project in Saudi Arabia,https://www.airproducts.com/company/news-center/2026/06/0630-air-products-not-proceeding-louisiana-3rd-q-finalizing-with-yara-neom-renewable-ammonia-sa,Air Products - News Center / Newsroom / News RSS,2026-06-30T00:00:00Z,2026-08-11T03:18:34Z,official_feed_discovered,https://www.airproducts.com/company/news-center/api?rssfeed=true,official,10,https://www.airproducts.com/company/news-center/api?rssfeed=true,"06/30/2026 | Lehigh Valley, PA Air Products Will Not Proceed with Louisiana Clean Energy (LCEC) Project; Company Will Record Pre-Tax Charge in Fiscal Third Quarter; Finalizing Agreement with Yara for Renewable Ammonia from NEOM Green Hydrogen Project in Saudi Arabia Media Contacts: Katie McDonald | +1 610 481 3673 Investor Contacts: Megan Britt | +1 610 481 0590 Air Products (NYSE:APD) today announced it will not proceed with the Louisiana Clean Energy Complex (LCEC) project. The LCEC project exit and other portfolio actions will result in a pre-tax charge in Air Products&rsquo; fiscal third quarter. Air Products also announced it is finalizing a marketing and distribution agreement with Yara International ASA (OSE:YAR) for renewable ammonia from the NEOM Green Hydrogen Project in Saudi Ar...",757,fetched,2026-08-11T03:18:34Z
5,Cytiva,Danaher Foundation Commits $1 Million to Ebola Outbreak Relief Efforts in Central Africa,https://investors.danaher.com/2026-06-29-Danaher-Foundation-Commits-1-Million-to-Ebola-Outbreak-Relief-Efforts-in-Central-Africa,Cytiva - Danaher Investor Relations / Investor Relations RSS,2026-06-29T12:30:00Z,2026-08-11T03:18:34Z,official_feed_discovered,https://investors.danaher.com/press-releases?pagetemplate=rss,official,10,https://investors.danaher.com/press-releases?pagetemplate=rss,", but this code // executes before the first paint, when is not yet present. The // classes are added to so styling immediately reflects the current // toolbar state. The classes are removed after the toolbar completes // initialization. const classesToAdd = ['toolbar-loading', 'toolbar-anti-flicker']; if (toolbarState) { const { orientation, hasActiveTab, isFixed, activeTray, activeTabId, isOriented, userButtonMinWidth } = toolbarState; classesToAdd.push( orientation ? `toolbar-` + orientation + `` : 'toolbar-horizontal', ); if (hasActiveTab !== false) { classesToAdd.push('toolbar-tray-open'); } if (isFixed) { classesToAdd.push('toolbar-fixed'); } if (isOriented) { classesToAdd.push('toolbar-oriented'); } if (activeTray) { // These styles are added so the active tab/tray styles are presen...",1087,fetched,2026-08-11T03:18:34Z
71,Tosoh,2026.06.29 ニュースリリース 「フィジカルインターネット実現会議・化学品ワーキンググループ」が化学品物流情報標準ガイドラインを策定 ～業界初のデータ連携基盤を導入し、輸送力不足に対応～,https://www.tosoh.co.jp/news/release/2026/20260629-1.html,Tosoh - News Releases / Press Releases,2026-06-29T00:00:00Z,2026-08-11T03:18:34Z,official_page,https://www.tosoh.co.jp/news/release/,official,10,https://www.tosoh.co.jp/news/release/,TOP ニュース ニュースリリース 「フィジカルインターネット実現会議・化学品ワーキンググループ」が化学品物流情報標準ガイドラインを策定～業界初のデータ連携基盤を導入し、輸送力不足に対応～ NEWS RELEASE 2026年06月29日 東ソー株式会社 広報・IR室 印刷する 2026.06.29 ニュースリリース 「フィジカルインターネット実現会議・化学品ワーキンググループ」が化学品物流情報標準ガイドラインを策定 ～業界初のデータ連携基盤を導入し、輸送力不足に対応～ 経済産業省・国土交通省が主導する「フィジカルインターネット実現会議」内に設置されている「化学品ワーキンググループ」（座長：流通経済大学 矢野裕児教授）は、物流の2024年問題に伴う輸送力不足への対応と、化学品業界の共同物流拡大を目的とし、化学品物流のデータ標準化に向けた「化学品物流情報標準ガイドライン」を策定しました。 「化学品ワーキンググループ」には、現在、荷主事業者、物流事業者を中心とする86企業・1大学、日本化学工業協会、石油化学工業協会、経済産業省・国土交通省・厚生労働省の関連各部署等が参加しており、東ソーは、三菱ケミカル株式会社、三井化学株式会社および東レ株式会社とともに事務局を務めています。 詳細につきましては、添付資料をご参照ください。 【添付資料】化学品物流情報標準ガイドラインを策定 業界初のデータ連携基盤を導入し、輸送力不足に対応～業界横断で共同物流の拡大と社会実装を目指す～ （835.7 KB） 関連情報 【ニュースリリース】「フィジカルインターネット実現会議・化学品ワーキンググループ」がトラック附帯作業の適正化およびタンクローリー荷役作業の安全向上に向けた取り組みを推進 【ニュースリリース】「フィジカルインターネット実現会議・化学品ワーキンググループ」が共同鉄道輸送を実証、同一コンテナ...,36,fetched,2026-08-11T03:18:34Z
71,Tosoh,2026.06.29 ニュースリリース 「フィジカルインターネット実現会議・化学品ワーキンググループ」が化学品業界で初めて全国の危険物物流動態を可視化,https://www.tosoh.co.jp/news/release/2026/20260629.html,Tosoh - News Releases / Press Releases,2026-06-29T00:00:00Z,2026-08-11T03:18:34Z,official_page,https://www.tosoh.co.jp/news/release/,official,10,https://www.tosoh.co.jp/news/release/,TOP ニュース ニュースリリース 「フィジカルインターネット実現会議・化学品ワーキンググループ」が化学品業界で初めて全国の危険物物流動態を可視化 NEWS RELEASE 2026年06月29日 東ソー株式会社 広報・IR室 印刷する 2026.06.29 ニュースリリース 「フィジカルインターネット実現会議・化学品ワーキンググループ」が化学品業界で初めて全国の危険物物流動態を可視化 経済産業省・国土交通省が主導する「フィジカルインターネット実現会議」内に設置されている「化学品ワーキンググループ」（座長：流通経済大学 矢野裕児教授）は、参画する荷主企業から物流実績情報を集約することで、化学品業界で初めて全国の危険物物流動態を可視化しました。 「化学品ワーキンググループ」には、現在、荷主事業者、物流事業者を中心とする86企業・1大学、日本化学工業協会、石油化学工業協会、経済産業省・国土交通省・厚生労働省の関連各部署等が参加しており、東ソーは、三菱ケミカル株式会社、三井化学株式会社および東レ株式会社とともに事務局を務めています。 詳細につきましては、添付資料をご参照ください。 【添付資料】化学品業界で初めて全国の危険物物流動態を可視化～危険物輸送の中長期安定化に向け、荷主と物流事業者が一体始動～ （678.7 KB） 関連情報 【ニュースリリース】「フィジカルインターネット実現会議・化学品ワーキンググループ」がトラック附帯作業の適正化およびタンクローリー荷役作業の安全向上に向けた取り組みを推進 【ニュースリリース】「フィジカルインターネット実現会議・化学品ワーキンググループ」が共同鉄道輸送を実証、同一コンテナでの往復・連続運行の可能性を確認 【ニュースリリース】「フィジカルインターネット実現会議・化学品ワーキンググループ」が東海・中国地区での鉄道輸送による共同物流の実証実験を...,34,fetched,2026-08-11T03:18:34Z
71,Tosoh,ニュースリリース一覧｜東ソー,https://www.tosoh.co.jp/news/release/,Tosoh - News Releases / Press Releases,2026-06-29T00:00:00Z,2026-08-11T03:18:34Z,official_page,https://www.tosoh.co.jp/news/release/,official,10,https://www.tosoh.co.jp/news/release/,TOP ニュース ニュース すべて ニュース リリース IR お知らせ 年で絞り込む 2026年 2025年 2024年 2023年 2022年 2021年 2020年 2019年 2018年 2017年 2016年 2015年 2014年 2013年 2012年 2011年 2010年 2009年 2008年 2007年 2006年 2005年 2004年 2003年 2002年 2001年 2000年 1999年 1998年 1997年 1996年 2026 年 2026.06.29 ニュースリリース 「フィジカルインターネット実現会議・化学品ワーキンググループ」が化学品物流情報標準ガイドラインを策定 ～業界初のデータ連携基盤を導入し、輸送力不足に対応～ 2026.06.29 ニュースリリース 「フィジカルインターネット実現会議・化学品ワーキンググループ」が化学品業界で初めて全国の危険物物流動態を可視化 2026.06.15 ニュースリリース 重炭酸ナトリウム（重曹）の価格改定のお知らせ 2026.06.15 ニュースリリース 苛性ソーダの価格改定のお知らせ 2026.06.03 ニュースリリース 重金属処理剤の価格改定のお知らせ 2026.05.28 ニュースリリース プラスチック光ファイバの工業化に向けた取り組みがNICTの社会実装プログラムに採択 ～高速通信を可能とするAIデータセンター向け短距離光ファイバで次世代通信インフラの発展に貢献～ 2026.05.25 ニュースリリース 人事異動について (218.4 KB) 2026.05.22 ニュースリリース 高耐熱酸化物系CMC『Oxyera®』が第58回日化協技術賞において「技術特別賞」を受賞 2026.05.21 ニュースリリース 歯科材料向けジルコニア廃材のリサイクル検証を4社共同で開始 ～2028年度の実...,2891,fetched,2026-08-11T03:18:34Z
11,Air Products,Air Products Publishes 2026 Sustainability Report,https://www.airproducts.com/company/news-center/2026/06/0626-air-products-2026-sustainability-report,Air Products - News Center / Newsroom / News RSS,2026-06-26T00:00:00Z,2026-08-11T03:18:34Z,official_feed_discovered,https://www.airproducts.com/company/news-center/api?rssfeed=true,official,10,https://www.airproducts.com/company/news-center/api?rssfeed=true,"06/26/2026 | Lehigh Valley, PA Air Products Publishes 2026 Sustainability Report Media Contacts: Brian Malina | +1 610 481 3898 Investor Contacts: Megan Britt | +1 610 481 0590 Air Products (NYSE: APD) today published its 2026 Sustainability Report. The report provides stakeholders with economic, environmental, and social performance data, based on fiscal year 2025 information. To view the complete 2026 Sustainability Report, visit Air Products&rsquo; Sustainability website . About Air Products Air Products (NYSE: APD ) is a world-leading industrial gases company in operation for over 85 years focused on serving energy, environmental, and emerging markets and generating a cleaner future. The Company supplies essential industrial gases, related equipment and applications expertise to custom...",389,fetched,2026-08-11T03:18:34Z
12,Chemours,Chemours Reaches Agreement with U.S. EPA to Resolve Claims Relating to PFAS,https://investors.chemours.com/news-releases/news-release-details/chemours-reaches-agreement-us-epa-resolve-claims-relating-pfas,Chemours - News Releases / Press Releases,2026-06-23T15:00:00Z,2026-08-11T03:18:34Z,official_page,https://investors.chemours.com/news-releases,official,10,https://investors.chemours.com/news-releases,"Skip to main navigation Chemours Reaches Agreement with U.S. EPA to Resolve Claims Relating to PFAS June 24, 2026 PDF Version The settlement resolves the federal government's claims relating to discharge of PFAS compounds across three current operating sites, as well as certain environmental claims by the State of West Virginia . Chemours is expected to pay EPA and WVDEP a $22.5 million civil penalty over a three-year period, and fund $90 million in additional mitigation projects over the next 15 years to further reduce PFAS emissions and enhance certain existing off-site drinking water programs. The settlement recognizes that Chemours has already begun planning and implementing operational improvements and remedial measures at its facilities, and contains further actions the Company will...",1438,fetched,2026-08-11T03:18:34Z
68,JSR,06/26/2026 Appointment of Directors,https://www.jsr.co.jp/jsr_e/news/2026/20260626.html,JSR - 2026 News / Newsroom / News RSS,2026-06-22T15:00:00Z,2026-08-11T03:18:34Z,official_feed_discovered,https://www.jsr.co.jp/jsr_e/news/rss.xml,official,10,https://www.jsr.co.jp/jsr_e/news/rss.xml,"HOME News 2026 Appointment of Directors Appointment of Directors 06/26/2026 Corporate JSR Corporation hereby announces that it has elected directors at the 3rd Ordinary General Meeting of Shareholders held on June 23, 2026, as follows. Appointment of Directors Back to INDEX",41,fetched,2026-08-11T03:18:34Z
4,Charles River,Charles River Joins Lilly TuneLab to Optimize AI/ML Platform through Nonclinical Testing Expertise,https://ir.criver.com/news-releases/news-release-details/charles-river-joins-lilly-tunelab-optimize-aiml-platform-through,Charles River - News Releases / Press Releases,2026-06-17T15:00:00Z,2026-08-11T03:18:34Z,official_page,https://ir.criver.com/news-releases/,official,10,https://ir.criver.com/news-releases/,"Skip to main navigation Investor Relations Charles River provides essential products and services to help pharmaceutical and biotechnology companies, government agencies and leading academic institutions around the globe accelerate their research and drug development efforts. Our dedicated employees are focused on providing clients with exactly what they need to improve and expedite the discovery, early-stage development and safe manufacture of new therapies for the patients who need them. News Release &nbsp;View printer-friendly version Charles River Joins Lilly TuneLab to Optimize AI/ML Platform through Nonclinical Testing Expertise PDF Version Collaboration supports Charles River’s strategic goals to build deeper client relationships to further modernize R&D through innovative technolog...",660,fetched,2026-08-11T03:18:34Z
73,Sumitomo Chemical,Announcements,https://www.sumitomo-chem.co.jp/english/news/category/announce/,Sumitomo Chemical - News Releases Filter / Press Releases,2026-06-16T15:00:00Z,2026-08-11T03:18:34Z,official_page,https://www.sumitomo-chem.co.jp/english/news/category/newsreleases/,official,10,https://www.sumitomo-chem.co.jp/english/news/category/newsreleases/,"News Releases Announcements News Releases All Announcements News Releases Business & Products IR Sustainability All Announcements News Releases Business & Products IR Sustainability RSS Jun. 17, 2026 Organization Sumitomo Chemical Announces Reorganization May. 26, 2026 Announcements Notice of the 145th Ordinary General Meeting of Shareholders has been published. May. 18, 2026 Announcements Sumitomo Chemical to Exhibit Compound Semiconductor Products at PCIM Europe 2026 Feb. 2, 2026 Announcements Sumitomo Chemical to Release New Graphic and Concept Video ""Quiet Steps. Giant Leaps."" Jan. 26, 2026 Announcements Apology and Request Regarding Email Inquiry Reception Issues Jan. 21, 2026 Announcements Sumitomo Chemical to Participate in the 39 th DVN Munich Lighting Workshop, A Venue for Sharing...",400,fetched,2026-08-11T03:18:34Z
16,Amkor Technology,TSMC and Amkor Technology Announce Long Term Partnership to Accelerate Advanced Packaging in the United States,https://ir.amkor.com/news-releases/news-release-details/tsmc-and-amkor-technology-announce-long-term-partnership,Amkor Technology - Investor Press Releases / Press Releases,2026-06-15T15:00:00Z,2026-08-11T03:18:34Z,official_page,https://ir.amkor.com/press-releases,official,10,https://ir.amkor.com/press-releases,"Skip to content Press Releases Printer-friendly version Back TSMC and Amkor Technology Announce Long Term Partnership to Accelerate Advanced Packaging in the United States HSINCHU, Taiwan & TEMPE, Ariz. --(BUSINESS WIRE)--Jun. 16, 2026-- Taiwan Semiconductor Manufacturing Company (NYSE: TSM) and Amkor Technology, Inc. (Nasdaq: AMKR) today announced a 10-year agreement to foster a strong partnership that will enhance advanced semiconductor packaging capabilities in Arizona , strengthening and accelerating investment in the U.S . semiconductor supply chain ecosystem. The agreement establishes a collaboration framework for TSMC to procure from Amkor advanced packaging and testing services. By working together as partners to expand capacity, the companies aim to enable a more efficient, mutual...",755,fetched,2026-08-11T03:18:34Z
4,Charles River,Charles River Laboratories to Present at William Blair and Jefferies Conferences,https://ir.criver.com/news-releases/news-release-details/charles-river-laboratories-present-william-blair-and-jefferies-2,Charles River - News Releases / Press Releases,2026-05-31T15:00:00Z,2026-08-11T03:18:34Z,official_page,https://ir.criver.com/news-releases/,official,10,https://ir.criver.com/news-releases/,"Skip to main navigation Investor Relations Charles River provides essential products and services to help pharmaceutical and biotechnology companies, government agencies and leading academic institutions around the globe accelerate their research and drug development efforts. Our dedicated employees are focused on providing clients with exactly what they need to improve and expedite the discovery, early-stage development and safe manufacture of new therapies for the patients who need them. News Release &nbsp;View printer-friendly version Charles River Laboratories to Present at William Blair and Jefferies Conferences PDF Version WILMINGTON, Mass. --(BUSINESS WIRE)--Jun. 1, 2026-- Charles River Laboratories International, Inc. (NYSE: CRL) announced today that it will present at the William...",361,fetched,2026-08-11T03:18:34Z
7,West Pharmaceutical,West Appoints Michel Lagarde to be President and Chief Executive Officer,https://investor.westpharma.com/news-releases/news-release-details/west-appoints-michel-lagarde-be-president-and-chief-executive,West Pharmaceutical - Press Releases / Press Releases,2026-05-31T15:00:00Z,2026-08-11T03:18:34Z,official_page,https://investor.westpharma.com/press-releases,official,10,https://investor.westpharma.com/press-releases,"Skip to main navigation Release Details Investors Release Details Overview Financial SEC Filings Annual Reports & Proxy Quarterly Results Dividends & Split History Events & Presentations Press Releases Corporate Governance Governance Documents Leadership Team Board of Directors Committee Board Information Contact the Board of Directors Stock Information Stock Quote & Chart Historical Price Lookup Investment Calculator Analyst Coverage Transfer Agent (Common Stock) Current price Net Change Minimum 15 minutes delayed. Source: LSEG Release Details West Appoints Michel Lagarde to be President and Chief Executive Officer June 1, 2026 PDF Version Experienced healthcare and life sciences executive to lead the Company's next phase of growth and innovation EXTON, Pa. , June 1, 2026 /PRNewswire/ --...",776,fetched,2026-08-11T03:18:34Z
27,Prodrive,1-05-2026 | Press release Prodrive Technologies appoints Mark Roeloffzen as new Chief Executive Officer,https://prodrive-technologies.com/en/about-us/news/prodrive-technologies-appoints-mark-roeloffzen-as-new-chief-executive-officer/,Prodrive - Press-release Filter / Press Releases,2026-05-31T15:00:00Z,2026-08-11T03:18:34Z,official_page,https://prodrive-technologies.com/en/about-us/news/?label=Press+release,official,10,https://prodrive-technologies.com/en/about-us/news/?label=Press+release,"Skip to content 1-05-2026 | Press release Prodrive Technologies appoints Mark Roeloffzen as new Chief Executive Officer Science Park Eindhoven, May 2026 – Prodrive Technologies Group B.V. (“Prodrive Technologies”) announces the appointment of Mark Roeloffzen as its new Chief Executive Officer (CEO), effective June 1, 2026. Mark Roeloffzen succeeds Pieter Janssen, current CEO and co‑founder of Prodrive Technologies, who will transition into the role of Chief Technology Officer (CTO) and remain a member of the Executive Board. Mark brings nearly 20 years of international leadership experience in the semiconductor and high‑technology sectors. He joins Prodrive Technologies from ams OSRAM, where he most recently served as Executive Vice President and Head of Global Sales, with responsibility f...",601,fetched,2026-08-11T03:18:34Z
16,Amkor Technology,Amkor Technology to Host 2026 Investor Day and Ring Nasdaq Closing Bell,https://ir.amkor.com/news-releases/news-release-details/amkor-technology-host-2026-investor-day-and-ring-nasdaq-closing,Amkor Technology - Investor Press Releases / Press Releases,2026-05-20T15:00:00Z,2026-08-11T03:18:34Z,official_page,https://ir.amkor.com/press-releases,official,10,https://ir.amkor.com/press-releases,"Skip to content Press Releases Printer-friendly version Back Amkor Technology to Host 2026 Investor Day and Ring Nasdaq Closing Bell TEMPE, Ariz. --(BUSINESS WIRE)--May 21, 2026-- Amkor Technology, Inc. (Nasdaq: AMKR), a leading provider of semiconductor packaging and test services, will host its 2026 Investor Day in New York City , followed by participation in the Nasdaq Closing Bell ceremony, on Thursday, May 21, 2026 . The Investor Day will begin at 9:00 AM ET and feature presentations from Kevin Engel , President and CEO, Megan Faust , CFO, and other members of Amkor’s senior leadership team. The program will provide an in-depth review of the company’s long-term strategy, key growth initiatives, and financial outlook. In conjunction with the event, Amkor will ring the Nasdaq Closing be...",291,fetched,2026-08-11T03:18:34Z
16,Amkor Technology,Amkor Technology Expands U.S. Advanced Packaging Footprint with Additional Land in Arizona,https://ir.amkor.com/news-releases/news-release-details/amkor-technology-expands-us-advanced-packaging-footprint,Amkor Technology - Investor Press Releases / Press Releases,2026-05-18T15:00:00Z,2026-08-11T03:18:34Z,official_page,https://ir.amkor.com/press-releases,official,10,https://ir.amkor.com/press-releases,"Skip to content Press Releases Printer-friendly version Back Amkor Technology Expands U.S. Advanced Packaging Footprint with Additional Land in Arizona Enables future capacity to support rising demand for Advanced packaging and test TEMPE, Ariz. --(BUSINESS WIRE)--May 19, 2026-- Amkor Technology, Inc. (Nasdaq: AMKR) today reinforced its commitment to expanding Advanced semiconductor packaging and test capabilities in the United States through continued investment in its Arizona manufacturing footprint. Located within Peoria’s Innovation Core, Amkor’s campus is being developed on a 104-acre site designed to support large-scale, leading-edge semiconductor packaging and test capabilities. As part of its long-term growth strategy, Amkor has now secured an additional 67-acre parcel adjacent to...",618,fetched,2026-08-11T03:18:34Z
12,Chemours,"New Industry Study, Identifies Path to Cut Cumulative Automotive Refrigerant Emissions Across Europe by ≈50% Between 2030-2050",https://investors.chemours.com/news-releases/news-release-details/new-industry-study-identifies-path-cut-cumulative-automotive,Chemours - News Releases / Press Releases,2026-05-12T15:00:00Z,2026-08-11T03:18:34Z,official_page,https://investors.chemours.com/news-releases,official,10,https://investors.chemours.com/news-releases,"Skip to main navigation New Industry Study, Identifies Path to Cut Cumulative Automotive Refrigerant Emissions Across Europe by ≈50% Between 2030-2050 May 13, 2026 PDF Version New cross-value-chain research outlines practical pathways to faster emissions reductions, lowering the risk of expensive AC repairs at low cost to consumers WILMINGTON, Del.,&nbsp;May 13, 2026&nbsp;/PRNewswire/ -- A new industry study released today and developed by a technical working group co-led by The Chemours Company (Chemours) (NYSE:&nbsp; CC ) and Solstice Advanced Materials Inc. (Nasdaq:&nbsp; SOLS ), finds that refrigerant emissions from automotive air conditioning systems in Europe could be reduced by up to 60%+ annually by 2050, with an average of half of cumulative emissions avoided between 2030 and 2050...",913,fetched,2026-08-11T03:18:34Z
4,Charles River,Annual Meeting 2026,https://ir.criver.com/annual-meeting-2026,Charles River - News Releases / Press Releases,2026-05-04T15:00:00Z,2026-08-11T03:18:34Z,official_page,https://ir.criver.com/news-releases/,official,10,https://ir.criver.com/news-releases/,"Skip to main navigation Investor Relations Charles River provides essential products and services to help pharmaceutical and biotechnology companies, government agencies and leading academic institutions around the globe accelerate their research and drug development efforts. Our dedicated employees are focused on providing clients with exactly what they need to improve and expedite the discovery, early-stage development and safe manufacture of new therapies for the patients who need them. Annual Meeting 2026 Annual Meeting Materials Archive &nbsp; &nbsp; The Annual Meeting of Shareholders of Charles River Laboratories International, Inc. will be held: Tuesday, May 5, 2026 at 8:00 a.m. 500 Boylston Street Boston, MA 02116 Before you vote, you should carefully review our 2026 Proxy Statemen...",260,fetched,2026-08-11T03:18:34Z
7,West Pharmaceutical,West to Participate in Upcoming Investor Conferences,https://investor.westpharma.com/news-releases/news-release-details/west-participate-upcoming-investor-conferences-11,West Pharmaceutical - Press Releases / Press Releases,2026-04-27T15:00:00Z,2026-08-11T03:18:34Z,official_page,https://investor.westpharma.com/press-releases,official,10,https://investor.westpharma.com/press-releases,"Skip to main navigation Release Details Investors Release Details Overview Financial SEC Filings Annual Reports & Proxy Quarterly Results Dividends & Split History Events & Presentations Press Releases Corporate Governance Governance Documents Leadership Team Board of Directors Committee Board Information Contact the Board of Directors Stock Information Stock Quote & Chart Historical Price Lookup Investment Calculator Analyst Coverage Transfer Agent (Common Stock) Current price Net Change Minimum 15 minutes delayed. Source: LSEG Release Details West to Participate in Upcoming Investor Conferences April 28, 2026 PDF Version EXTON, Pa. , April 28, 2026 /PRNewswire/ -- West Pharmaceutical Services, Inc. (NYSE: WST), a global leader in innovative solutions for injectable drug administration, t...",382,fetched,2026-08-11T03:18:34Z
29,Besi,Annual General Meeting,https://www.besi.com/investor-relations/annual-general-meeting/agm-2026/,Besi - Press Releases / Press Releases,2026-04-22T15:00:00Z,2026-08-11T03:18:34Z,official_page,https://www.besi.com/investor-relations/press-releases/,official,10,https://www.besi.com/investor-relations/press-releases/,&nbsp; StockTicker Navigatie is gesloten Company Company Profile Strategy Market Products & Services Company Overview Organization Executive Management Supervisory Board Sustainability Products & Technology Die Attach Hybrid Bonding Datacon 8800 CHAMEO ultra plus AC Thermo Compression Bonding 9800 TC next Multi Module Attach Datacon 2200 evo Datacon 2200 evo plus Datacon 2200 evo hF Datacon 2200 evo hS Datacon 2200 evo advanced Die Bonding Esec 2100 hS iXplus Esec 2100 sD advanced i Esec 2100 hS i Esec 2100 hS Esec 2100 SC Strip Mapping E142 on Esec Die Bonder Soft Solder Die Bonding Esec 2100 SSI Esec 2009 SSI E Esec 2009 fS E Flip Chip Datacon 8800 FC QUANTUM advanced Datacon 8800 FC QUANTUM advX Datacon 8800 CHAMEO advanced Esec 2100 FC hS Packaging Molding AMS-X MMS-X Fico Molding Line...,634,fetched,2026-08-11T03:18:34Z
24,Ouster,"Ouster Acquires StereoLabs, Creating a World-Leading Physical AI Sensing and Perception Company",https://investors.ouster.com/news-releases/news-release-details/ouster-acquires-stereolabs-creating-world-leading-physical-ai,Ouster - News Releases / Press Releases,2026-02-08T15:00:00Z,2026-08-11T03:18:34Z,official_page,https://investors.ouster.com/news-events/news-releases,official,10,https://investors.ouster.com/news-events/news-releases,"Skip to main navigation Ouster acquires StereoLabs. Learn More Ouster Acquires StereoLabs, Creating a World-Leading Physical AI Sensing and Perception Company February 9, 2026 PDF Version Ouster acquires StereoLabs Sensing & Perception for Physical AI Physical AI's first unified sensing & perception platform A unified sensing & perception platform for industrial, robotics, and smart infrastructure Ouster Logo Ouster now offers a unified platform of high-performance digital lidar, cameras, AI compute, sensor fusion and perception software, and cutting-edge AI models StereoLabs brings AI vision solutions, expanded software capabilities, and over 10,000 customers Builds on Ouster's momentum, compounding the success of its lidar business and expanding its total addressable market StereoLabs is...",1425,fetched,2026-08-11T03:18:34Z
29,Besi,Archive AGM 2025,https://www.besi.com/investor-relations/annual-general-meeting/agm-2025/,Besi - Press Releases / Press Releases,2025-04-22T15:00:00Z,2026-08-11T03:18:34Z,official_page,https://www.besi.com/investor-relations/press-releases/,official,10,https://www.besi.com/investor-relations/press-releases/,&nbsp; StockTicker Navigatie is gesloten Company Company Profile Strategy Market Products & Services Company Overview Organization Executive Management Supervisory Board Sustainability Products & Technology Die Attach Hybrid Bonding Datacon 8800 CHAMEO ultra plus AC Thermo Compression Bonding 9800 TC next Multi Module Attach Datacon 2200 evo Datacon 2200 evo plus Datacon 2200 evo hF Datacon 2200 evo hS Datacon 2200 evo advanced Die Bonding Esec 2100 hS iXplus Esec 2100 sD advanced i Esec 2100 hS i Esec 2100 hS Esec 2100 SC Strip Mapping E142 on Esec Die Bonder Soft Solder Die Bonding Esec 2100 SSI Esec 2009 SSI E Esec 2009 fS E Flip Chip Datacon 8800 FC QUANTUM advanced Datacon 8800 FC QUANTUM advX Datacon 8800 CHAMEO advanced Esec 2100 FC hS Packaging Molding AMS-X MMS-X Fico Molding Line...,633,fetched,2026-08-11T03:18:34Z
56,Plansee,High investments for a strong future,https://plansee-group.com/en/articles/detail/geschaftsjahr-2023-24,Plansee - Press & Stories / Press Releases / Stories,2024-07-03T22:00:00Z,2026-08-11T03:18:34Z,official_page,https://plansee-group.com/en/news-media/press-stories,official,10,https://plansee-group.com/en/news-media/press-stories,"all articles 04. July 2024 High investments for a strong future Plansee Group stable in challenging business environment Published by: Plansee Group &middot; Last updated: 03. November 2025 Breitenwang/Reutte, July 4, 2024 – Despite declining demand in some sales markets, the Plansee Group developed stably in the past fiscal year. With its presence in all major economic regions, a high proportion of new products in important future markets, and a clearly formulated sustainability program, the company sees itself well-positioned for the future. After a promising start, the expected recovery of key markets did not materialize in the past fiscal year. Demand in China and Europe, in particular, stagnated. ""Nevertheless, the Plansee Group has demonstrated strength and resilience in this challen...",1360,fetched,2026-08-11T03:18:34Z
29,Besi,Archive AGM 2024,https://www.besi.com/investor-relations/annual-general-meeting/agm-2024/,Besi - Press Releases / Press Releases,2024-04-24T15:00:00Z,2026-08-11T03:18:34Z,official_page,https://www.besi.com/investor-relations/press-releases/,official,10,https://www.besi.com/investor-relations/press-releases/,&nbsp; StockTicker Navigatie is gesloten Company Company Profile Strategy Market Products & Services Company Overview Organization Executive Management Supervisory Board Sustainability Products & Technology Die Attach Hybrid Bonding Datacon 8800 CHAMEO ultra plus AC Thermo Compression Bonding 9800 TC next Multi Module Attach Datacon 2200 evo Datacon 2200 evo plus Datacon 2200 evo hF Datacon 2200 evo hS Datacon 2200 evo advanced Die Bonding Esec 2100 hS iXplus Esec 2100 sD advanced i Esec 2100 hS i Esec 2100 hS Esec 2100 SC Strip Mapping E142 on Esec Die Bonder Soft Solder Die Bonding Esec 2100 SSI Esec 2009 SSI E Esec 2009 fS E Flip Chip Datacon 8800 FC QUANTUM advanced Datacon 8800 FC QUANTUM advX Datacon 8800 CHAMEO advanced Esec 2100 FC hS Packaging Molding AMS-X MMS-X Fico Molding Line...,617,fetched,2026-08-11T03:18:34Z
53,Rio Tinto,Trending topics,https://www.riotinto.com/en/news/trending-topics,Rio Tinto - Releases / Press Releases,2023-10-13T15:00:00Z,2026-08-11T03:18:34Z,official_page,https://www.riotinto.com/news/releases/,official,10,https://www.riotinto.com/news/releases/,"Trending topics Find out the latest on key business and industry topics Collaborating to drive tailings good practice Together with BHP, we have formed a Tailings Management Consortium (TMC) to develop solutions for sustainably improving tailings dewatering and management. Read more Supporting the circular economy We work and partner to keep resources in use for a more circular future. Read more Into Western Australia For us, &lsquo;into&rsquo; means being truly involved.&nbsp; &nbsp; We're into many things... from Perth to the Pilbara and beyond &ndash; we work with a diverse range of incredible people and partners &ndash; whose ideas and love for Western Australia shape our community and business.&nbsp; Read more Investment in high integrity ACCUs While prioritising our decarbonisation p...",541,fetched,2026-08-11T03:18:34Z
29,Besi,&nbsp;,https://www.besi.com/investor-relations/annual-general-meeting/archive-agm-2023/,Besi - Press Releases / Press Releases,2023-04-25T15:00:00Z,2026-08-11T03:18:34Z,official_page,https://www.besi.com/investor-relations/press-releases/,official,10,https://www.besi.com/investor-relations/press-releases/,&nbsp; StockTicker Navigatie is gesloten Company Company Profile Strategy Market Products & Services Company Overview Organization Executive Management Supervisory Board Sustainability Products & Technology Die Attach Hybrid Bonding Datacon 8800 CHAMEO ultra plus AC Thermo Compression Bonding 9800 TC next Multi Module Attach Datacon 2200 evo Datacon 2200 evo plus Datacon 2200 evo hF Datacon 2200 evo hS Datacon 2200 evo advanced Die Bonding Esec 2100 hS iXplus Esec 2100 sD advanced i Esec 2100 hS i Esec 2100 hS Esec 2100 SC Strip Mapping E142 on Esec Die Bonder Soft Solder Die Bonding Esec 2100 SSI Esec 2009 SSI E Esec 2009 fS E Flip Chip Datacon 8800 FC QUANTUM advanced Datacon 8800 FC QUANTUM advX Datacon 8800 CHAMEO advanced Esec 2100 FC hS Packaging Molding AMS-X MMS-X Fico Molding Line...,672,fetched,2026-08-11T03:18:34Z
64,Hitachi Metals,The former Hitachi Metals,https://www.proterial.com/e/press/backnumber/2022/,Hitachi Metals - Proterial 2026 Press Releases / Press Releases,2022-09-29T15:00:00Z,2026-08-11T03:18:34Z,official_page,https://www.proterial.com/e/press/2026/,official,10,https://www.proterial.com/e/press/2026/,"TOP News Release The former Hitachi Metals News Release 2022 2022 2022 2021 2020 2019 2018 2017 2016 2015 2014 2013 2022 2021 2020 2019 2018 2017 2016 2015 2014 2013 ALL Jan. Feb. Mar. Apr. May Jun. Jul. Aug. Sep. Oct. Nov. Dec. December 28 Mgmt Announcement of Delisting of the Company Shares [PDF: ] December 12 Mgmt Transition to a company with Audit & Supervisory Board and change in the officers (including changes of representative) accompanied by the transition [PDF: ] December 9 Mgmt Announcement of Approval for Resolutions Related to Share Consolidation, Abolition of the Provisions regarding a Share Unit, and Partial Amendment to the Articles of Incorporation [PDF: ] December 9 R&D Proposing High-Performance Ferrite Magnets for xEV Traction Motors November 30 Mgmt (Change) Announcemen...",588,fetched,2026-08-11T03:18:34Z
58,Veolia,Press Releases,https://www.veolia.com/en/newsroom/press-releases,Veolia - Financial Press Releases / Financial Press Releases,2014-02-24T08:34:01Z,2026-08-11T03:18:34Z,official_page,https://www.veolia.com/en/veolia-group/finance/press-releases,official,10,https://www.veolia.com/en/veolia-group/finance/press-releases,"Skip to main content Home OUR MEDIA Press releases Listen Press Releases Discover our press releases and their RSS feed. Click to access the RSS feed of our press releases Sort by: Reverse Chronological 30 July 2026 Veolia renforce son leadership en Amérique latine avec un contrat majeur dans l'eau en Colombie pour moderniser les infrastructures hydriques de Cúcuta Press release: July 30, 2026 - Contract in Cúcuta, Colombia (114.42 KB) Read more 30 July 2026 2026 first-half results Press release: 30 July 2026 - Download the full results for the first half 2026 (341.29 KB) Read more 09 June 2026 Veolia launches a new employee stock ownership plan offered to 180,000 Group employees Presse release: Employee stock ownership plan (141.5 KB) Read more 05 June 2026 Veolia’s Stakeholders Assembly...",325,fetched,2026-08-11T03:18:34Z
6,Moderna,Moderna 2020 Annual Report >,https://irp.cdn-website.com/0a71bb4f/files/uploaded/Moderna-Annual-Report-2020.pdf,Moderna - Moderna News / Press Releases / Press Releases,,2026-08-11T03:18:34Z,official_page,https://news.modernatx.com/,official,10,https://news.modernatx.com/,,,skipped_non_html,
14,DOW,Press Releases,https://corporate.dow.com/en-us/news/press-releases.html,DOW - Corporate Press Releases / Press Releases,,2026-08-11T03:18:34Z,official_page,https://corporate.dow.com/en-us/news/press-releases,official,10,https://corporate.dow.com/en-us/news/press-releases,"Corporate Products Investors Contact us Locations Search What are you looking for? About Dow Purpose in Action News Collaborations Careers About Dow Ambition Back Awards Back Company Back Company History Public Policy Corporate Governance Back Corporate Governance Living Our Values Corporate Reporting Back Corporate Reporting INtersections Report Leadership Back Learn how we make the world a better place as Team Dow. Through respect and integrity, we lead with our core values and innovative spirit to create more sustainable materials science solutions for everyone. Purpose in Action Sustainability Focus Areas Back Sustainability Focus Areas Mitigate Climate Change: Decarbonize Adapt to Climate Change: Water & Nature Advance a Circular Economy Innovate for Safer Materials Ensure Safe and Re...",359,fetched,2026-08-11T03:18:34Z
14,DOW,Seek Together Blog,https://corporate.dow.com/en-us/news/seek-together.html,DOW - Corporate Press Releases / Press Releases,,2026-08-11T03:18:34Z,official_page,https://corporate.dow.com/en-us/news/press-releases,official,10,https://corporate.dow.com/en-us/news/press-releases,"Corporate Products Investors Contact us Locations Search What are you looking for? About Dow Purpose in Action News Collaborations Careers About Dow Ambition Back Awards Back Company Back Company History Public Policy Corporate Governance Back Corporate Governance Living Our Values Corporate Reporting Back Corporate Reporting INtersections Report Leadership Back Learn how we make the world a better place as Team Dow. Through respect and integrity, we lead with our core values and innovative spirit to create more sustainable materials science solutions for everyone. Purpose in Action Sustainability Focus Areas Back Sustainability Focus Areas Mitigate Climate Change: Decarbonize Adapt to Climate Change: Water & Nature Advance a Circular Economy Innovate for Safer Materials Ensure Safe and Re...",470,fetched,2026-08-11T03:18:34Z
14,DOW,Media Gallery,https://corporate.dow.com/en-us/news/media-gallery.html,DOW - Corporate Press Releases / Press Releases,,2026-08-11T03:18:34Z,official_page,https://corporate.dow.com/en-us/news/press-releases,official,10,https://corporate.dow.com/en-us/news/press-releases,"Corporate Products Investors Contact us Locations Search What are you looking for? About Dow Purpose in Action News Collaborations Careers About Dow Ambition Back Awards Back Company Back Company History Public Policy Corporate Governance Back Corporate Governance Living Our Values Corporate Reporting Back Corporate Reporting INtersections Report Leadership Back Learn how we make the world a better place as Team Dow. Through respect and integrity, we lead with our core values and innovative spirit to create more sustainable materials science solutions for everyone. Purpose in Action Sustainability Focus Areas Back Sustainability Focus Areas Mitigate Climate Change: Decarbonize Adapt to Climate Change: Water & Nature Advance a Circular Economy Innovate for Safer Materials Ensure Safe and Re...",671,fetched,2026-08-11T03:18:34Z
19,Skyworks,Company Presentation,https://www.skyworksinc.com/-/media/SkyWorks/Documents/Downloads/skyworks_overview.pdf,Skyworks - Press Releases / Press Releases,,2026-08-11T03:18:34Z,official_page,https://investors.skyworksinc.com/press-releases,official,10,https://investors.skyworksinc.com/press-releases,,,skipped_non_html,
23,3M,rss_feed News RSS,https://investors.3m.com/news-events/press-releases/rss,3M - IR Press Releases / Investor Press Releases,,2026-08-11T03:18:34Z,official_page,https://investors.3m.com/news-events/press-releases,official,10,https://investors.3m.com/news-events/press-releases,"3M Company (MMM) Press Releases https://investors.3m.com/news-events/press-releases/rss en-us https://d1io3yog0oux5.cloudfront.net/3m/files/theme/images/logo-sm.png 3M Company Logo Equisolve Investor Relations Suite https://investors.3m.com/news-events/press-releases/detail/1938/3m-reports-second-quarter-2026-results-increases-full-year Tue, 21 Jul 26 06:30:00 -0400 https://investors.3m.com/news-events/press-releases/detail/1938/3m-reports-second-quarter-2026-results-increases-full-year https://investors.3m.com/news-events/press-releases/detail/1937/3m-and-microsoft-announce-strategic-partnership-to-advance Wed, 15 Jul 26 09:01:00 -0400 https://investors.3m.com/news-events/press-releases/detail/1937/3m-and-microsoft-announce-strategic-partnership-to-advance https://investors.3m.com/news-ev...",95,fetched,2026-08-11T03:18:34Z
27,Prodrive,20-05-2026 | Press release Prodrive Technologies and Fortaegis Technologies sign strategic partnership agreement,https://prodrive-technologies.com/en/about-us/news/prodrive-technologies-and-fortaegis-technologies-sign-strategic-partnership-agreement/,Prodrive - Press-release Filter / Press Releases,,2026-08-11T03:18:34Z,official_page,https://prodrive-technologies.com/en/about-us/news/?label=Press+release,official,10,https://prodrive-technologies.com/en/about-us/news/?label=Press+release,"Skip to content 20-05-2026 | Press release Prodrive Technologies and Fortaegis Technologies sign strategic partnership agreement Son, the Netherlands, May 2026 – Prodrive Technologies Group B.V. (“Prodrive Technologies”) and Fortaegis Technologies B.V. have signed a strategic partnership agreement to support the development, industrialization and commercialization of advanced secure hardware and software platforms. The agreement provides a framework for long-term collaboration between both companies. It brings together Fortaegis’ expertise in secure and high-performance computing, networking and distributed infrastructure with Prodrive Technologies’ engineering, system integration, industrialization and manufacturing capabilities. As part of the agreement, Prodrive Technologies will take o...",435,fetched,2026-08-11T03:18:34Z
27,Prodrive,News,https://prodrive-technologies.com/en/about-us/news/?label=Whitepaper,Prodrive - Press-release Filter / Press Releases,,2026-08-11T03:18:34Z,official_page,https://prodrive-technologies.com/en/about-us/news/?label=Press+release,official,10,https://prodrive-technologies.com/en/about-us/news/?label=Press+release,Skip to content 20-05-2026 | Press release Prodrive Technologies and Fortaegis Technologies sign strategic partnership agreement Filter news Whitepaper Press release Case study Show all 18-02-2026 | Whitepaper Revolutionizing plasma power solutions for etching and deposition,36,fetched,2026-08-11T03:18:34Z
27,Prodrive,1-04-2026 | Press release Prodrive Technologies announces 2025 financial results,https://prodrive-technologies.com/en/about-us/news/prodrive-technologies-announces-2025-financial-results/,Prodrive - Press-release Filter / Press Releases,,2026-08-11T03:18:34Z,official_page,https://prodrive-technologies.com/en/about-us/news/?label=Press+release,official,10,https://prodrive-technologies.com/en/about-us/news/?label=Press+release,"Skip to content 1-04-2026 | Press release Prodrive Technologies announces 2025 financial results Prodrive Technologies Group B.V. (“Prodrive”) today announced consolidated revenues of €504 million for 2025, compared to €552 million in 2024, and a net profit of €40 million, equal to the prior year. CEO Pieter Janssen commented: “2025 was a year in which we delivered strong performance during a transitional phase. We moved from stabilizing the business to laying the foundation for sustainable growth, maintaining solid profitability while continuing to improve quality, efficiency, and operational performance. A major milestone was the successful shift from a functional to a product‑oriented organizational model, positioning us for the next wave of growth."" CFO Karel van Gerven added: “We expe...",349,fetched,2026-08-11T03:18:34Z
27,Prodrive,1-12-2025 | Press release Prodrive Technologies takes €40 million EIB loan to boost R&D in new technologies,https://prodrive-technologies.com/en/about-us/news/prodrive-technologies-takes-40-million-eib-loan-to-boost-rd-in-new-technologies-1/,Prodrive - Press-release Filter / Press Releases,,2026-08-11T03:18:34Z,official_page,https://prodrive-technologies.com/en/about-us/news/?label=Press+release,official,10,https://prodrive-technologies.com/en/about-us/news/?label=Press+release,"Skip to content 1-12-2025 | Press release Prodrive Technologies takes €40 million EIB loan to boost R&D in new technologies LUXEMBOURG/SON (1 December, 2025)&nbsp; Dutch-based Prodrive Technologies has signed a €40 million lending agreement with the European Investment Bank (EIB). The financing will advance Prodrive Technologies’ R&D initiatives regarding electronic products in the semiconductor, medical, energy and automotive sectors. The project is expected to preserve and create skilled employment in R&D and manufacturing, while also contributing to the upskilling of the European workforce in response to evolving technological demands, thus reinforcing Europe’s position in high-tech manufacturing and innovation. “This type of investment by the EIB is a clear signal that we want to suppo...",630,fetched,2026-08-11T03:18:34Z
27,Prodrive,5-11-2025 | Press release Prodrive Technologies inaugurates 4MW green hydrogen rectifier test facility,https://prodrive-technologies.com/en/about-us/news/prodrive-technologies-inaugurates-4mw-green-hydrogen-rectifier-test-facility/,Prodrive - Press-release Filter / Press Releases,,2026-08-11T03:18:34Z,official_page,https://prodrive-technologies.com/en/about-us/news/?label=Press+release,official,10,https://prodrive-technologies.com/en/about-us/news/?label=Press+release,"Skip to content 5-11-2025 | Press release Prodrive Technologies inaugurates 4MW green hydrogen rectifier test facility SCIENCE PARK EINDHOVEN, THE NETHERLANDS. (5 November, 2025) - Testing has started at Prodrive Technologies’ new 4MW test facility at its HQ in Son, the Netherlands. It will be used in the coming months and years to explore and perfect the performance of their new SiC-based ‘Hydra’ rectifier system by covering all possible operational conditions and loads. These tests will provide customers, like electrolyser OEMs, EPCs, and green hydrogen project developers, the evidence and confidence needed to integrate these rectifiers at GW-scale. The test facility enables multiple high-power tests to run in parallel. In a smart back-to-back configuration, one system can serve as the p...",462,fetched,2026-08-11T03:18:34Z
30,NXP,Press Kits,https://www.nxp.com/company/about-nxp/newsroom/press-kits:PRESS-KITS,NXP - Press Releases / Press Releases,,2026-08-11T03:18:34Z,official_page,https://www.nxp.com/press-releases,official,10,https://www.nxp.com/press-releases,About NXP Careers Contact Us Inclusion at NXP Innovation Stories Events History Investor Relations Newsroom NXP Leadership Our Brand Our Team Members Quality Smarter World Blog Smarter World Podcast Smarter World Videos Startups x NXP Step Forward Sustainability Trade Compliance We Are NXP Worldwide Locations Newsroom Media Contacts News Briefs Partner and Industry News Press Kits Press Releases Press Kits Automotive Radar Press Kit Corporate Press Kit Electrification Press Kit MCX Press Kit Security Press Kit Smart Factory Press Kit Ultra-Wideband Press Kit Vehicle Architecture Wi-Fi 6 Press Kit About NXP Careers Contact Us Inclusion at NXP Innovation Stories Events History Investor Relations Newsroom Media Contacts News Briefs Partner and Industry News Press Kits Automotive Radar Press K...,438,fetched,2026-08-11T03:18:34Z
30,NXP,Corporate Press Kit,https://www.nxp.com/company/about-nxp/newsroom/press-kits/corporate-press-kit:CORPORATE-PK,NXP - Press Releases / Press Releases,,2026-08-11T03:18:34Z,official_page,https://www.nxp.com/press-releases,official,10,https://www.nxp.com/press-releases,About NXP Careers Contact Us Inclusion at NXP Innovation Stories Events History Investor Relations Newsroom NXP Leadership Our Brand Our Team Members Quality Smarter World Blog Smarter World Podcast Smarter World Videos Startups x NXP Step Forward Sustainability Trade Compliance We Are NXP Worldwide Locations Newsroom Media Contacts News Briefs Partner and Industry News Press Kits Press Releases Press Kits Automotive Radar Press Kit Corporate Press Kit Electrification Press Kit MCX Press Kit Security Press Kit Smart Factory Press Kit Ultra-Wideband Press Kit Vehicle Architecture Wi-Fi 6 Press Kit Corporate Press Kit Management Team Photos NXP Headquarters Photos Global Location Photos About NXP Careers Contact Us Inclusion at NXP Innovation Stories Events History Investor Relations Newsroo...,334,fetched,2026-08-11T03:18:34Z
39,BASF,Multimedia,https://www.basf.com/global/en/media/multimedia,BASF - News Releases / Press Releases,,2026-08-11T03:18:34Z,official_page,https://www.basf.com/global/en/media/news-releases,official,10,https://www.basf.com/global/en/media/news-releases,Home Media Multimedia Media Multimedia In this area you can find press photos and podcasts. Press photos In this area you can find our press photos Find out more SUBSTANCE Our new podcast presents visionary projects and exciting innovations. Listen now Video Podcasts Spot BASF’s videos on exciting topics from the world of chemistry Find out more Chemical Reporter Listen to our Chemical Reporter about Chemistry in our everyday life Listen in TOP,73,fetched,2026-08-11T03:18:34Z
39,BASF,Publications,https://www.basf.com/global/en/media/publications,BASF - News Releases / Press Releases,,2026-08-11T03:18:34Z,official_page,https://www.basf.com/global/en/media/news-releases,official,10,https://www.basf.com/global/en/media/news-releases,Home Media Publications Media Publications Email Subscription Publication type Year Region Results: 449 &nbsp; 7/30/26 BASF Petronas Chemicals Factsheet 2025 Preview Download 7/29/26 Half-Year Financial Report 2026 Language :&nbsp; English Preview Download 6/15/26 BASF-YPC Company Limited Factsheet 2025 Language :&nbsp; English Preview Download 6/12/26 BASF Factsheet Ludwigshafen 2025 Language :&nbsp; English Preview Download 5/28/26 BASF Factbook May 2026 Language :&nbsp; English Online View Preview Download Show more TOP,68,fetched,2026-08-11T03:18:34Z
40,Evonik Industries,To our latest press releases,https://corporate.evonik.com/en/media/press-releases,Evonik Industries - Press Releases / Press Releases,,2026-08-11T03:18:34Z,official_page,https://publications.evonik.com/en/media/press-releases,official,10,https://publications.evonik.com/en/media/press-releases,"SHARE News Menu Our Products Products maxLevel"" @click.prevent=""handleMenuBackButton()"" aria-label=""Back"" class=""bg-color-white size-028 flex justify-center items-center shrink-0 hover:bg-color-primary hover:text-color-secondary""> index + 2}""> index + 1 ? '...' : activeMenu.dataset.submenuTitle"" class=""inline"" :class=""{'font-medium': index == visibleMenus.length - 1}""> 0""> Fetching modal content...",38,fetched,2026-08-11T03:18:34Z
42,Jenoptik,Social Media,https://www.jenoptik.com/news/social-media,Jenoptik - Press Releases / Press Releases,,2026-08-11T03:18:34Z,official_page,https://www.jenoptik.com/news/pressreleases,official,10,https://www.jenoptik.com/news/pressreleases,Home News Social Media Recommend Facebook LinkedIn Social Media Color Scheme Options Please choose your prefered color scheme option. Automatic color change Choose color theme Random per session Save and close,31,fetched,2026-08-11T03:18:34Z
42,Jenoptik,Media Library,https://www.jenoptik.com/news/media-library,Jenoptik - Press Releases / Press Releases,,2026-08-11T03:18:34Z,official_page,https://www.jenoptik.com/news/pressreleases,official,10,https://www.jenoptik.com/news/pressreleases,"Home News Media Library Recommend Facebook LinkedIn Media Library The Jenoptik image database includes assets for editorial purposes to illustrate the business, products and locations of the Jenoptik Group, its divisions as well as current issues and events. With the following link you can access the Jenoptik image database. Click on one of the galleries and you can see an overview with thumbnails. Subsequently, you can download the images needed. Image database Social Media We offer you informative videos about Jenoptik and our products on YouTube. On LinkedIn, we provide information about Jenoptik Group news and events as well as industry-specific news with our LinkedIn profiles for Smart Mobility Solutions, HOMMEL ETAMIC, TRIOPTICS and SwissOptic. Instagram is our channel to show divers...",189,fetched,2026-08-11T03:18:34Z
42,Jenoptik,Events and Trade fairs,https://www.jenoptik.com/news/events-and-trade-fairs,Jenoptik - Press Releases / Press Releases,,2026-08-11T03:18:34Z,official_page,https://www.jenoptik.com/news/pressreleases,official,10,https://www.jenoptik.com/news/pressreleases,"Home News Events and Trade fairs Recommend Facebook LinkedIn Events and Trade fairs 25/08/2026 &nbsp;&ndash;&nbsp; 27/08/2026 SPIE Optics and Photonics San Diego, California Trade fair for optical engineering, nanotechnology, quantum science, and organic photonics Add to calendar 08/09/2026 &nbsp;&ndash;&nbsp; 11/09/2026 SPIE Photomask Technology + EUV Lithography Monterey, California Add to calendar 09/09/2026 &nbsp;&ndash;&nbsp; 11/09/2026 CIOE (China International Optoelectronics Exposition) Shenzhen, China Exhibitors: Jenoptik, SwissOptic, TRIOPTICS Add to calendar 14/09/2026 &nbsp;&ndash;&nbsp; 19/09/2026 IMTS Chicago (International Manufacturing Technology Show) Chicago, USA Exhibitor: Jenoptik Add to calendar 21/09/2026 &nbsp;&ndash;&nbsp; 23/09/2026 ECOC Exhibition Malaga, Spain St...",234,fetched,2026-08-11T03:18:34Z
42,Jenoptik,Jenoptik Annual Report 2025,https://www.jenoptik.com/investors/annual-report-2025,Jenoptik - Press Releases / Press Releases,,2026-08-11T03:18:34Z,official_page,https://www.jenoptik.com/news/pressreleases,official,10,https://www.jenoptik.com/news/pressreleases,"Financial statements for 2025 and outlook for 2026 Prev Next Home Investors Annual Report 2025 Recommend Facebook LinkedIn Annual report 2025 The fiscal year 2025 was marked by various challenges for Jenoptik, particularly from the semiconductor equipment and automotive markets. Nevertheless, we have continued to focus on our relevant growth potentials in our core markets of semiconductors, medical technology, metrology and smart mobility, and we look to the future with optimism thanks to our strong growth platforms. Overview over the fiscal year 2025 Jenoptik performed well overall in a challenging market environment in 2025. Despite a 6 percent decline in revenue , we were able to maintain our profitability at a good level, with an EBITDA margin of 18.4 percent, thanks to cost reduction...",649,fetched,2026-08-11T03:18:34Z
43,EMM(Umicore),Press Release,https://www.hshyosung.com/en/media/press-release,EMM(Umicore) - HS Hyosung Press Releases / Press Releases,,2026-08-11T03:18:34Z,official_page,https://www.hshyosung.com/en/media/press-release,official,10,https://www.hshyosung.com/en/media/press-release,Press-release,1,fetched,2026-08-11T03:18:34Z
43,EMM(Umicore),Media Hub,https://www.hshyosung.com/en/media/media-hub,EMM(Umicore) - HS Hyosung Press Releases / Press Releases,,2026-08-11T03:18:34Z,official_page,https://www.hshyosung.com/en/media/press-release,official,10,https://www.hshyosung.com/en/media/press-release,Media Hub Media Hub Close,5,fetched,2026-08-11T03:18:34Z
53,Rio Tinto,Releases,https://www.riotinto.com/en/news/releases,Rio Tinto - Releases / Press Releases,,2026-08-11T03:18:34Z,official_page,https://www.riotinto.com/news/releases/,official,10,https://www.riotinto.com/news/releases/,Releases Search Search Results Our official financial results Production Our latest quarterly operations reviews Resources and reserves Details on mineral resources and reserves released with our annual reports Search results for {search query} Reset filters Reset all Sort by: Latest Relevance x Showing {visible} of {count} results Results per page 5 10 20 50,54,fetched,2026-08-11T03:18:34Z
53,Rio Tinto,Season 2 podcast,https://www.riotinto.com/en/news/podcast/season-2,Rio Tinto - Releases / Press Releases,,2026-08-11T03:18:34Z,official_page,https://www.riotinto.com/news/releases/,official,10,https://www.riotinto.com/news/releases/,"Season 2: Things You Can't Live Without A podcast by Rio Tinto How do the objects we rely on come to be made? What goes into creating them? How did they become so vital to us? And what is the environmental impact of living with them, now and into the future?&nbsp; Join material scientist Dr Anna Ploszajski as she welcomes different guests and scientists to discuss the truths about our reliance on the earth’s resources – and to look at what needs to happen to create a sustainable future for the everyday items we have come to rely on.&nbsp; Things You Can’t Live Without season 2 – listen now on Spotify , Apple , Amazon and YouTube . Episodes: season 2 Dr Adam Rutherford Season 2: Episode 1 Dr Adam Rutherford on bodies, blue-sky projects and blue-blooded crabs. Read more Jon Lampley Season 2:...",345,fetched,2026-08-11T03:18:34Z
53,Rio Tinto,S2: Adam Rutherford,https://www.riotinto.com/en/news/podcast/season-2/s2-episode-1,Rio Tinto - Releases / Press Releases,,2026-08-11T03:18:34Z,official_page,https://www.riotinto.com/news/releases/,official,10,https://www.riotinto.com/news/releases/,"Dr Adam Rutherford Season 2: Episode 1 Dr Adam Rutherford on bodies, blue-sky projects and blue-blooded crabs Geneticist Dr Adam Rutherford relies on refrigeration to preserve the unique DNA samples that underpin his lab work. Furthermore, as he explains to Dr Anna, fridges are good for keeping his beer cold! In an episode all about research and development, Adam and Anna are joined by Marie-Pierre Paquin, Head of Science and Partnerships at Rio Tinto, to explore how a mix of curiosity, diligence and data leads to scientific breakthroughs. Listen to find out how many periodic table elements are in the human body, why some parts of the world are richer in DNA samples than others, and why certain crustaceans have blue blood. Listen to the episode on&nbsp; Spotify ,&nbsp; Apple ,&nbsp; Amazon...",147,fetched,2026-08-11T03:18:34Z
53,Rio Tinto,"Jon Lampley on Trumpet Performances, Outdoor Venues, and AI in Music",https://www.riotinto.com/en/news/podcast/season-2/s2-episode-2,Rio Tinto - Releases / Press Releases,,2026-08-11T03:18:34Z,official_page,https://www.riotinto.com/news/releases/,official,10,https://www.riotinto.com/news/releases/,"Jon Lampley Season 2: Episode 2 Jon Lampley on blowing his trumpet, outdoor venues and the ethics of AI in music Renowned trumpeter Jon Lampley performs on national TV in the Stephen Colbert house band, to stadiums of people, and alone in his small home studio - but which does he prefer? Jon tells Dr Anna about the significance of his custom-built trumpet, his unique sound and his most memorable performances. They are also joined by Shawn Lyndon, Chief Digital Officer at Rio Tinto, to explore the balance between analogue authenticity and digital convenience. Shawn shares how digitization enhances their operations, from environmental preservation to making sites safer. Listen to find out about the positive impacts of AI on creativity as well as the ethical considerations surrounding its use...",165,fetched,2026-08-11T03:18:34Z
60,Safran,Universal registration document,https://www.safran-group.com/download/media/450818,Safran - Pressroom / Newsroom / Press,,2026-08-11T03:18:34Z,official_page,https://www.safran-group.com/pressroom,official,10,https://www.safran-group.com/pressroom,"%PDF-1.6 %���� 3918 0 obj >stream h��[[�d7n�+� ���.3���ԥ�K���s�⑨�EQ\BބM�Ī⴩A6�&R��e%� 3mb��aUc���T6D��%X�6\ӆ��FȈ�F�MD�Q!BI&45�z�)Gk������P*�V�F��FS��%nT�l��VK��uڤ�eC��C�FZ�#��$Nf��[(�j�!���bu��]J�fL�I�zdI�5�܆���Ә��LX�f#��Ljt ���D��bl�4 mF�k�xMBb,�)5&ז��,�ֳj�2�73mŬŻ^�Y.m�5+&�IkV\�FZ��5:i�jȍ�f�}���kbo�'�i� 6��=79.L7�I� 5�'�������,��ٔS��u�����M�.�K�V�Ni�n�p 0��8�L ��֑�& E��*q=H{v�io�AC��jC��M��o�wU5�'���0V��o*�[C:e�## ����@���̑m�요loKӑ�׋��I��Ji�����cQ�aMy#�l�O�8D���l(p�N��rj��9C����vJm &�&�5�m�fz��l3�>qN�q۔9� ��ݻ��j��e�ٺw*�,0k�� �� 56��J�u���_Ch��Q�?QٚU��kj�kN�$8`L��t�:[���rr���{'��,�����.�5��I�s���&4���7k�͉3s�o�=���50���}e����&7�ۚ���%�Qh�T�[C�h�\���v����wu����6��]���`c�2���X ��g��M�f�)�]��1 ��}ye�n���]X4ip-i�;pk���M�...",161722,fetched,2026-08-11T03:18:34Z
60,Safran,2026 Interim Financial Report See more,https://www.safran-group.com/download/media/451759,Safran - Pressroom / Newsroom / Press,,2026-08-11T03:18:34Z,official_page,https://www.safran-group.com/pressroom,official,10,https://www.safran-group.com/pressroom,"%PDF-1.6 %���� 388 0 obj > endobj 415 0 obj >/Filter/FlateDecode/ID[ ]/Index[388 56]/Info 387 0 R/Length 122/Prev 1437081/Root 389 0 R/Size 444/Type/XRef/W[1 3 1]>>stream h�bbd```b``�� N ���]""Y^�H�3 R�,� ""�.�� H�y6'�!�6�x��e��L3A""����I�v L��E �3H~ �a`bd`���q���� >stream h��U�Ow�~)jmQ�-s ̷�ej\�H�6[ڤ��ȶD���%""�i1 u[Ȳ�`��N��[�VM-�߶%&-�p��n��aK6�˒}�8*�v�����|�� �@?9� �R�ё�ll����1Vy� �!q�� � g\�F�� > endobj 390 0 obj >/XObject >>>/Rotate 0/Type/Page>> endobj 391 0 obj >stream H�*T0�3  �� �, SS=K �H!9WA�=�@!�XA�-�@�%_!P � 4� � endstream endobj 392 0 obj >stream h��Vmo�6�+��C��U�l�޲�ng� �X���ʔ!�[��w�l'A��4E`�4�����s �Ã����1�I��I�A���,0�Up`i��B ��`�a�`I��,Xp��E#,)�QHBd���Ȅ')Z�:W���������\��oS6��:��)�t��� %7��+Kn|�������&:W����bL.����)...",18176,fetched,2026-08-11T03:18:34Z
60,Safran,Tomorrow's electric aircraft See more,https://www.safran-group.com/download/media/431019,Safran - Pressroom / Newsroom / Press,,2026-08-11T03:18:34Z,official_page,https://www.safran-group.com/pressroom,official,10,https://www.safran-group.com/pressroom,%PDF-1.4 %���� 4 0 obj > endobj xref 4 859 0000000016 00000 n 0000018902 00000 n 0000018962 00000 n 0000022141 00000 n 0000022214 00000 n 0000038697 00000 n 0000039306 00000 n 0000061247 00000 n 0000061797 00000 n 0000086383 00000 n 0000110719 00000 n 0000110937 00000 n 0000111119 00000 n 0000131799 00000 n 0000155530 00000 n 0000179906 00000 n 0000205078 00000 n 0000205342 00000 n 0000205424 00000 n 0000205477 00000 n 0000205590 00000 n 0000205713 00000 n 0000205828 00000 n 0000205943 00000 n 0000206056 00000 n 0000206179 00000 n 0000206302 00000 n 0000206417 00000 n 0000206542 00000 n 0000206667 00000 n 0000206792 00000 n 0000206906 00000 n 0000207020 00000 n 0000207145 00000 n 0000207268 00000 n 0000207391 00000 n 0000207508 00000 n 0000207631 00000 n 0000208221 00000 n 0000216153 00000...,24962,fetched,2026-08-11T03:18:34Z
68,JSR,07/24/2026 Annual Report 2026,https://www.jsr.co.jp/jsr_e/ir/library/assets/pdf/Annual%20Report%202026.pdf,JSR - 2026 News / Newsroom / News RSS,,2026-08-11T03:18:34Z,official_feed_discovered,https://www.jsr.co.jp/jsr_e/news/rss.xml,official,10,https://www.jsr.co.jp/jsr_e/news/rss.xml,,,skipped_non_html,
68,JSR,06/23/2026 Notice Regarding Changes of Officer and General Manager,https://www.jsr.co.jp/jsr_e/news/assets/pdf/20260623_Notice%20Regarding%20Changes%20of%20Officer%20and%20General%20Manager.pdf,JSR - 2026 News / Newsroom / News RSS,,2026-08-11T03:18:34Z,official_feed_discovered,https://www.jsr.co.jp/jsr_e/news/rss.xml,official,10,https://www.jsr.co.jp/jsr_e/news/rss.xml,,,skipped_non_html,
68,JSR,06/15/2026 Notice Regarding Changes of General Managers,https://www.jsr.co.jp/jsr_e/news/assets/pdf/20260615_Notice%20Regarding%20Changes%20of%20General%20Managers.pdf,JSR - 2026 News / Newsroom / News RSS,,2026-08-11T03:18:34Z,official_feed_discovered,https://www.jsr.co.jp/jsr_e/news/rss.xml,official,10,https://www.jsr.co.jp/jsr_e/news/rss.xml,,,skipped_non_html,
71,Tosoh,1999.12.06 ニュースリリース トヨパールの生産能力を５０％増強,https://www.tosoh.co.jp/news/release/1999/19991206_nw000063.html,Tosoh - News Releases / Press Releases,,2026-08-11T03:18:34Z,official_page,https://www.tosoh.co.jp/news/release/,official,10,https://www.tosoh.co.jp/news/release/,TOP ニュース ニュースリリース トヨパールの生産能力を５０％増強 NEWS RELEASE 1999年12月06日 東ソー株式会社 広報・IR室 印刷する 1999.12.06 ニュースリリース トヨパールの生産能力を５０％増強 東ソー株式会社 トヨパールの生産能力を５０％増強 東ソーは、酵素、タンパク質、糖類、抗生物質など生化学分野での研究開発や食品分野、医薬品分野などでの製造において幅広く利用されている分離精製剤であるトヨパール（商品名）の生産を現在の富山工場および南陽事業所の２拠点から南陽事業所に集約、あわせて生産能力を５０％増強します。 着工は２０００年２月、完工は同年４月を予定。 投資金額は約３億円。 トヨパールをはじめとする分離精製剤は、特に欧米での需要が旺盛であり、一方で、性能に対するユーザーの要求も多様化しています。 東ソーは拡大していく分離精製剤の需要に対応し、トヨパールの生産を南陽事業所に集約、同事業所で行っている製品開発と一体化することにより、分離精製剤事業をさらに強化していきます。 トヨパールは、イオン交換性、疎水性、特異的親和性、分子の大きさの違いなどによって、液体状にした物質（試料）中に含まれている微量成分を分離させ、目的成分の精製を行うものです（中速液体クロマトグラフィー法）。 米国食品医薬品局のドラッグマスターファイル（ＤＭＦ）への登録や、医薬品などの製造原料の微生物汚染に関する品質保証（バイオバーデン）への対応などがなされているため、食品や医薬品の製造に広く使用されています。 トヨパールは、分析機器、診断機器などとともにバイオサイエンス事業の主力製品のひとつで、中速液体クロマトグラフィー法による分離精製剤としてのシェアは世界で第２位。 現在、バイオサイエンス事業部の売上高は年間１００億円程度ですが、日本国内や欧米のバイオサイエンス関連の...,29,fetched,2026-08-11T03:18:34Z
71,Tosoh,1999.10.20 ニュースリリース クロロプレンゴム値上げの件,https://www.tosoh.co.jp/news/release/1999/19991020_nw000061.html,Tosoh - News Releases / Press Releases,,2026-08-11T03:18:34Z,official_page,https://www.tosoh.co.jp/news/release/,official,10,https://www.tosoh.co.jp/news/release/,TOP ニュース ニュースリリース クロロプレンゴム値上げの件 NEWS RELEASE 1999年10月20日 東ソー株式会社 広報・IR室 印刷する 1999.10.20 ニュースリリース クロロプレンゴム値上げの件 東ソーは、クロロプレンゴム（商品名：スカイプレン、以下ＣＲ）の販売価格を１１月１日出荷分より、１キログラム当たり一律３２円の値上げを実施します。 ＣＲは、耐候性、耐油性、難燃性などに優れた特長を有する特殊合成ゴムで、自動車部品、各種工業用品、接着剤など幅広い分野で使用されています。 当社は、これまでＣＲのコスト削減のため全社をあげて合理化を行い安定供給に努めてきましたが、昨今のナフサ価格の急騰で採算の著しい悪化を招き、企業努力も限界に達しています。需要家に対して安定供給を続けるためにも、上記のとおり値上げを実施します。 当ウェブサイトでは、ウェブサイト体験の改善、サービスの利便性向上のため、cookieを使用しています。 クッキーの使用に同意いただける場合は「同意する」ボタンをクリックし、クッキーに関する情報や設定については「詳細を見る」ボタンをクリックしてください。 同意する 詳細を見る,20,fetched,2026-08-11T03:18:34Z
71,Tosoh,1999.09.08 ニュースリリース インドネシアの塩ビ樹脂会社を子会社化,https://www.tosoh.co.jp/news/release/1999/19990908_nw000059.html,Tosoh - News Releases / Press Releases,,2026-08-11T03:18:34Z,official_page,https://www.tosoh.co.jp/news/release/,official,10,https://www.tosoh.co.jp/news/release/,TOP ニュース ニュースリリース インドネシアの塩ビ樹脂会社を子会社化 NEWS RELEASE 1999年09月08日 東ソー株式会社 広報・IR室 印刷する 1999.09.08 ニュースリリース インドネシアの塩ビ樹脂会社を子会社化 東ソー株式会社 三井物産株式会社 スタトマーの株式を日系２社で全株取得 東ソーと三井物産は、インドネシアにおいて現地パートナーであるサリムグループとともに運営している塩ビ樹脂の製造販売会社であるスタンダード・トーヨー・ポリマー（スタトマー、出資比率；東ソー ３０％、三井物産 ２０％、サリムグループ ５０％）について、日系２社で同社の株式を全株取得する検討を出資会社間で進めてきましたが、この程、同国政府より日系２社で同社の株式を全株取得することが許可され、近日中に同社の資本構成は東ソー ６０％、三井物産 ４０％となります。 インドネシアでは１９９８年７月に外資法が改正され、外資１００％が認められるようになりましたが、同国に立地している化学企業でスタトマーが初の日系１００％企業となります。 スタトマーは１９７５年に設立し、１９７７年から年産２万４千トンの生産能力を有する塩ビ樹脂プラントを稼働、同樹脂の販売を開始しました。その後、インドネシアをはじめとする東南アジアや中国などにおける塩ビ樹脂の需要拡大にあわせ４回に渡る増設を行い、現在の生産能力は年産８万６千トンとなっています。 インドネシアにおける塩ビ樹脂の需要は、１９９７年には年間３０万トン程度あったものの、昨年は同国での経済混乱の影響で年間約１０万トンまで減少、しかし、本年は年間２０万トン近くまで回復する見込みです。今後も上下水道用パイプや電線被覆などの社会インフラをはじめ日用・雑貨品に至るまで、成長が期待されています。 東ソーの塩ビ樹脂事業は、南陽事業所のペースト塩ビ（年産能力２万８千...,41,fetched,2026-08-11T03:18:34Z
73,Sumitomo Chemical,Sustainability News Releases,https://www.sumitomo-chem.co.jp/english/sustainability/news/,Sumitomo Chemical - News Releases Filter / Press Releases,,2026-08-11T03:18:34Z,official_page,https://www.sumitomo-chem.co.jp/english/news/category/newsreleases/,official,10,https://www.sumitomo-chem.co.jp/english/news/category/newsreleases/,"Sustainability Sustainability News Releases Sustainability News Releases Sustainability Top Message Sumitomo Chemical's Corporate Philosophy, What Sumitomo Chemical Group Strives to Be Sumitomo Chemical's Corporate Philosophy The Sumitomo Spirit Business Philosophy Basic Principles for Promoting Sustainability Sumitomo Chemical Charter for Business Conduct What Sumitomo Chemical Group Strives to Be Material Issues to Be Addressed as Management Priorities, KPIs Material Issues to Be Addressed as Management Priorities Key Performance Indicators (KPIs) for Material Issues Sustainability Management​ Management System The Material Issues to Be Addressed as Management Priorities Contribution to Developing a Circular System for Plastics Contributing through Business Innovation Centered on the 3Rs...",329,fetched,2026-08-11T03:18:34Z
17,Onsemi,Financial Analyst Day 2023,https://www.onsemi.com/company/events/financial-analyst-day-2023,Onsemi - Investor News / Investor News,2026-08-11T00:00:00Z,2026-08-11T03:18:34Z,official_page,https://investor.onsemi.com/news,official,12,https://investor.onsemi.com/news,"Financial Analyst Day 2023 Show side navigation Jump to Media Images Speakers Press Announcements --> Welcome Welcome to onsemi’s Financial Analyst Day 2023. The event featured presentations from our leadership team on the company's strategy, technology and financial outlook. Through an interactive and immersive technology experience, attendees learned how onsemi is driving innovation and disruption in the industry. Analyst Day Presentation View PDF Online Download PDF Fact Sheet Event Speakers Hassane El-Khoury Read Bio Thad Trent Read Bio Simon Keeton Read Bio Sudhir Gopalswamy Read Bio Event Images Immerse yourself in the transformative knowledge shared at Analyst Day 2023. Download event images to capture the essence of breakthrough discoveries. Download Image Download Image Download I...",1303,fetched,2026-08-11T03:18:34Z
13,BorgWarner,Press Releases,https://www.borgwarner.com/newsroom/press-releases,BorgWarner - Newsroom / Newsroom / News,2026-08-10T00:00:00Z,2026-08-11T03:18:34Z,official_page,https://www.borgwarner.com/newsroom,official,12,https://www.borgwarner.com/newsroom,"Skip to main content Press Releases Category All Aftermarket Company Financial Releases Indianapolis 500 Products Region All Asia Europe North America South America Year All 2026 2025 2024 2023 2022 2021 2020 2019 2018 2017 2016 Reset filters Aug 10, 2026 BorgWarner Announces Cash Tender Offers for its Senior Notes Auburn Hills, Michigan, August 10, 2026 – BorgWarner Inc. (NYSE: BWA) (the “Company”) today announced that it has commenced tender offers to purchase for cash the debt securities issued by the Company referred to below (collectively, the ... Read full article Aug 05, 2026 BorgWarner Secures New Variable Cam Timing Program Awards in Europe and China Program life extension and significant volume increase for a leading European premium OEM’s V6 hybrid and gasoline engine familyConq...",1088,fetched,2026-08-11T03:18:34Z
60,Safran,08.07.2026 Safran Helicopter Engines ranked No. 1 in Vertical Magazine's 2026 engine manufacturer survey,https://www.safran-group.com/news/safran-helicopter-engines-ranked-no-1-vertical-magazine-s-2026-engine-manufacturer-survey-2026-08-07,Safran - News / Newsroom / News,2026-08-07T00:00:00Z,2026-08-11T03:18:34Z,official_page,https://www.safran-group.com/news,official,12,https://www.safran-group.com/news,"Skip to main content Subscribe to newsletter Safran Helicopter Engines ranked No. 1 in Vertical Magazine's 2026 engine manufacturer survey August 07, 2026 Safran Helicopter Engines has once again been ranked Top Engine Manufacturer in Vertical Magazine's annual Helicopter & Engine Manufacturers Survey, confirming the confidence placed in the company by helicopter professionals around the world. Subscribe to newsletter Based on feedback from helicopter operators, pilots, maintainers and other industry professionals, the 2026 survey recognizes Safran Helicopter Engines as the engine manufacturer achieving both the highest overall service satisfaction and the highest overall engine/product satisfaction scores. This year's results also demonstrate continuous progress, with Safran Helicopter En...",577,fetched,2026-08-11T03:18:34Z
59,Airbus,"NH90: Greater innovation Helicopters Building on its NATO roots, the NH90 Standard 2 brings advanced digitalisation and enhanced operational capabilities to special… 06 August 2026 3 min read",https://www.airbus.com/en/newsroom/stories/2026-08-nh90-greater-innovation,Airbus - Newsroom / Newsroom / News,2026-08-05T15:00:00Z,2026-08-11T03:18:34Z,official_page,https://www.airbus.com/en/newsroom,official,12,https://www.airbus.com/en/newsroom,"Skip to main content Skip to search Open menu Close menu Menu Open search form Close search form Search Close search form What are you looking for? Most popular topics A350-1000ULR A400M Farnborough Airshow Flexrotor Uncrewed Aerial Systems (UAS) Sustainable aviation fuel (SAF) With even greater digitalisation and enhanced operational capabilities, the NH90&nbsp;Standard&nbsp;2 remains a generation ahead of the competition. At the end of the 1980s, NATO identified the need for an all-weather, versatile and powerful helicopter. Four nations – France, Germany, the Netherlands and Italy – joined forces to develop an innovative aircraft. Today, the NH90 is a huge commercial, technical and operational success. Building on this success is the challenge facing Standard&nbsp;2, currently under dev...",792,fetched,2026-08-11T03:18:34Z
66,Nabtesco,"FY2026/12 Q2 Results Briefing Web-conference Material with script (PDF 1MB) Aug 06, 2026 Investor Relations Financial statements Second quarter",https://www.nabtesco.com/cms/wp-content/uploads/Results_Briefing_Material_for_FY2026_Q2e_script.pdf,Nabtesco - IR-filtered News / Investor News / Timely Disclosures,2026-08-05T15:00:00Z,2026-08-11T03:18:34Z,official_page,https://www.nabtesco.com/en/news/?category%5B%5D=cat_ir_all,official,12,https://www.nabtesco.com/en/news/?category%5B%5D=cat_ir_all,,,skipped_non_html,
9,Albemarle,"Press Releases August 05, 2026 Albemarle Reports Second Quarter 2026 Results CHARLOTTE, N.C., Aug. 5, 2026 /PRNewswire/ -- Albemarle Corporation (NYSE: ALB), a global leader in providing essential elements for mobility, energy, connectivity and health, today announced its results for the second quarter ended June 30, 2026. Second Quarter 2026 and Recent Highlights (Unless",https://www.albemarle.com/us/en/news/albemarle-reports-second-quarter-2026-results,Albemarle - Newsroom / Newsroom / News,2026-08-04T15:00:00Z,2026-08-11T03:18:34Z,official_page,https://www.albemarle.com/us/en/newsroom,official,12,https://www.albemarle.com/us/en/newsroom,"Skip to main content Share LinkedIn WhatsApp X Email Copy Link Albemarle Reports Second Quarter 2026 Results CHARLOTTE, N.C. , Aug. 5, 2026 /PRNewswire/ -- Albemarle Corporation (NYSE: ALB), a global leader in providing essential elements for mobility, energy, connectivity and health, today announced its results for the second quarter ended June 30, 2026. Second Quarter 2026 and Recent Highlights (Unless otherwise stated, all percentage changes represent year-over-year comparisons and do not exclude the prior-period results of Ketjen's refining catalyst solutions business in which the company sold a 51% stake on March 2, 2026) Net sales of $1.7 billion,&nbsp;up 31% due to higher pricing in Energy Storage (+73%) and higher pricing and volumes in Specialties (price +11%, volume +8%). Net inc...",6013,fetched,2026-08-11T03:18:34Z
31,Norsk Hydro,"Hydro brings high-recycled aluminium to General Motors EV with Hydro CIRCAL The 2026 Cadillac OPTIQ with Hydro CIRCAL recycled aluminium. (Photo: General Motors) General Motors’ Cadillac OPTIQ will feature a front bumper system made with Hydro CIRCAL, an advanced aluminium alloy composed of at least 75 percent ... August 5, 2026",https://www.hydro.com/en/global/media/news/2026/hydro-brings-high-recycled-aluminium-to-general-motors-ev-with-hydro-circal/,Norsk Hydro - News / Newsroom / News,2026-08-04T15:00:00Z,2026-08-11T03:18:34Z,official_page,https://www.hydro.com/en/global/media/news/,official,12,https://www.hydro.com/en/global/media/news/,"Hydro brings high-recycled aluminium to General Motors EV with Hydro CIRCAL General Motors’ Cadillac OPTIQ will feature a front bumper system made with Hydro CIRCAL, an advanced aluminium alloy composed of at least 75 percent post‑consumer scrap produced at Hydro’s newest U.S. recycling facility in Cassopolis, Michigan. The 2026 Cadillac OPTIQ with Hydro CIRCAL recycled aluminium. (Photo: General Motors) Hydro, automotive supplier Shape Corp. and General Motors are demonstrating how aluminium from end-of-life products can be recycled and returned to new automotive applications, supporting increased circularity in the mobility sector. The collaboration marks one of the first U.S. implementations of Hydro CIRCAL in a structural, safety‑critical automotive application. “By bringing recycled a...",490,fetched,2026-08-11T03:18:34Z
31,Norsk Hydro,Media,https://www.hydro.com/en/global/media/,Norsk Hydro - News Subscription / Investor News Subscription,2026-08-04T15:00:00Z,2026-08-11T03:18:34Z,official_page,https://www.hydro.com/en/global/investors/news-subscription/,official,12,https://www.hydro.com/en/global/investors/news-subscription/,"Media Working on a story about aluminium? Press releases, photos, stories, facts and figures – you will find everything you need here. Hydro at a glance Subscribe to news and press releases from Hydro News and press releases Topics on the agenda Media gallery A leading aluminium and renewable energy company Media contacts Insights, webinars & events Stories by Hydro White papers Brand Center Company history Recent news The 2026 Cadillac OPTIQ with Hydro CIRCAL recycled aluminium. (Photo: General Motors) August 5, 2026 Hydro brings high-recycled aluminium to General Motors EV with Hydro CIRCAL July 27, 2026 Hydro and Mercedes-Benz shift gears to scale recycled and low-carbon aluminium in Europe All news Media contact on duty +47 22 53 82 10",121,fetched,2026-08-11T03:18:34Z
31,Norsk Hydro,News and press releases,https://www.hydro.com/en/global/media/news/,Norsk Hydro - Media / Newsroom / Media,2026-08-04T15:00:00Z,2026-08-11T03:18:34Z,official_page,https://www.hydro.com/en/global/media/,official,12,https://www.hydro.com/en/global/media/,"News Hydro brings high-recycled aluminium to General Motors EV with Hydro CIRCAL The 2026 Cadillac OPTIQ with Hydro CIRCAL recycled aluminium. (Photo: General Motors) General Motors’ Cadillac OPTIQ will feature a front bumper system made with Hydro CIRCAL, an advanced aluminium alloy composed of at least 75 percent ... August 5, 2026 Hydro and Mercedes-Benz shift gears to scale recycled and low-carbon aluminium in Europe Hydro and Mercedes-Benz are expanding their partnership to increase the use of recycled and low-carbon aluminium across Europe. This is supporting eff ... July 27, 2026 Hydro's second quarter 2026: Operational strength delivering solid results Hydro’s adjusted EBITDA for the second quarter of 2026 was NOK 8,923 million, up from NOK 7,790 million in the same quarter last ye...",436,fetched,2026-08-11T03:18:34Z
66,Nabtesco,"FY2026/12 Q2 Result Briefing Q&A (PDF 302KB) Aug 05, 2026 Investor Relations Timely disclosure Investor Relations Financial statements Second quarter",https://www.nabtesco.com/cms/wp-content/uploads/Results_Briefing_QA_for_FY2026_Q2_e.pdf,Nabtesco - IR-filtered News / Investor News / Timely Disclosures,2026-08-04T15:00:00Z,2026-08-11T03:18:34Z,official_page,https://www.nabtesco.com/en/news/?category%5B%5D=cat_ir_all,official,12,https://www.nabtesco.com/en/news/?category%5B%5D=cat_ir_all,,,skipped_non_html,
30,NXP,Press Releases,https://media.nxp.com/media-center/press-releases/?page=0,NXP - Media Center Press Releases / Newsroom / Media,2026-08-03T15:00:00Z,2026-08-11T03:18:34Z,official_page,https://media.nxp.com/media-center/press-releases/,official,12,https://media.nxp.com/media-center/press-releases/,"Skip to main navigation Press Releases Press Releases Date Release Download Aug 04, 2026 NXP Trimension Ultra-Wideband Powers BMW Group’s Digital Key Plus and Presence Detection PDF Version Jul 28, 2026 NXP Semiconductors Reports Second Quarter 2026 Results PDF Version Jul 07, 2026 NXP Semiconductors Announces Conference Call to Review Second Quarter 2026 Financial Results PDF Version Jun 24, 2026 NXP Semiconductors’ Jeff Palmer to Retire, Mike Lucarelli Named Senior Vice President of Investor Relations PDF Version Jun 11, 2026 NXP Semiconductors Announces Quarterly Dividend PDF Version Apr 28, 2026 NXP Semiconductors Reports First Quarter 2026 Results PDF Version Apr 27, 2026 NXP Announces Availability of Proxy Materials for the Annual General Meeting of Shareholders to Be Held on June 10...",170,fetched,2026-08-11T03:18:34Z
65,Toppan Holdings,TOPPAN Speciality Films Wins Awards in Three Categories at the 10th CII National Energy Efficiency Circle Competition,https://www.holdings.toppan.com/en/news/2026/08/newsrelease260804_1.html,Toppan Holdings - Newsroom / Newsroom / News,2026-08-03T15:00:00Z,2026-08-11T03:18:34Z,official_page,https://www.holdings.toppan.com/en/news/,official,12,https://www.holdings.toppan.com/en/news/,"Home Newsroom TOPPAN Speciality Films Wins Awards in Three Categories at the 10th CII National Energy Efficiency Circle Competition Award plaques presented in three categories at the 10th CII National Energy Efficiency Circle Competition 2026 Tokyo &ndash; Aug 4, 2026 &ndash; TOPPAN Inc. (TOPPAN), a TOPPAN Group company and wholly owned subsidiary of TOPPAN Holdings Inc. (TYO: 7911), today announced that its India-based film manufacturing subsidiary, TOPPAN Speciality Films Private Limited (TSF), was recognized in three categories at the 10th CII National Energy Efficiency Circle Competition 2026, held by the Confederation of Indian Industry (CII 1 ) on July 2 and 3. The National Energy Efficiency Circle Competition is an established platform in India that commends companies and organizati...",675,fetched,2026-08-11T03:18:34Z
65,Toppan Holdings,Newsroom Search Results｜TOPPAN Holdings Inc.,https://www.holdings.toppan.com/en/news/search.html,Toppan Holdings - Newsroom / Newsroom / News,2026-08-03T15:00:00Z,2026-08-11T03:18:34Z,official_page,https://www.holdings.toppan.com/en/news/,official,12,https://www.holdings.toppan.com/en/news/,"HOME NEWSROOM Newsroom Search Results More than 300 Results Display change Packaging Aug 04, 2026 INFORMATION TOPPAN Speciality Films Wins Awards in Three Categories at the 10th CII National Energy Efficiency Circle Competition Gaining recognition for effective environmental impact reduction through energy management and shop-floor Kaizen initiatives Tag Sustainable Packaging Sustainability Global Awards Company TOPPAN Inc. Others Secure Media Aug 03, 2026 NEWS RELEASE TOPPAN Develops PQC CARD Dual, the World’s First Dual-Interface Smart Card Featuring Post-Quantum Cryptography Leveraging memory-saving technology to enable both contact and contactless transactions on a PQC-equipped smart card while contributing to a safe and secure next-generation authentication infrastructure in domains s...",963,fetched,2026-08-11T03:18:34Z
66,Nabtesco,"FY2026/12 Q2 Results Briefing Web-conference Material (PDF 5MB) Aug 04, 2026 Investor Relations Financial statements Second quarter",https://www.nabtesco.com/cms/wp-content/uploads/Results_Briefing_Material_for_FY2026_Q2e.pdf,Nabtesco - IR-filtered News / Investor News / Timely Disclosures,2026-08-03T15:00:00Z,2026-08-11T03:18:34Z,official_page,https://www.nabtesco.com/en/news/?category%5B%5D=cat_ir_all,official,12,https://www.nabtesco.com/en/news/?category%5B%5D=cat_ir_all,,,skipped_non_html,
70,Tokyo Electron,2026.08.03 Notice regarding the Status of Share Repurchase and its Completion Topics Products / Services IR Sustainability Event Disaster Notice,https://www.tel.com/news/ir/2026/ahl7jh00000000fd-att/20260803_001_e.pdf,Tokyo Electron - News / Newsroom / News,2026-08-03T00:00:00Z,2026-08-11T03:18:34Z,official_page,https://www.tel.com/news/,official,12,https://www.tel.com/news/,,,skipped_non_html,
70,Tokyo Electron,News Room,https://www.tel.com/news/index.html,Tokyo Electron - News / Newsroom / News,2026-08-03T00:00:00Z,2026-08-11T03:18:34Z,official_page,https://www.tel.com/news/,official,12,https://www.tel.com/news/,TOKYO ELECTRON LIMITED Home News Room News Room Search by keyword Refine Search * Only IR and disaster news are available for 2010～2016. All Topics Products / Services IR Sustainability Event Disaster Notice 2026.08.03 Notice regarding the Status of Share Repurchase and its Completion Topics Products / Services IR Sustainability Event Disaster Notice 2026.07.31 Tokyo Electron Donates to Support 2026 Kumamoto Earthquake Relief Efforts Topics Products / Services IR Sustainability Event Disaster Notice 2026.07.30 Notice Regarding Continuation of Stock Delivering Scheme for TEL Group Officers and Employees in Japan and Abroad Topics Products / Services IR Sustainability Event Disaster Notice 2026.07.30 FY2027 Q1 Financial Announcement Financial Forecast for the First Half of FY2027 and Interim...,524,fetched,2026-08-11T03:18:34Z
70,Tokyo Electron,ニュースルーム,https://www.tel.co.jp/news/index.html,Tokyo Electron - News / Newsroom / News,2026-08-03T00:00:00Z,2026-08-11T03:18:34Z,official_page,https://www.tel.com/news/,official,12,https://www.tel.com/news/,TOKYO ELECTRON LIMITED ホーム ニュースルーム News Room ニュースルーム キーワードから探す 絞り込み検索 * 2010年～2016年はIRニュース、災害情報のみ掲載しています。 すべて トピックス 製品・サービス IR サステナビリティ イベント 災害情報 お知らせ 2026.08.03 自己株式の取得状況および取得終了に関するお知らせ トピックス 製品・サービス IR サステナビリティ イベント 災害情報 お知らせ 2026.07.31 令和８年熊本地震の被害に対する義援金拠出について トピックス 製品・サービス IR サステナビリティ イベント 災害情報 お知らせ 2026.07.30 国内外の当社グループ役職員に対する株式交付制度の継続に関するお知らせ トピックス 製品・サービス IR サステナビリティ イベント 災害情報 お知らせ 2026.07.30 2027年3月期 第1四半期決算発表 2027年3月期の第2四半期(中間期)連結業績及び中間配当の予想を修正しております。詳細は決算短信をご参照ください。 トピックス 製品・サービス IR サステナビリティ イベント 災害情報 お知らせ 2026.07.29 令和８年熊本地震について（第２報） トピックス 製品・サービス IR サステナビリティ イベント 災害情報 お知らせ 2026.07.28 熊本県熊本地方を震源として発生した地震について トピックス 製品・サービス IR サステナビリティ イベント 災害情報 お知らせ 2026.07.21 「FTSE4Good Index Series」「FTSE JPX Blossom Japan Index」および「FTSE JPX Blossom Japan Sector Relative Index」の構成銘柄に選定 トピックス 製品・...,245,fetched,2026-08-11T03:18:34Z
17,Onsemi,onsemi Reports Second Quarter 2026 Results,https://investor.onsemi.com/news-releases/news-release-details/onsemi-reports-second-quarter-2026-results,Onsemi - Investor News / Investor News,2026-08-02T15:00:00Z,2026-08-11T03:18:34Z,official_page,https://investor.onsemi.com/news,official,12,https://investor.onsemi.com/news,"Skip to main navigation News Release onsemi Reports Second Quarter 2026 Results August 3, 2026 at 4:05 PM EDT PDF Version Earnings per share increases four times faster than revenue year-over-year SCOTTSDALE, Ariz., Aug. 03, 2026 (GLOBE NEWSWIRE) -- onsemi (the “Company”) (Nasdaq: ON) today announced its second quarter 2026 results with the following highlights: Revenue of $1,604 million, increasing 9% year-over-year GAAP gross margin of 38.4% and non-GAAP gross margin of 39.3% GAAP operating margin of 16.1% and non-GAAP operating margin 20.8% GAAP diluted earnings per share of $0.56 and non-GAAP diluted earnings per share $0.74 Cash from operations increased by 150% and free cash flow of $425.4 million quadrupled year-over-year Share repurchases of $332 million, bringing year-to-date shar...",5419,fetched,2026-08-11T03:18:34Z
65,Toppan Holdings,"TOPPAN Develops PQC CARD Dual, the World’s First Dual-Interface Smart Card Featuring Post-Quantum Cryptography",https://www.holdings.toppan.com/en/news/2026/08/newsrelease260803_1.html,Toppan Holdings - Newsroom / Newsroom / News,2026-08-02T15:00:00Z,2026-08-11T03:18:34Z,official_page,https://www.holdings.toppan.com/en/news/,official,12,https://www.holdings.toppan.com/en/news/,"Home Newsroom TOPPAN Develops PQC CARD Dual, the World’s First Dual-Interface Smart Card Featuring Post-Quantum Cryptography PQC CARD Dual facilitates both contact and contactless uses ©TOPPAN Inc． Tokyo &ndash; August 3, 2026 &ndash; TOPPAN Inc. (TOPPAN), a TOPPAN Group company and wholly owned subsidiary of TOPPAN Holdings Inc. (TYO: 7911), has developed a dual-interface smart card, PQC CARD Dual, that can be used for both contact and contactless transactions. Featuring post quantum cryptography (PQC), difficult even for quantum computers to crack, this card is the first of its kind in the world.1 With an eye to adoption for government ID cards and medical authentication cards which require a high level of security, TOPPAN aims to offer this solution in the areas of public services and m...",1119,fetched,2026-08-11T03:18:34Z
70,Tokyo Electron,Sustainability,https://www.tel.com/news/sustainability/index.html,Tokyo Electron - News / Newsroom / News,2026-07-31T00:00:00Z,2026-08-11T03:18:34Z,official_page,https://www.tel.com/news/,official,12,https://www.tel.com/news/,"TOKYO ELECTRON LIMITED Home News Room Sustainability Sustainability Search by keyword Refine Search * Only IR and disaster news are available for 2010～2016. All Topics Products / Services IR Sustainability Event Disaster Notice 2026.07.31 Tokyo Electron Donates to Support 2026 Kumamoto Earthquake Relief Efforts Topics Products / Services IR Sustainability Event Disaster Notice 2026.07.21 Tokyo Electron is chosen for “FTSE4Good Index Series”, “FTSE JPX Blossom Japan Index” and “FTSE JPX Blossom Japan Sector Relative Index” Topics Products / Services IR Sustainability Event Disaster Notice 2026.07.09 Tokyo Electron Hosts TEL E-COMPASS Logistics & Facility Day Topics Products / Services IR Sustainability Event Disaster Notice 2026.05.15 Tokyo Electron Kyushu achieves Platinum Status in RBA VA...",496,fetched,2026-08-11T03:18:34Z
43,EMM(Umicore),Newsroom,https://www.umicore.com/en/media/newsroom/,EMM(Umicore) - Umicore Newsroom / Newsroom / News,2026-07-30T15:00:00Z,2026-08-11T03:18:34Z,official_page,https://www.umicore.com/en/media/newsroom/,official,12,https://www.umicore.com/en/media/newsroom/,"Press release Half Year Results 2026 July 31, 2026 Press release Advanced notice of Umicore’s 2026 Half Year Results July 14, 2026 News Copper: the first metal ever discovered June 26, 2026 News Purpose with Impact – Veerle talks about leadership, safety and the hidden gem of Umicore June 18, 2026 News Ocean protection also happens where we don’t look June 8, 2026 Press release Umicore Belgium Average blood lead levels continue to decline in the vicinity of Umicore in Hoboken June 3, 2026 News Our role in semiconductors May 19, 2026 News Nickel is everywhere and here’s why May 15, 2026 News Supporting resilience and recovery for women in eastern Congo May 6, 2026 Press release All agenda items approved at the shareholders' meetings May 4, 2026 Press release Strong start of the year sets Um...",263,fetched,2026-08-11T03:18:34Z
44,Umicore,Newsroom,https://www.umicore.com/en/media/newsroom/,Umicore - Newsroom / Newsroom / News,2026-07-30T15:00:00Z,2026-08-11T03:18:34Z,official_page,https://www.umicore.com/en/media/newsroom/,official,12,https://www.umicore.com/en/media/newsroom/,"Press release Half Year Results 2026 July 31, 2026 Press release Advanced notice of Umicore’s 2026 Half Year Results July 14, 2026 News Copper: the first metal ever discovered June 26, 2026 News Purpose with Impact – Veerle talks about leadership, safety and the hidden gem of Umicore June 18, 2026 News Ocean protection also happens where we don’t look June 8, 2026 Press release Umicore Belgium Average blood lead levels continue to decline in the vicinity of Umicore in Hoboken June 3, 2026 News Our role in semiconductors May 19, 2026 News Nickel is everywhere and here’s why May 15, 2026 News Supporting resilience and recovery for women in eastern Congo May 6, 2026 Press release All agenda items approved at the shareholders' meetings May 4, 2026 Press release Strong start of the year sets Um...",263,fetched,2026-08-11T03:18:34Z
66,Nabtesco,"Referential data for FY2026/H1 consolidated result and revision of FY2026 full-year forecast by sub segments (PDF 340KB) Jul 31, 2026 Investor Relations Financial statements Second quarter",https://www.nabtesco.com/cms/wp-content/uploads/Referencial_data_for_sales_as_of_20260731_e.pdf,Nabtesco - IR-filtered News / Investor News / Timely Disclosures,2026-07-30T15:00:00Z,2026-08-11T03:18:34Z,official_page,https://www.nabtesco.com/en/news/?category%5B%5D=cat_ir_all,official,12,https://www.nabtesco.com/en/news/?category%5B%5D=cat_ir_all,,,skipped_non_html,
66,Nabtesco,"Announcement on Setting the Maximum Allowance for Acquisition of Own Shares and Cancellation of Treasury Shares (PDF 113KB) Jul 31, 2026 Investor Relations Timely disclosure",https://www.nabtesco.com/cms/wp-content/uploads/News20260731_e.pdf,Nabtesco - IR-filtered News / Investor News / Timely Disclosures,2026-07-30T15:00:00Z,2026-08-11T03:18:34Z,official_page,https://www.nabtesco.com/en/news/?category%5B%5D=cat_ir_all,official,12,https://www.nabtesco.com/en/news/?category%5B%5D=cat_ir_all,,,skipped_non_html,
66,Nabtesco,"Notice of the Differences between FY2026 First Six-month of Financial Forecasts and its Financial Results and the Revision to FY2026 Financial Forecast (PDF 294KB) Jul 31, 2026 Investor Relations Timely disclosure Investor Relations Financial statements Second quarter",https://www.nabtesco.com/cms/wp-content/uploads/Notice_of_Revision_of_Forecast_as_of_20260731_e.pdf,Nabtesco - IR-filtered News / Investor News / Timely Disclosures,2026-07-30T15:00:00Z,2026-08-11T03:18:34Z,official_page,https://www.nabtesco.com/en/news/?category%5B%5D=cat_ir_all,official,12,https://www.nabtesco.com/en/news/?category%5B%5D=cat_ir_all,,,skipped_non_html,
72,Mitsubishi Chemical,"Jul. 31, 2026 Conference Video of Financial Results for the First Quarter of the Fiscal Year Ending March 31, 2027",https://www.irwebcasting.com/20260731/9/index.html,Mitsubishi Chemical - IR News / Investor News,2026-07-30T15:00:00Z,2026-08-11T03:18:34Z,official_page,https://www.mcgc.com/english/ir/topics/index.html,official,12,https://www.mcgc.com/english/ir/topics/index.html,"Vice President, Chief Financial Officer Minoru Kida PLAY LIST from the beginning Operational Summary for the First Quarter of the Fiscal Year Ending March 31, 2027 Table of Contents Summary Consolidated Statements of Operations Sales Revenue and Core Operating Income by Business Segment Analysis of Core Operating Income Analysis of Core Operating Income Specialty Materials Segment Analysis of Core Operating Income MMA & Derivatives Segment Analysis of Core Operating Income Basic Materials Segment Analysis of Core Operating Income Industrial Gases Segment Consolidated Special Items Consolidated Cash Flows Consolidated Statements of Financial Positions Sales Revenue and Core Operating Income by Business Segment [Quarterly Data] Revision of Consolidated Financial Forecast for FY2026 1H Consol...",140,fetched,2026-08-11T03:18:34Z
62,Arkema,Second-quarter 2026 results,https://www.arkema.com/global/en/media/newslist/news/global/investorrelations/2026/20260730--second-quarter-2026-results/,Arkema - Newsroom / Newsroom / News,2026-07-30T00:00:00Z,2026-08-11T03:18:34Z,official_page,https://www.arkema.com/global/en/media/newsroom/,official,12,https://www.arkema.com/global/en/media/newsroom/,"Go to content Go to navigation Go to search Finance Jul 30, 2026 - PRESS RELEASE Second-quarter 2026 results Download the PDF In a quarter marked by the conflict in the Middle East, Arkema delivered a robust performance with EBITDA up 7.4% YoY and an EBITDA margin rising to 16.1%. In an overall still weak global demand, with no material change to previous quarters, organic growth of Arkema sales of 3.2% , supported by the pricing dynamics and the progression of Asia A few pockets of growth continuing to contribute meaningfully, in particular batteries, electronics and 3D printing Sharp increase of raw material costs following the start of the conflict in the Middle East leading to swift pricing adjustments to offset input cost inflation Solid EBITDA, up 7.4% YoY, at &euro;391 million (&eur...",861,fetched,2026-08-11T03:18:34Z
70,Tokyo Electron,Disaster,https://www.tel.com/news/disaster/index.html,Tokyo Electron - News / Newsroom / News,2026-07-29T00:00:00Z,2026-08-11T03:18:34Z,official_page,https://www.tel.com/news/,official,12,https://www.tel.com/news/,"TOKYO ELECTRON LIMITED Home News Room Disaster Disaster Search by keyword Refine Search * Only IR and disaster news are available for 2010～2016. All Topics Products / Services IR Sustainability Event Disaster Notice 2026.07.29 Report on the 2026 Kumamoto Earthquake (2nd report) Topics Products / Services IR Sustainability Event Disaster Notice 2026.07.28 Response to the earthquake occurred on July 28th in Kumamoto, Japan Topics Products / Services IR Sustainability Event Disaster Notice 2026.06.29 Response to the earthquake that occurred on June 26 in Yamanashi and June 28 in Tohoku, Japan Topics Products / Services IR Sustainability Event Disaster Notice 2026.06.25 Response to the earthquake that occurred on June 25 in Tohoku, Japan Topics Products / Services IR Sustainability Event Disas...",522,fetched,2026-08-11T03:18:34Z
39,BASF,Half-Year Financial Report 2026,https://www.basf.com/global/en/media/events/2026/half-year-financial-report,BASF - Media / Newsroom / Media,2026-07-28T15:00:00Z,2026-08-11T03:18:34Z,official_page,https://www.basf.com/global/en/media,official,12,https://www.basf.com/global/en/media,"Home Media Events Half-Year Financial Report 2026 Media Half-Year Financial Report 2026 Ludwigshafen, Germany Jens Fey Director, Corporate Media Relations +49 621 60-99123 Send email Press conference with: Dr. Markus Kamieth Chairman of the Board of Executive Directors Dr. Dirk Elvermann Chief Financial Officer Thomas Biegi Corporate Communications and Government Relations Additional information on the 1st Half 2026 results Half-Year Financial Report News release News release „Important Figures“ Press photos Presentation Speech Digital media kit Press relevant documents in one file Download TOP",83,fetched,2026-08-11T03:18:34Z
45,Solvay,Solvay second quarter 2026 results,https://www.solvay.com/en/press-release/solvay-second-quarter-2026-results,Solvay - Newsroom / Newsroom / News,2026-07-28T15:00:00Z,2026-08-11T03:18:34Z,official_page,https://www.solvay.com/en/newsroom,official,12,https://www.solvay.com/en/newsroom,"Skip to main content Solvay second quarter 2026 results Jul 29, 2026 Share to Opens in a new window Opens in a new window Full year guidance confirmed Highlights Underlying net sales in Q2 2026 reached €1,031 million, down -7.4% organically versus Q2 2025, reflecting continued weakness in soda ash pricing (particularly in seaborne) and the negative impact of the Middle East conflict on Solvay’s operations.&nbsp; &nbsp; Underlying EBITDA amounted to €187 million with a margin of 18.1%, down -19.5% organically versus Q2 2025. The year-on-year decline is driven equally by the conflict in the Middle East impacting Q2 2026, and by the c. €20 million one-off gain in Q2 2025. &nbsp; Structural cost savings initiatives delivered another €26 million in Q2 2026, mostly from operational excellence sa...",2565,fetched,2026-08-11T03:18:34Z
65,Toppan Holdings,TOPPAN Obtains PIMS Certification for MyAnchor Personal Information Platform,https://www.holdings.toppan.com/en/news/2026/07/newsrelease260728_1.html,Toppan Holdings - Newsroom / Newsroom / News,2026-07-27T15:00:00Z,2026-08-11T03:18:34Z,official_page,https://www.holdings.toppan.com/en/news/,official,12,https://www.holdings.toppan.com/en/news/,"Home Newsroom TOPPAN Obtains PIMS Certification for MyAnchor Personal Information Platform Tokyo &ndash; July 28, 2026 &ndash; TOPPAN Inc. (TOPPAN), a TOPPAN Group company and wholly owned subsidiary of TOPPAN Holdings Inc., was issued certification on June 23 for ISO/IEC 27701:2019, the international Privacy Information Management System (PIMS) standard. This certification was secured for the privacy information processing framework utilized in the design, development, management, and operation of MyAnchor, 1 &nbsp;TOPPAN&rsquo;s personal information management and distribution platform. ISO/IEC 27701:2019 is an international standard that extends from ISO/IEC 27001, the standard for Information Security Management Systems (ISMS), by specifying requirements to establish, implement, mainta...",756,fetched,2026-08-11T03:18:34Z
60,Safran,07.29.2026 U.S. military school students explore innovation and industry excellence during their Safran Helicopter Engines site visit,https://www.safran-group.com/news/us-military-school-students-explore-innovation-and-industry-excellence-during-their-safran-2026-07-29,Safran - News / Newsroom / News,2026-07-24T00:00:00Z,2026-08-11T03:18:34Z,official_page,https://www.safran-group.com/news,official,12,https://www.safran-group.com/news,"Skip to main content Subscribe to newsletter U.S. military school students explore innovation and industry excellence during their Safran Helicopter Engines site visit July 29, 2026 Students and faculty members from the Eisenhower School for National Security and Resource Strategy* have completed the institution’s latest visit to the Safran Helicopter Engines headquarters in Bordes, France. Subscribe to newsletter Hosted by&nbsp;Frédéric Dalakupeian, the Head of Public Affairs, this tour provided students with a first-hand view of the site’s operations, showcasing expertise in engine assembly, subassembly manufacturing and the design and development of new engines. Visitors also learned about how Safran Helicopter Engines is shaping the future of electrified rotorcraft with the development...",401,fetched,2026-08-11T03:18:34Z
9,Albemarle,"Press Releases July 23, 2026 Albemarle Appoints Eduardo Bartolomeo to Board of Directors CHARLOTTE, N.C., July 23, 2026 /PRNewswire/ -- Albemarle Corporation (NYSE: ALB), a global leader in providing essential elements for mobility, energy, connectivity and health, today announced that its Board of Directors (the ""Board"") has appointed Eduardo Bartolomeo to the Board, effective July 21",https://www.albemarle.com/us/en/news/albemarle-appoints-eduardo-bartolomeo-board-directors,Albemarle - Newsroom / Newsroom / News,2026-07-22T15:00:00Z,2026-08-11T03:18:34Z,official_page,https://www.albemarle.com/us/en/newsroom,official,12,https://www.albemarle.com/us/en/newsroom,"Skip to main content Share LinkedIn WhatsApp X Email Copy Link Albemarle Appoints Eduardo Bartolomeo to Board of Directors CHARLOTTE, N.C. , July 23, 2026 /PRNewswire/ -- Albemarle Corporation &nbsp;(NYSE: ALB), a global leader in providing essential elements for mobility, energy, connectivity and health, today announced that its Board of Directors (the ""Board"") has appointed Eduardo Bartolomeo to the Board, effective July 21, 2026. Bartolomeo brings more than 30 years of leadership experience in complex global industrial environments, particularly in mining and logistics. Bartolomeo most recently served as Chief Executive Officer of Vale S.A., one of the world's largest mining companies, from 2019 to 2024. During his tenure, he led the company's operational, safety, and cultural transform...",778,fetched,2026-08-11T03:18:34Z
65,Toppan Holdings,TOPPAN Group to Host HYPER JAPAN FESTIVAL 2026,https://www.holdings.toppan.com/en/news/2026/07/newsrelease260723_1.html,Toppan Holdings - Newsroom / Newsroom / News,2026-07-22T15:00:00Z,2026-08-11T03:18:34Z,official_page,https://www.holdings.toppan.com/en/news/,official,12,https://www.holdings.toppan.com/en/news/,"Home Newsroom TOPPAN Group to Host HYPER JAPAN FESTIVAL 2026 Tokyo &ndash; July 23, 2026 &ndash;TOPPAN Inc. (TOPPAN), a TOPPAN Group company and wholly owned subsidiary of TOPPAN Holdings Inc., and London-based Cross Media Ltd. (Cross Media) will host HYPER JAPAN FESTIVAL 2026 at the Olympia London from Friday, July 24 to Sunday, July 26. This comprehensive event is dedicated to introducing and celebrating the diverse facets of Japanese culture. First launched in 2010, this year&rsquo;s festival marks its 22nd edition. As the UK's largest B-to-C event dedicated to Japanese culture, it comprehensively presents the appeal of J-culture, including anime, manga, gaming, music, food, and traditional customs. This year&rsquo;s event will be the largest to date, bringing together over 600 exhibito...",736,fetched,2026-08-11T03:18:34Z
31,Norsk Hydro,"July 22, 2026 Hydro's second quarter 2026: Operational strength delivering solid results",https://www.hydro.com/en/global/media/news/2026/hydros-second-quarter-2026-operational-strength-delivering-solid-results/,Norsk Hydro - News Subscription / Investor News Subscription,2026-07-21T15:00:00Z,2026-08-11T03:18:34Z,official_page,https://www.hydro.com/en/global/investors/news-subscription/,official,12,https://www.hydro.com/en/global/investors/news-subscription/,"Hydro's second quarter 2026: Operational strength delivering solid results Hydro’s adjusted EBITDA for the second quarter of 2026 was NOK 8,923 million, up from NOK 7,790 million in the same quarter last year. Higher aluminium prices and product premiums contributed positively, together with improved earnings in the recycling business. Lower energy production due to hydrology and adverse effects from a stronger NOK contributed negatively. Hydro delivered strong profitability in the quarter, with adjusted earnings per share increasing from NOK 1.7 in the second quarter 2025 to NOK 2.2 in the second quarter 2026. Free cash flow was NOK 4 billion, with strong adjusted EBITDA partially offset by investments and tax payments. The twelve month adjusted RoaCE ended at 10.9 percent. Slovalco 75,00...",2034,fetched,2026-08-11T03:18:34Z
72,Mitsubishi Chemical,"Jul. 22, 2026 The 21st Ordinary General Meeting of Shareholders: Summary of Questions and Answers on the Day and Answers to Pre-submitted Questions",https://www.mcgc.com/english/ir/stock_info/stock_meeting.html,Mitsubishi Chemical - IR News / Investor News,2026-07-21T15:00:00Z,2026-08-11T03:18:34Z,official_page,https://www.mcgc.com/english/ir/topics/index.html,official,12,https://www.mcgc.com/english/ir/topics/index.html,HOME Investor Relations Stock Information Shareholders Meeting Shareholders Meeting The 21th The 20th The 19th The 18th The 17th The 16th The 15th The 14th The 13th The 12th The 11th The 10th The 9th The 8th The 7th The 6th The 5th The 4th The 3rd The 2nd The 1st The 21th Notice of the 21st Ordinary General Meeting of Shareholders (PDF: 1.43mb) The 21st Ordinary General Meeting of Shareholders: Summary of Questions and Answers at the Meeting and Answers to Pre-Submitted Questions (PDF: 188kb) Notice of the Resolutions Adopted at the 21st Ordinary General Meeting of Shareholders (PDF: 97kb) Voting Results of the 21st Ordinary General Meeting of Shareholders（Corrected Jul. 1） (PDF: 146kb) Correction to Voting Results of the 21st Ordinary General Meeting of Shareholders (PDF: 222kb) The 21st...,1035,fetched,2026-08-11T03:18:34Z
9,Albemarle,"Press Releases July 21, 2026 Albemarle Announces Quarterly Common Stock Dividend CHARLOTTE, N.C., July 21, 2026 /PRNewswire/ -- The Board of Directors of Albemarle Corporation (NYSE: ALB) today announced that it declared a quarterly common stock dividend of $0.41 per share. The dividend, which has an annualized rate of $1.64, is payable Oct. 1, 2026, to shareholders of record at",https://www.albemarle.com/us/en/news/albemarle-announces-quarterly-common-stock-dividend-7,Albemarle - Newsroom / Newsroom / News,2026-07-20T15:00:00Z,2026-08-11T03:18:34Z,official_page,https://www.albemarle.com/us/en/newsroom,official,12,https://www.albemarle.com/us/en/newsroom,"Skip to main content Share LinkedIn WhatsApp X Email Copy Link Albemarle Announces Quarterly Common Stock Dividend CHARLOTTE, N.C. , July 21, 2026 /PRNewswire/ -- The Board of Directors of Albemarle Corporation &nbsp;(NYSE: ALB) today announced that it declared a quarterly common stock dividend of $0.41 per share. The dividend, which has an annualized rate of $1.64, is payable Oct. 1, 2026, to shareholders of record at the close of business as of Sept. 11, 2026. About Albemarle Albemarle Corporation (NYSE: ALB) is a world leader in transforming essential resources into critical ingredients for mobility, energy, connectivity and health. We partner to pioneer new ways to move, power, connect and protect with people and planet in mind. A reliable and high-quality global supply of lithium and...",424,fetched,2026-08-11T03:18:34Z
55,EVG,21.07.2026 EV Group Continues to Top Customer Rankings in TechInsights 2026 Customer Satisfaction Survey with Fourteenth Consecutive Triple Crown Win of Global Semiconductor Supplier Awards Read more,https://www.evgroup.com/company/news/detail/ev-group-continues-to-top-customer-rankings-in-techinsights-2026-customer-satisfaction-survey-with-fourteenth-consecutive-triple-crown-win-of-global-semiconductor-supplier-awards,EVG - Press Center / News / Newsroom / News,2026-07-20T15:00:00Z,2026-08-11T03:18:34Z,official_page,https://www.evgroup.com/company/news,official,12,https://www.evgroup.com/company/news,"EN English (EN) Choose your language EN English (EN) Deutsch (DE) 日本語 (JA) 中文 (ZH) Services Contact EV Group Company News EV Group Continues to Top Customer Rankings in TechInsights 2026 Customer Satisfaction Survey with Fourteenth Consecutive Triple Crown Win of Global Semiconductor Supplier Awards EVG once again achieves Five Star rating across all participating award categories, including first-place finishes in “Global Semiconductor Supplier” segments, lithography equipment, and specialty fab equipment ST. FLORIAN, Austria, July 21, 2026 —EV Group (EVG), a leading provider of innovative process solutions and expertise serving leading-edge and future semiconductor designs and chip integration schemes,&nbsp;today announced that&nbsp;it has once again topped the rankings in the 2026 TechI...",1072,fetched,2026-08-11T03:18:34Z
59,Airbus,Airbus signs agreement with Voyageur for first Airbus U030 Flexrotor order in Canada Press Release Helicopters 21 July 2026 3 min read,https://www.airbus.com/en/newsroom/press-releases/2026-07-airbus-signs-agreement-with-voyageur-for-first-airbus-u030-flexrotor-order-in-canada,Airbus - Newsroom / Newsroom / News,2026-07-20T15:00:00Z,2026-08-11T03:18:34Z,official_page,https://www.airbus.com/en/newsroom,official,12,https://www.airbus.com/en/newsroom,"Skip to main content Skip to search Open menu Close menu Menu Open search form Close search form Search Close search form What are you looking for? Most popular topics A350-1000ULR A400M Farnborough Airshow Flexrotor Uncrewed Aerial Systems (UAS) Sustainable aviation fuel (SAF) Farnborough, United Kingdom, 21 July 2026 – Airbus Helicopters and Voyageur Aviation have signed an agreement for the first purchase order of the Airbus U030 Flexrotor uncrewed aerial system (UAS) in Canada. Signed at the Farnborough International Airshow, the contract marks Voyageur as the official Canadian launch customer for the platform, introducing a highly advanced, mission-proven capability to the Canadian market.&nbsp; The agreement closely follows a recently signed memorandum of understanding (MOU) between...",787,fetched,2026-08-11T03:18:34Z
59,Airbus,Shohin Airlines discloses order for four Airbus A320neo Family Press Release Commercial Aircraft 21 July 2026 2 min read,https://www.airbus.com/en/newsroom/press-releases/2026-07-shohin-airlines-discloses-order-for-four-airbus-a320neo-family,Airbus - Newsroom / Newsroom / News,2026-07-20T15:00:00Z,2026-08-11T03:18:34Z,official_page,https://www.airbus.com/en/newsroom,official,12,https://www.airbus.com/en/newsroom,"Skip to main content Skip to search Open menu Close menu Menu Open search form Close search form Search Close search form What are you looking for? Most popular topics A350-1000ULR A400M Farnborough Airshow Flexrotor Uncrewed Aerial Systems (UAS) Sustainable aviation fuel (SAF) Farnborough, United Kingdom, 21 July 2026 – Shohin Airlines, established in Dushanbe, Tajikistan as a private airline company, has disclosed an order for four Airbus A320neo Family aircraft, marking the first ever Airbus order for the airline. The agreement, which includes&nbsp; two A320neo and two A321neo aircraft, was included in Airbus' end of June order book as an undisclosed order.&nbsp; Registered in June 2025, the airline aims to expand a wide route network and build a strong brand that represents Tajikistan...",600,fetched,2026-08-11T03:18:34Z
59,Airbus,Airbus spearheads new E2D European defence tech fund Press Release Defence 21 July 2026 2 min read,https://www.airbus.com/en/newsroom/press-releases/2026-07-airbus-spearheads-new-e2d-european-defence-tech-fund,Airbus - Newsroom / Newsroom / News,2026-07-20T15:00:00Z,2026-08-11T03:18:34Z,official_page,https://www.airbus.com/en/newsroom,official,12,https://www.airbus.com/en/newsroom,"Skip to main content Skip to search Open menu Close menu Menu Open search form Close search form Search Close search form What are you looking for? Most popular topics A350-1000ULR A400M Farnborough Airshow Flexrotor Uncrewed Aerial Systems (UAS) Sustainable aviation fuel (SAF) Farnborough, United Kingdom, 21 July 2026 –&nbsp; At the Farnborough International Airshow, Airbus Defence and Space signed an agreement to become the anchor investor in the new E2D dual-use and defence technology growth fund. This strategic investment aims to bolster the European defence ecosystem by providing growth capital to high-tech companies across the continent, thereby strengthening European sovereignty and closing critical capability gaps. E2D was launched in June 2026 by AVP and Earlybird, two leading Eur...",548,fetched,2026-08-11T03:18:34Z
59,Airbus,SMBC Aviation Capital orders 100 Airbus A320neo Family aircraft Press Release Commercial Aircraft 20 July 2026 2 min read,https://www.airbus.com/en/newsroom/press-releases/2026-07-smbc-aviation-capital-orders-100-airbus-a320neo-family-aircraft,Airbus - Newsroom / Newsroom / News,2026-07-19T15:00:00Z,2026-08-11T03:18:34Z,official_page,https://www.airbus.com/en/newsroom,official,12,https://www.airbus.com/en/newsroom,"Skip to main content Skip to search Open menu Close menu Menu Open search form Close search form Search Close search form What are you looking for? Most popular topics A350-1000ULR A400M Farnborough Airshow Flexrotor Uncrewed Aerial Systems (UAS) Sustainable aviation fuel (SAF) Farnborough, United Kingdom, 20 July 2026 - SMBC Aviation Capital, a leading global aviation finance platform, has placed a firm order for an additional 65 A321neo and 35 A320neo aircraft. The agreement was finalised at the Farnborough International Airshow. ""This significant new order will give our airline customers access to a continuous delivery pipeline of the latest technology A320neo family aircraft into the mid-2030s,"" said Peter Barrett, CEO of SMBC Aviation Capital. ""We are pleased to build on the deep part...",569,fetched,2026-08-11T03:18:34Z
17,Onsemi,onsemi to Announce Second Quarter Financial Results,https://investor.onsemi.com/news-releases/news-release-details/onsemi-announce-second-quarter-financial-results-3,Onsemi - Investor News / Investor News,2026-07-15T15:00:00Z,2026-08-11T03:18:34Z,official_page,https://investor.onsemi.com/news,official,12,https://investor.onsemi.com/news,"Skip to main navigation News Release onsemi to Announce Second Quarter Financial Results July 16, 2026 at 4:15 PM EDT PDF Version SCOTTSDALE, Ariz., July 16, 2026 (GLOBE NEWSWIRE) -- onsemi (Nasdaq: O N ) plans to announce its financial results for the second quarter, which ended July 3, 2026, after market close on Monday, August 3, 2026. The company will host a conference call at 5 p.m. Eastern Time (ET) on August 3, 2026, following the release of its financial results. Investors and interested parties can access the conference call in the following manner: Webcast: A live webcast of the conference call will be available via the “ Investor Relations ” section of the company’s website at http://www.onsemi.com . The re-broadcast of the call will be available at this site approximately one h...",351,fetched,2026-08-11T03:18:34Z
28,ASML,"July 15, 2026 High NA EUV reaches new readiness milestone with first high-volume Logic product",https://www.asml.com/en/news/press-releases/2026/high-na-euv-reaches-new-readiness-milestone,ASML - ASML News / Newsroom / News,2026-07-14T15:00:00Z,2026-08-11T03:18:34Z,official_page,https://www.asml.com/en/news,official,12,https://www.asml.com/en/news,"High NA EUV reaches new readiness milestone with first high-volume Logic product Press release - Veldhoven, The Netherlands, July 15, 2026 Intel Foundry has entered high-volume manufacturing for a subset of Intel® Core™ Ultra Series 3 processors, code-named Panther Lake, using ASML’s EXE High NA EUV technology Specific Intel 18A layers are now dual-qualified on High NA EUV in Oregon, with product shipping to customers at yields matched to the NXE platform Intel and ASML continue to closely collaborate on High NA EUV readiness with flexibility to incorporate into future nodes based on customer needs &nbsp; ASML Holding N.V. (ASML) today reported that Intel Foundry is using ASML’s High NA EUV technology on the Intel 18A process node to produce a subset of its Intel® Core™ Ultra Series 3 proc...",645,fetched,2026-08-11T03:18:34Z
28,ASML,"July 15, 2026 ASML reports €9.3 billion total net sales and €2.9 billion net income in Q2 2026",https://www.asml.com/en/news/press-releases/2026/q2-2026-financial-results,ASML - ASML News / Newsroom / News,2026-07-14T15:00:00Z,2026-08-11T03:18:34Z,official_page,https://www.asml.com/en/news,official,12,https://www.asml.com/en/news,"ASML reports €9.3 billion total net sales and €2.9 billion net income in Q2 2026 ASML increases outlook, expects 2026 total net sales to be between €43 billion and €45 billion, with a gross margin between 54% and 56% Press release - Veldhoven, The Netherlands, July 15, 2026 Today, ASML Holding NV (ASML) has published its 2026 second-quarter results. Q2 total net sales of €9.3 billion, gross margin of 54.0%, net income of €2.9 billion ASML expects Q3 2026 total net sales between €11.0 billion and €12.0 billion, and a gross margin between 55% and 57% ASML now expects 2026 total net sales to be between €43 billion and €45 billion, with a gross margin between 54% and 56% (Figures in millions of euros unless otherwise indicated) Q1 2026 Q2 2026 Total net sales 8,767 9,326 ...of which Installed...",1852,fetched,2026-08-11T03:18:34Z
28,ASML,Press releases & announcements,https://www.asml.com/en/news/press-releases,ASML - ASML News / Newsroom / News,2026-07-14T15:00:00Z,2026-08-11T03:18:34Z,official_page,https://www.asml.com/en/news,official,12,https://www.asml.com/en/news,"Press releases & announcements Latest press releases July 15, 2026 High NA EUV reaches new readiness milestone with first high-volume Logic product July 15, 2026 ASML reports €9.3 billion total net sales and €2.9 billion net income in Q2 2026 May 16, 2026 Tata Electronics and ASML Announce Strategic Partnership to Advance the Semiconductor Manufacturing Ecosystem in India Sorry, we were not able to find a match See share buyback press releases Sign up for news alerts Latest press releases July 15, 2026 High NA EUV reaches new readiness milestone with first high-volume Logic product July 15, 2026 ASML reports €9.3 billion total net sales and €2.9 billion net income in Q2 2026 May 16, 2026 Tata Electronics and ASML Announce Strategic Partnership to Advance the Semiconductor Manufacturing Eco...",131,fetched,2026-08-11T03:18:34Z
9,Albemarle,"Press Releases July 07, 2026 Albemarle Corporation to Release Second Quarter 2026 Earnings Results on Wednesday, August 5, 2026 CHARLOTTE, N.C., July 7, 2026 /PRNewswire/ -- Albemarle Corporation (NYSE: ALB), a global leader in providing essential elements for mobility, energy, connectivity and health, announced today that it will release its second quarter 2026 earnings after the NYSE closes on Wednesday, August 5, 2026",https://www.albemarle.com/us/en/news/albemarle-corporation-release-second-quarter-2026-earnings-results-wednesday-august-5-2026,Albemarle - Newsroom / Newsroom / News,2026-07-06T15:00:00Z,2026-08-11T03:18:34Z,official_page,https://www.albemarle.com/us/en/newsroom,official,12,https://www.albemarle.com/us/en/newsroom,"Skip to main content Share LinkedIn WhatsApp X Email Copy Link Albemarle Corporation to Release Second Quarter 2026 Earnings Results on Wednesday, August 5, 2026 CHARLOTTE, N.C. , July 7, 2026 /PRNewswire/ -- Albemarle Corporation (NYSE: ALB), a global leader in providing essential elements for mobility, energy, connectivity and health, announced today that it will release its second quarter 2026 earnings after the NYSE closes on Wednesday, August 5, 2026. The company will hold a conference call to discuss its second quarter 2026 results on Thursday, August 6, at 8 a.m. EDT. Access to the call is available via webcast or direct dial. A link to the webcast can be found through Albemarle Corporation's website at http://investors.albemarle.com . Direct dial numbers are provided below: Partici...",331,fetched,2026-08-11T03:18:34Z
17,Onsemi,onsemi Advances Fab Right Strategy with Agreements to Divest Two Manufacturing Facilities,https://investor.onsemi.com/news-releases/news-release-details/onsemi-advances-fab-right-strategy-agreements-divest-two,Onsemi - Investor News / Investor News,2026-07-06T15:00:00Z,2026-08-11T03:18:34Z,official_page,https://investor.onsemi.com/news,official,12,https://investor.onsemi.com/news,"Skip to main navigation News Release onsemi Advances Fab Right Strategy with Agreements to Divest Two Manufacturing Facilities July 7, 2026 at 7:00 AM EDT PDF Version SCOTTSDALE, Ariz., July 07, 2026 (GLOBE NEWSWIRE) -- onsemi (Nasdaq: ON) today announced it has entered into definitive agreements to divest two manufacturing facilities. These planned divestitures are part of onsemi’s ongoing initiative to improve companywide manufacturing cost structure to drive sustained gross margin expansion as part of its Fab Right strategy. onsemi’s Fab Right manufacturing strategy focuses on continuous optimization of manufacturing footprint and directs resources to the most competitive, scalable and technology-aligned operations across its global manufacturing footprint. This approach is designed to...",787,fetched,2026-08-11T03:18:34Z
45,Solvay,"Participation notification by SIH Partners - July 7, 2026",https://www.solvay.com/en/press-release/participation-notification-sih-partners-july-7-2026,Solvay - Newsroom / Newsroom / News,2026-07-06T15:00:00Z,2026-08-11T03:18:34Z,official_page,https://www.solvay.com/en/newsroom,official,12,https://www.solvay.com/en/newsroom,"Skip to main content Participation notification by SIH Partners - July 7, 2026 Jul 07, 2026 Share to Opens in a new window Opens in a new window In line with Belgian transparency legislation (Law of May 2, 2007), SIH Partners, LLLP recently sent to Solvay the following transparency notification indicating that they crossed the threshold of 5%.&nbsp; &nbsp; Here is a summary of the notification: &nbsp; &nbsp; Date on which the threshold is crossed &nbsp; Voting rights after the transaction &nbsp; Equivalent financial instruments after the transaction &nbsp; Total &nbsp; July 1, 2026 &nbsp; 0.00% &nbsp; 5.02% &nbsp; 5.03% &nbsp; &nbsp; The notification, dated July 2, 2026, contains the following information: &nbsp; Reason for the notification: &nbsp; &nbsp; Acquisition or disposal of financi...",511,fetched,2026-08-11T03:18:34Z
31,Norsk Hydro,"July 1, 2026 Slovalco to restart 75,000 tonnes of curtailed aluminium capacity, supplying a critical raw material for Europe",https://www.hydro.com/en/global/media/news/2026/slovalco-to-restart-75000-tonnes-of-curtailed-aluminium-capacity-supplying-a-critical-raw-material-for-europe/,Norsk Hydro - News Subscription / Investor News Subscription,2026-06-30T15:00:00Z,2026-08-11T03:18:34Z,official_page,https://www.hydro.com/en/global/investors/news-subscription/,official,12,https://www.hydro.com/en/global/investors/news-subscription/,"Slovalco to restart 75,000 tonnes of curtailed aluminium capacity, supplying a critical raw material for Europe The aluminium plant Slovalco has reached an agreement with the Slovak government enabling the restart of 75,000 tonnes of primary aluminium production capacity. Executive Vice President for Hydro Aluminium Metal Hanne Simensen signing the agreement in Bratislava. (Photo: Einar Fannemel / Hydro) The agreement with the Slovak government marks an important milestone to resume full operations at Slovalco after operations were curtailed in 2022 due to high power prices. It establishes the long-term framework conditions necessary for aluminium production, including a robust compensation scheme for indirect carbon costs under the EU Emissions Trading System (ETS). In addition, Slovalco...",527,fetched,2026-08-11T03:18:34Z
65,Toppan Holdings,National Museum of Asian Art Partners With TOPPAN To Launch New Digital and Virtual Reality Projects,https://www.holdings.toppan.com/en/news/2026/07/newsrelease260702_1.html,Toppan Holdings - Newsroom / Newsroom / News,2026-06-30T15:00:00Z,2026-08-11T03:18:34Z,official_page,https://www.holdings.toppan.com/en/news/,official,12,https://www.holdings.toppan.com/en/news/,"Home Newsroom National Museum of Asian Art Partners With TOPPAN To Launch New Digital and Virtual Reality Projects Chase F. Robinson (left), director of the Smithsonian’s National Museum of Asian Art, with TOPPAN Holdings President and COO Satoshi Oya. The Smithsonian&rsquo;s National Museum of Art and Japan-based TOPPAN Inc. are partnering to advance the museum&rsquo;s growing digitization efforts, starting with implementation of cutting-edge virtual and augmented reality experiences. This partnership helps propel various goals in the museum&rsquo;s strategic plan , including expansion of digital content, integration of technology-driven experiences and increasing audience reach. In its first collaborative project with the museum, TOPPAN will develop digital content for a virtual reality...",798,fetched,2026-08-11T03:18:34Z
59,Airbus,Airbus reports Half-Year (H1) 2026 results Press Release Company Airbus SE (stock exchange symbol: AIR) reported consolidated financial results for the Half-Year (H1) ended 30 June 2026. 29 July 2026 10 min read,https://www.airbus.com/en/newsroom/press-releases/2026-07-airbus-reports-half-year-h1-2026-results,Airbus - Newsroom / Newsroom / News,2026-06-29T15:00:00Z,2026-08-11T03:18:34Z,official_page,https://www.airbus.com/en/newsroom,official,12,https://www.airbus.com/en/newsroom,"Skip to main content Skip to search Open menu Close menu Menu Open search form Close search form Search Close search form What are you looking for? Most popular topics A350-1000ULR A400M Farnborough Airshow Flexrotor Uncrewed Aerial Systems (UAS) Sustainable aviation fuel (SAF) 351 commercial aircraft delivered&nbsp; Revenues € 33.2 billion; EBIT Adjusted € 2.7 billion EBIT (reported) € 2.7 billion; EPS (reported) € 2.84 Free cash flow before customer financing € -1.2 billion 2026 guidance unchanged Amsterdam, the Netherlands, 29 July 2026&nbsp; – Airbus SE (stock exchange symbol: AIR) reported consolidated financial results for the Half-Year (H1) ended 30 June 2026. “Our good H1 results mainly reflect the higher level of commercial aircraft deliveries and strong performance in Defence and...",2820,fetched,2026-08-11T03:18:34Z
62,Arkema,"15% PVDF capacity expansion in North America"">",https://www.arkema.com/global/en/media/newslist/news/global/investorrelations/2026/20260623-arkema-successfully-started-its-PVDF-capacity-expansion/,Arkema - Newsroom / Newsroom / News,2026-06-23T12:28:00Z,2026-08-11T03:18:34Z,official_page,https://www.arkema.com/global/en/media/newsroom/,official,12,https://www.arkema.com/global/en/media/newsroom/,"Go to content Go to navigation Go to search Finance Business Jun 23, 2026 - PRESS RELEASE Arkema successfully started up its 15% PVDF capacity expansion in North America Download the PDF This capacity expansion in Calvert City, Kentucky, strengthens the Group&rsquo;s leadership in PVDF. This investment of around 20 million US dollars will support the growing demand for energy storage systems and semiconductors, as well as data center rapid expansion. Announced in February 2025, this investment has been delivered on time and within the initial budget, demonstrating Arkema&rsquo;s disciplined execution and strong project management capabilities, while supporting customers&rsquo; growth. Further strengthening Arkema&rsquo;s leadership in PVDF in the United States, this additional capacity wil...",424,fetched,2026-08-11T03:18:34Z
5,Cytiva,News Article Top six takeaways from the 2026 Danaher Summit 06.15.26,https://www.danaher.com/top-six-takeaways-2026-danaher-summit-bioprocessing,Cytiva - Danaher Newsroom / Newsroom / News,2026-06-14T15:00:00Z,2026-08-11T03:18:34Z,official_page,https://www.danaher.com/newsroom,official,12,https://www.danaher.com/newsroom,"Skip to main content Skip to content News Article Top six takeaways from the 2026 Danaher Summit June 15, 2026 The 2026 Danaher Summit brought together leading thinkers and innovators from across bioprocessing, biopharma and life sciences on the theme of ""The Next Era of Bioprocessing: From Promise to Patient Impact."" Learn more Our speakers and panelists had candid, substantive conversations about where the industry stands today and what it will take to scale the next generation of advanced therapies to reach all the patients who need them. Here are some of the biggest ideas from this year's Summit.&nbsp; The old manufacturing playbook no longer fits. Biomanufacturing was built for large batches of standardized therapies. The next generation of medicines—cell and gene therapies, targeted...",809,fetched,2026-08-11T03:18:34Z
9,Albemarle,Albemarle Publishes 2025 Sustainability Report,https://www.albemarle.com/us/en/news/albemarle-publishes-2025-sustainability-report,Albemarle - Newsroom / Newsroom / News,2026-06-05T13:39:10Z,2026-08-11T03:18:34Z,official_page,https://www.albemarle.com/us/en/newsroom,official,12,https://www.albemarle.com/us/en/newsroom,"Skip to main content Sustainability Albemarle Publishes 2025 Sustainability Report Report highlights progress in stewardship, innovation and operational excellence. Share LinkedIn WhatsApp X Email Copy Link June 9, 2026 &nbsp; Albemarle published its 2025 Sustainability Report: Resourceful, Responsible, Resilient , highlighting the company’s sustainability achievements and progress toward its 2030 goals.&nbsp; &nbsp; ""At Albemarle, our values shape how we lead, how we operate and how we create value over the long term,"" said Albemarle Chairman and CEO Kent Masters. ""This report reflects our commitment to disciplined execution, responsible operations and continuous improvement as we support our customers and communities while building a more resilient future."" Report Highlights Practicing r...",777,fetched,2026-08-11T03:18:34Z
62,Arkema,"Battery Show Europe 2026 "">",https://www.arkema.com/global/en/media/newslist/news/global/products/2026/20260601-battery-show-europe/,Arkema - Newsroom / Newsroom / News,2026-06-01T13:51:10Z,2026-08-11T03:18:34Z,official_page,https://www.arkema.com/global/en/media/newsroom/,official,12,https://www.arkema.com/global/en/media/newsroom/,"Go to content Go to navigation Go to search Battery Products Jun 1, 2026 - NEWS Arkema showcases innovative materials at the Battery Show Europe 2026 Arkema, a global leader in specialty materials, will showcase its unique portfolio of solutions and innovations for electric vehicle (EV) and energy storage system (ESS) battery systems at The Battery Show Europe 2026, in Stuttgart, Germany. At the show, Arkema will highlight how innovation contributes to higher performance, safety, and sustainability in next generation batteries. A global leader in LFP battery technology and innovations Arkema has established itself as the reference supplier for materials enabling the rapid expansion of LFP cathode technology. Since 2007, Kynar &reg; HSV 900 has become the industry&rsquo;s reference PVDF bin...",710,fetched,2026-08-11T03:18:34Z
62,Arkema,"Arkema&rsquo;s executive committee "">",https://www.arkema.com/global/en/media/newslist/news/global/corporate/2026/20260529-evolution-of-the-executive-committee/,Arkema - Newsroom / Newsroom / News,2026-05-29T12:47:00Z,2026-08-11T03:18:34Z,official_page,https://www.arkema.com/global/en/media/newsroom/,official,12,https://www.arkema.com/global/en/media/newsroom/,"Go to content Go to navigation Go to search Finance Appointment May 29, 2026 - PRESS RELEASE Evolution of Arkema&rsquo;s executive committee Download the PDF Effective July 1st, 2026, Laurent Tellier will be appointed Chief Operating Officer (COO) of Arkema, reporting to Thierry le H&eacute;naff, replacing Marc Schuller who is retiring. Thierry Le H&eacute;naff, Arkema&rsquo;s Chairman and Chief Executive Officer, stated: &ldquo;Having worked at my side since our spin-off in 2006, Marc has been a key player in Arkema&rsquo;s transformation into a global leader in specialty chemicals, and I sincerely thank him for this. During all these years, beyond his outstanding professional expertise, I have greatly appreciated his knowledge of the chemical industry and its players, his great human qua...",412,fetched,2026-08-11T03:18:34Z
55,EVG,28.05.2026 Imec and EV Group demonstrate wafer-to-wafer hybrid bonding with 200nm interconnect pitch and record high overlay accuracy Read more,https://www.evgroup.com/company/news/detail/imec-and-ev-group-demonstrate-wafer-to-wafer-hybrid-bonding-with-200nm-interconnect-pitch-and-record-high-overlay-accuracy,EVG - Press Center / News / Newsroom / News,2026-05-27T15:00:00Z,2026-08-11T03:18:34Z,official_page,https://www.evgroup.com/company/news,official,12,https://www.evgroup.com/company/news,"EN English (EN) Choose your language EN English (EN) Deutsch (DE) 日本語 (JA) 中文 (ZH) Services Contact EV Group Company News Imec and EV Group demonstrate wafer-to-wafer hybrid bonding with 200nm interconnect pitch and record high overlay accuracy Through their continued collaboration, Imec and EV Group (EVG) are focusing on advancing the overlay performance required for advanced logic-to-logic and memory-to-logic tier stacking Figure 1: Example of a possible partitioning of a SoC following imec’s CMOS 2.0 scaling paradigm. (credit: imec) Figure 2 – TEM of Daisy chain structures on a 200nm hexagonal pad grid with equal hybrid pad size and 25% designed Cu density. (credit: imec/IEEE) Figure 3 – Actual wafer-to-wafer bond alignment improvement obtained on electrical device wafers. Results are s...",1335,fetched,2026-08-11T03:18:34Z
55,EVG,"19.05.2026 EV Group Highlights Hybrid Bonding, Layer Transfer and Maskless Lithography Technologies for Heterogeneous Integration and Advanced Packaging at ECTC 2026 Read more",https://www.evgroup.com/company/news/detail/ev-group-highlights-hybrid-bonding-layer-transfer-and-maskless-lithography-technologies-for-heterogeneous-integration-and-advanced-packaging-at-ectc-2026,EVG - Press Center / News / Newsroom / News,2026-05-18T15:00:00Z,2026-08-11T03:18:34Z,official_page,https://www.evgroup.com/company/news,official,12,https://www.evgroup.com/company/news,"EN English (EN) Choose your language EN English (EN) Deutsch (DE) 日本語 (JA) 中文 (ZH) Services Contact EV Group Company News EV Group Highlights Hybrid Bonding, Layer Transfer and Maskless Lithography Technologies for Heterogeneous Integration and Advanced Packaging at ECTC 2026 EV Group’s IR LayerRelease™ technology enables nanometer-precision layer transfer through silicon, eliminating glass substrates for advanced packaging and enabling thin-layer 3D stacking. Source: EV Group. ST. FLORIAN, Austria, May 19, 2026 —EV Group (EVG), a leading provider of innovative process solutions and expertise serving leading-edge and future semiconductor designs and chip integration schemes,&nbsp;today announced that it will showcase its latest solutions for heterogeneous integration and advanced packaging...",1278,fetched,2026-08-11T03:18:34Z
43,EMM(Umicore),Media,https://www.umicore.com/en/media/,EMM(Umicore) - Umicore Newsroom / Newsroom / News,2026-04-29T15:00:00Z,2026-08-11T03:18:34Z,official_page,https://www.umicore.com/en/media/newsroom/,official,12,https://www.umicore.com/en/media/newsroom/,"Highlights Strong start of the year sets Umicore up for solid 2026 performance Press release April 30, 2026 Full Year Results 2025 Press release February 20, 2026 Umicore unveils roadmap to 2028 Press release March 27, 2025 More news Press releases Half Year Results 2026 Press release July 31, 2026 Advanced notice of Umicore’s 2026 Half Year Results Press release July 14, 2026 Average blood lead levels continue to decline in the vicinity of Umicore in Hoboken Press release June 3, 2026 More press releases Stay in the know Sign up for our press releases Subscribe Themes Responsible sourcing of cobalt Management of historical pollution Historical radioactive materials in Olen under control Living together sustainably in Hoboken Former mining sites Previous slide Next slide Videos Umicore Met...",315,fetched,2026-08-11T03:18:34Z
44,Umicore,Media,https://www.umicore.com/en/media/,Umicore - Newsroom / Newsroom / News,2026-04-29T15:00:00Z,2026-08-11T03:18:34Z,official_page,https://www.umicore.com/en/media/newsroom/,official,12,https://www.umicore.com/en/media/newsroom/,"Highlights Strong start of the year sets Umicore up for solid 2026 performance Press release April 30, 2026 Full Year Results 2025 Press release February 20, 2026 Umicore unveils roadmap to 2028 Press release March 27, 2025 More news Press releases Half Year Results 2026 Press release July 31, 2026 Advanced notice of Umicore’s 2026 Half Year Results Press release July 14, 2026 Average blood lead levels continue to decline in the vicinity of Umicore in Hoboken Press release June 3, 2026 More press releases Stay in the know Sign up for our press releases Subscribe Themes Responsible sourcing of cobalt Management of historical pollution Historical radioactive materials in Olen under control Living together sustainably in Hoboken Former mining sites Previous slide Next slide Videos Umicore Met...",315,fetched,2026-08-11T03:18:34Z
55,EVG,21.04.2026 CEZAMAT Boosts Advanced Photonics R&D with State-of-the-Art UV Nanoimprint System from EV Group Read more,https://www.evgroup.com/company/news/detail/cezamat-boosts-advanced-photonics-rd-with-state-of-the-art-uv-nanoimprint-system-from-ev-group,EVG - Press Center / News / Newsroom / News,2026-04-20T15:00:00Z,2026-08-11T03:18:34Z,official_page,https://www.evgroup.com/company/news,official,12,https://www.evgroup.com/company/news,"EN English (EN) Choose your language EN English (EN) Deutsch (DE) 日本語 (JA) 中文 (ZH) Services Contact EV Group Company News CEZAMAT Boosts Advanced Photonics R&D with State-of-the-Art UV Nanoimprint System from EV Group New EVG®6200 NT platform enables high-resolution, scalable fabrication of next-generation micro- and nanostructures The EVG®6200 NT mask alignment system with UV nanoimprint capability featuring EVG’s proprietary SmartNIL® technology in the cleanroom. Source: EV Group. The EVG®6200 NT mask alignment system with UV nanoimprint capability featuring EVG’s proprietary SmartNIL® technology in the cleanroom. Source: EV Group. WARSAW, Poland and ST. FLORIAN, Austria, April 21, 2026&nbsp; – CEZAMAT, a world-class research center for advanced materials and technologies, and EV Group (...",728,fetched,2026-08-11T03:18:34Z
70,Tokyo Electron,Products / Services,https://www.tel.com/news/product/index.html,Tokyo Electron - News / Newsroom / News,2026-04-16T00:00:00Z,2026-08-11T03:18:34Z,official_page,https://www.tel.com/news/,official,12,https://www.tel.com/news/,"TOKYO ELECTRON LIMITED Home News Room Products and Services Products and Services Search by keyword Refine Search * Only IR and disaster news are available for 2010～2016. All Topics Products / Services IR Sustainability Event Disaster Notice 2026.04.16 Tokyo Electron Releases Prexa™ SDP, a New Device Prober Topics Products / Services IR Sustainability Event Disaster Notice 2025.12.15 Tokyo Electron Releases CLEAN TRACK™ LITHIUS Pro DICE™, a 300mm Wafer Coater/Developer Topics Products / Services IR Sustainability Event Disaster Notice 2025.12.15 Tokyo Electron Releases EVAROS™, a Batch Thermal Processing System for 300 mm Wafers Topics Products / Services IR Sustainability Event Disaster Notice 2024.12.09 Tokyo Electron Releases LEXIA™-EX, a New Sputtering System Topics Products / Services...",579,fetched,2026-08-11T03:18:34Z
1,Australian Strategic Metals,"ASM wins Resources, Minerals and Processing Award at Australia-Korea Business Awards 2026",https://asm-au.com/asm-wins-resources-minerals-and-processing-award-at-australia-korea-business-awards-2026/,Australian Strategic Metals - News / Newsroom / News,2026-04-01T05:45:49Z,2026-08-11T03:18:34Z,official_page,https://asm-au.com/news/,official,12,https://asm-au.com/news/,"Skip to content ASM wins Resources, Minerals and Processing Award at Australia-Korea Business Awards 2026 01/04/2026 Australian Strategic Materials (ASM) has been recognised at the AustCham Korea Australia-Korea Business Awards 2026, taking out the Resources, Minerals and Processing category. The award acknowledges the Company’s achievement in building one of the few rare earth metals and alloys production facilities outside China. KSMM Representative Director Mr Nam eun Hur receives the award from AustCham Korea Chair, Ross Gregory The award was accepted in Seoul by Mr Nam-eun Hur, Representative Director at Korean Strategic Materials Metals (KSMM) – ASM’s wholly owned subsidiary responsible for operating the Korean Metals Plant (KMP). The Awards recognise outstanding contributions to the...",425,fetched,2026-08-11T03:18:34Z
31,Norsk Hydro,Hydro's media gallery,https://www.hydro.com/en/global/media/media-gallery/,Norsk Hydro - News Subscription / Investor News Subscription,2026-03-29T15:00:00Z,2026-08-11T03:18:34Z,official_page,https://www.hydro.com/en/global/investors/news-subscription/,official,12,https://www.hydro.com/en/global/investors/news-subscription/,"Media gallery Hydro's public media gallery contains high-resolution images and videos of our people, operations, products, and activities worldwide. The images and videos can be used for editorial purposes in connection to Hydro-related content. Always credit the photographer and Hydro. Visit Hydro's public media gallery Videos B-roll material from our operations can be found in the media gallery. Other videos from Hydro can be found on YouTube . You can embed most of the videos found on our YouTube channel. Hydro logo You are welcome to download and use of the Hydro logo , but follow the straightforward design requirements. Updated: March 30, 2026 Questions? Should you have any questions related to the use of media content, you can contact the press officer on call . Related links Media c...",136,fetched,2026-08-11T03:18:34Z
55,EVG,18.02.2026 EV Group Unveils Next-Generation EVG®120 Resist Processing System for High-Volume Manufacturing Read more,https://www.evgroup.com/company/news/detail/ev-group-unveils-next-generation-evgr120-resist-processing-system-for-high-volume-manufacturing,EVG - Press Center / News / Newsroom / News,2026-02-17T15:00:00Z,2026-08-11T03:18:34Z,official_page,https://www.evgroup.com/company/news,official,12,https://www.evgroup.com/company/news,"EN English (EN) Choose your language EN English (EN) Deutsch (DE) 日本語 (JA) 中文 (ZH) Services Contact EV Group Company News EV Group Unveils Next-Generation EVG®120 Resist Processing System for High-Volume Manufacturing New ultra-compact platform adds in-situ resist thickness metrology, wafer edge exposure and EVG®150-class performance in a smaller-scale, highly flexible format ST. FLORIAN, Austria, February 18, 2026 —EV Group (EVG), a leading provider of innovative process solutions and expertise serving leading-edge and future semiconductor designs and chip integration schemes,&nbsp;today unveiled the next-generation EVG ® 120 automated resist processing system — a major update to one of the company’s leading coater/developer platforms. Incorporating a new compact architecture, breakthroug...",1045,fetched,2026-08-11T03:18:34Z
40,Evonik Industries,Annual Shareholders' Meeting 2023,https://www.evonik.com/en/investor-relations/events-calendar/annual-shareholders-meeting/archive/annual-shareholders-meeting-2023.html,Evonik Industries - Media / Newsroom / Media,2026-02-16T00:00:00Z,2026-08-11T03:18:34Z,official_page,https://www.evonik.com/en/media.html,official,12,https://www.evonik.com/en/media.html,"SHARE Annual Shareholders' Meeting 2023 Menu Our Products Products maxLevel"" @click.prevent=""handleMenuBackButton()"" aria-label=""Back"" class=""bg-color-white size-028 flex justify-center items-center shrink-0 hover:bg-color-primary hover:text-color-secondary""> index + 2}""> index + 1 ? '...' : activeMenu.dataset.submenuTitle"" class=""inline"" :class=""{'font-medium': index == visibleMenus.length - 1}""> Hauptversammlung der Evonik Industries AG 2023 Die Hauptversammlung 2023 der Evonik Industries AG hat am 31. Mai 2023 als virtuelle Hauptversammlung in der Verwaltungszentrale der Evonik Industries AG in Essen stattgefunden. Ausführliche Informationen finden Sie hier. Loading video Consent management could not load the movingimage Video service. Please disable your ad blocker or refresh the page...",412,fetched,2026-08-11T03:18:34Z
31,Norsk Hydro,Hydro at a glance,https://www.hydro.com/en/global/media/hydro-at-a-glance/,Norsk Hydro - News Subscription / Investor News Subscription,2025-12-10T15:00:00Z,2026-08-11T03:18:34Z,official_page,https://www.hydro.com/en/global/investors/news-subscription/,official,12,https://www.hydro.com/en/global/investors/news-subscription/,"Hydro at a glance Hydro is a leading aluminium and renewable energy company committed to a sustainable future. Our purpose is to create more viable societies by developing natural resources into products and solutions in innovative and efficient ways. Since 1905, Hydro has turned natural resources into valuable products for people and businesses, creating a safe and secure workplace for our 32,000 employees in more than 140 locations and 40 countries. Today, we own and operate various businesses and have investments with a base in sustainable industries. Hydro is through its businesses present in a broad range of market segments for aluminium, energy, metal recycling, renewables and batteries, offering a unique wealth of knowledge and competence. Hydro is committed to leading the way towar...",251,fetched,2026-08-11T03:18:34Z
40,Evonik Industries,Annual Shareholders' Meeting 2025,https://www.evonik.com/en/investor-relations/events-calendar/annual-shareholders-meeting/archive/annual-shareholders-meeting-2025.html,Evonik Industries - Media / Newsroom / Media,2025-05-28T00:00:00Z,2026-08-11T03:18:34Z,official_page,https://www.evonik.com/en/media.html,official,12,https://www.evonik.com/en/media.html,"SHARE Annual Shareholders' Meeting 2025 Menu Our Products Products maxLevel"" @click.prevent=""handleMenuBackButton()"" aria-label=""Back"" class=""bg-color-white size-028 flex justify-center items-center shrink-0 hover:bg-color-primary hover:text-color-secondary""> index + 2}""> index + 1 ? '...' : activeMenu.dataset.submenuTitle"" class=""inline"" :class=""{'font-medium': index == visibleMenus.length - 1}""> The Annual Shareholders‘ Meeting 2025 of Evonik Industries AG took place on May 28, 2025 as a virtual Annual Shareholders‘ Meeting at the administrative headquarter of Evonik Industries AG in Essen.&nbsp; Loading video Consent management could not load the YouTube Video service. Please disable your ad blocker or refresh the page to view this video. This website embeds YouTube videos. To load the...",393,fetched,2026-08-11T03:18:34Z
39,BASF,More information,https://www.basf.com/global/en/investors/calendar-and-publications/annual-shareholders-meeting/annual-shareholders-meeting-2025,BASF - Media / Newsroom / Media,2025-05-01T15:00:00Z,2026-08-11T03:18:34Z,official_page,https://www.basf.com/global/en/media,official,12,https://www.basf.com/global/en/media,"Home Investors Calendar and Publications Annual Shareholders’ Meeting 2025 Investors Annual Shareholders’ Meeting 2025 Virtual Shareholder Hotline If you have any questions regarding the Annual Shareholders’ Meeting, please contact the shareholder hotline, available Monday to Friday from 9 a.m. to 5 p.m. CEST +49 621 60-99888 Send email The Annual Shareholders’ Meeting of BASF SE was held on Friday, May 2, 2025, from 10:00&nbsp;a.m.&nbsp;CEST as a virtual meeting. Invitation to the Annual Shareholders‘ Meeting 2025 Preview PDF (576.07 KB) Online View Information on the agenda Comment on item 1 of the agenda Comment on item 7 of the agenda Control and profit and loss transfer agreement between BASF SE and BASF Agricultural Solutions Deutschland GmbH dated March 18, 2025 Joint report by the...",531,fetched,2026-08-11T03:18:34Z
39,BASF,Annual Press Conference,https://www.basf.com/global/en/media/events/2025/full-year-2024-results,BASF - Media / Newsroom / Media,2025-03-20T15:00:00Z,2026-08-11T03:18:34Z,official_page,https://www.basf.com/global/en/media,official,12,https://www.basf.com/global/en/media,"Home Media Events Publication of financial figures of BASF Group for 2024 Media Publication of financial figures of BASF Group for 2024 Ludwigshafen, Germany Conference webcast Watch the webcast Jens Fey Director, Corporate Media Relations +49 621 60-99123 Send email Press conference with: Dr.&nbsp;Markus Kamieth Chairman of the Board of Executive Directors Dr. Dirk Elvermann Chief Financial Officer Dr. Nina Schwab-Hautzinger Corporate Communications & Government Relations Additional information on the Full&nbsp;Year&nbsp;2024 results Financial figures of BASF Group for 2024 News release News release “Important Figures“ Presentation Speech Press photos Press photos from the&nbsp;Annual Press Conference Digital media kit Press relevant documents in one file Download The audited BASF Report...",141,fetched,2026-08-11T03:18:34Z
9,Albemarle,Latest Stories,https://www.albemarle.com/us/en/newsroom/latest-stories,Albemarle - Newsroom / Newsroom / News,2024-09-06T17:02:35Z,2026-08-11T03:18:34Z,official_page,https://www.albemarle.com/us/en/newsroom,official,12,https://www.albemarle.com/us/en/newsroom,Skip to main content Newsroom / Latest Stories Latest Stories Category ▾,12,fetched,2026-08-11T03:18:34Z
40,Evonik Industries,Press Release Archive since 2022,https://www.evonik.com/en/media/press-releases/press-release-archive.html,Evonik Industries - Media / Newsroom / Media,2024-08-12T10:02:21Z,2026-08-11T03:18:34Z,official_page,https://www.evonik.com/en/media.html,official,12,https://www.evonik.com/en/media.html,"With the sale of its TAA derivatives business to SABO, Evonik is taking the next step in focusing its portfolio on specialty chemicals. ... MORE First commercial quantities of high-performance, fully biodegradable rhamnolipid Manufactured at new industrial-scale facility in Slovakia Sustainably sourced for “next generation” cleaning solutions ... MORE TEGO® Powder Aid D01 reduces the melt viscosity of powder coating formulations Supports gloss development and DOI Versatile use for systems with high PVC (pigment-volume-concentration) ... MORE PPA covers 25 percent of Evonik's electricity needs in Europe 100 megawatts of offshore wind energy as a powerful lever to reduce CO 2 -emissions Evonik provides technology for offshore wind turbines ... MORE Stake in fund of Global Brain Corporation E...",809,fetched,2026-08-11T03:18:34Z
40,Evonik Industries,Annual Shareholders' Meeting 2024,https://www.evonik.com/en/investor-relations/events-calendar/annual-shareholders-meeting/archive/annual-shareholders-meeting-2024.html,Evonik Industries - Media / Newsroom / Media,2024-08-12T00:00:00Z,2026-08-11T03:18:34Z,official_page,https://www.evonik.com/en/media.html,official,12,https://www.evonik.com/en/media.html,"SHARE Annual Shareholders' Meeting 2024 Menu Our Products Products maxLevel"" @click.prevent=""handleMenuBackButton()"" aria-label=""Back"" class=""bg-color-white size-028 flex justify-center items-center shrink-0 hover:bg-color-primary hover:text-color-secondary""> index + 2}""> index + 1 ? '...' : activeMenu.dataset.submenuTitle"" class=""inline"" :class=""{'font-medium': index == visibleMenus.length - 1}""> The Annual Shareholders‘ Meeting 2024 of Evonik Industries AG took place on June 4, 2024 as a virtual Annual Shareholders‘ Meeting at the administrative headquarter of Evonik Industries AG in Essen. Detailed information is available here. Loading video Consent management could not load the movingimage Video service. Please disable your ad blocker or refresh the page to view this video. This websi...",444,fetched,2026-08-11T03:18:34Z
31,Norsk Hydro,Topics on the agenda,https://www.hydro.com/en/global/media/on-the-agenda/,Norsk Hydro - Media / Newsroom / Media,2019-03-18T15:00:00Z,2026-08-11T03:18:34Z,official_page,https://www.hydro.com/en/global/media/,official,12,https://www.hydro.com/en/global/media/,"Topics Explore the topics and issues that shape Hydro and influence the future of aluminium – from sustainability and innovation to the challenges and opportunities in the industry. The Corridor program Growing alliance of international and local organizations working to accelerate development in the Brazilian Amazon. Roadmap to net-zero In order to reach net-zero by 2050, Hydro needs to phase out fossil fuel consumption, remove process emissions and step up recycling of post-consumer scrap. Here is how. Karmøy technology pilot The technology pilot is ground breaking for Hydro, Norway and the world. Cyber-attack on Hydro Hydro became victim of an extensive cyber-attack in the early hours of Tuesday, March 19, 2019, impacting operations in several of the company's business areas.",120,fetched,2026-08-11T03:18:34Z
1,Australian Strategic Metals,ASM News,https://asm-au.com/news/page/2/,Australian Strategic Metals - News / Newsroom / News,,2026-08-11T03:18:34Z,official_page,https://asm-au.com/news/,official,12,https://asm-au.com/news/,Skip to content ASM News 11/03/26 Interim Financial Report 06/02/26 MST Research: Fueling Up – Energy Fuels to acquire ASM 30/01/26 Quarterly Report: Executing our mine to metals strategy 28/01/26 WATCH: Investor News Interview 23/01/26 WATCH: Ausbiz interview 23/01/26 WATCH: Sky News interview 21/01/26 LISTEN: Webcast Recording – Energy Fuels to acquire ASM 21/01/26 Energy Fuels to acquire ASM 16/12/25 MST Access Research: Executing the downstream strategy 04/12/25 60-tonne NdFeB alloy sale to Noveon,74,fetched,2026-08-11T03:18:34Z
6,Moderna,News and Media – Moderna,https://www.modernatx.com/newsroom/news-and-media,Moderna - News and Media / Newsroom / News,,2026-08-11T03:18:34Z,official_page,https://www.modernatx.com/newsroom/news-and-media,official,12,https://www.modernatx.com/newsroom/news-and-media,"Skip to main content This is Moderna's United States website It may contain content that is not applicable to your location CHANGE COUNTRY Newsroom News & Media Stay up-to-date and browse our press releases. View press releases News and Media > Blogs Feed"" id=""blogs"" class=""Wrapper-sc-s3066g-0 stylesindex__StyledWrapper-sc-m7bpys-5 fXtPHr ZTlWi""> Blogs Resources for journalists and news media VIDEO: COVID-19 vaccine assembly and packaging. VIDEO: COVID-19 vaccine sorting and production. VIDEO: Packaged COVID-19 vaccines ready for distribution. See our media kit Have a question? Contact us",83,fetched,2026-08-11T03:18:34Z
6,Moderna,Pioneering mRNA technology - Moderna France,https://www.modernatx.com/fr-FR/newsroom/news-and-media?slug=newsroom%2Fnews-and-media&fromLocale=en-US,Moderna - News and Media / Newsroom / News,,2026-08-11T03:18:34Z,official_page,https://www.modernatx.com/newsroom/news-and-media,official,12,https://www.modernatx.com/newsroom/news-and-media,"Skip to main content Ceci est le site web de Moderna pour la France Il peut contenir du contenu qui n'est pas applicable à votre emplacement CHANGER DE PAYS Bienvenue chez Moderna France Produits en développement 15+ Années de progrès 40+ Produits en cours de développement dans notre portefeuille Découvrir Moderna Développer une nouvelle génération de vaccins et thérapeutiques transformationnels en s’appuyant sur le potentiel porté par l’ARN messager. NOTRE MISSION Rejoignez-nous et changez l'univers de la médecine TRAVAILLER CHEZ MODERNA Homepage > So, what is mRNA"" id=""quest-ce-que-larnm"" class=""Wrapper-sc-s3066g-0 indexstyles__CarouselWrapper-sc-15tnf59-0 fXtPHr hEyxpP""> Qu'est ce que l'ARNm ? L'ARN messager (ARNm) est déjà présent dans votre organisme. Il est porteur d'un “message” - d...",333,fetched,2026-08-11T03:18:34Z
6,Moderna,Pioneering mRNA technology - Moderna Italy,https://www.modernatx.com/it-IT/newsroom/news-and-media?slug=newsroom%2Fnews-and-media&fromLocale=en-US,Moderna - News and Media / Newsroom / News,,2026-08-11T03:18:34Z,official_page,https://www.modernatx.com/newsroom/news-and-media,official,12,https://www.modernatx.com/newsroom/news-and-media,"Skip to main content Questo è il sito web di Moderna Italia Potrebbe contenere contenuti non applicabili alla tua posizione CAMBIA PAESE Benvenuti in Moderna Italia 13+ Anni di ricerca e innovazione 45 Prodotti nella pipeline 36 Trial clinici in corso Moderna L'obiettivo di Moderna Italia insieme a Moderna nel mondo è di mantenere la promessa della scienza dell'mRNA di creare una nuova generazione di farmaci trasformativi sia per i pazienti che per le famiglie. LA NOSTRA MISSIONE Lavora con noi per la medicina di domani LAVORARE IN MODERNA Homepage > So, what is mRNA"" id=""mrna-cosa-significa"" class=""Wrapper-sc-s3066g-0 indexstyles__CarouselWrapper-sc-15tnf59-0 fXtPHr hEyxpP""> mRNA: cosa significa? L'RNA messaggero (mRNA) esiste già nel nostro corpo e trasporta un messaggio: le istruzioni c...",326,fetched,2026-08-11T03:18:34Z
6,Moderna,Pioneering mRNA technology - Moderna,https://www.modernatx.com/nl-NL/newsroom/news-and-media?slug=newsroom%2Fnews-and-media&fromLocale=en-US,Moderna - News and Media / Newsroom / News,,2026-08-11T03:18:34Z,official_page,https://www.modernatx.com/newsroom/news-and-media,official,12,https://www.modernatx.com/newsroom/news-and-media,"Skip to main content Dit is de Nederlandse website van Moderna Het kan inhoud bevatten die niet van toepassing is op uw locatie VERANDER LAND Welkom bij Moderna 14+ Jaar vooruitgang 45 Producten in ontwikkeling 36 Lopende klinische onderzoeken Dit is Moderna Moderna wil de belofte van mRNA-wetenschap waarmaken om een nieuwe generatie transformatieve geneesmiddelen voor patiënten te creëren. Onze waarden Versterk ons team en verander de gezondheidszorg Huidige vacatures bij Moderna Homepage > So, what is mRNA"" id=""wat-is-mrna"" class=""Wrapper-sc-s3066g-0 indexstyles__CarouselWrapper-sc-15tnf59-0 fXtPHr hEyxpP""> Wat is mRNA? Messenger RNA (mRNA) bestaat al in het lichaam. Het draagt een ""boodschap"", instructies die de cellen vertellen wat ze moeten doen. Een andere aanpak van ziektes Behandel...",378,fetched,2026-08-11T03:18:34Z
14,DOW,Dow to participate at the 2026 Wells Fargo 16th Annual Industrials & Materials Conference,https://investors.dow.com/en/news/news-details/2026/Dow-to-participate-at-the-2026-Wells-Fargo-16th-Annual-Industrials--Materials-Conference/default.aspx,DOW - Investor News / Investor News,,2026-08-11T03:18:34Z,official_page,https://investors.dow.com/en/news/default.aspx,official,12,https://investors.dow.com/en/news/default.aspx,Dow to participate at the 2026 Wells Fargo 16th Annual Industrials & Materials Conference | Dow Investor Relations,18,fetched,2026-08-11T03:18:34Z
14,DOW,Dow and Univar Solutions sign long-term agreement to distribute low-carbon solutions,https://investors.dow.com/en/news/news-details/2026/Dow-and-Univar-Solutions-sign-long-term-agreement-to-distribute-low-carbon-solutions/default.aspx,DOW - Investor News / Investor News,,2026-08-11T03:18:34Z,official_page,https://investors.dow.com/en/news/default.aspx,official,12,https://investors.dow.com/en/news/default.aspx,Dow and Univar Solutions sign long-term agreement to distribute low-carbon solutions | Dow Investor Relations,15,fetched,2026-08-11T03:18:34Z
14,DOW,NRC Issues Environmental Assessment with 'Finding of No Significant Impact' for Dow and X-energy's Proposed Advanced Nuclear Project in Texas,https://investors.dow.com/en/news/news-details/2026/NRC-Issues-Environmental-Assessment-with-Finding-of-No-Significant-Impact-for-Dow-and-X-energys-Proposed-Advanced-Nuclear-Project-in-Texas/default.aspx,DOW - Investor News / Investor News,,2026-08-11T03:18:34Z,official_page,https://investors.dow.com/en/news/default.aspx,official,12,https://investors.dow.com/en/news/default.aspx,NRC Issues Environmental Assessment with 'Finding of No Significant Impact' for Dow and X-energy's Proposed Advanced Nuclear Project in Texas | Dow Investor Relations,24,fetched,2026-08-11T03:18:34Z
14,DOW,Dow reports first quarter 2026 results,https://investors.dow.com/en/news/news-details/2026/Dow-reports-first-quarter-2026-results/default.aspx,DOW - Investor News / Investor News,,2026-08-11T03:18:34Z,official_page,https://investors.dow.com/en/news/default.aspx,official,12,https://investors.dow.com/en/news/default.aspx,Dow reports first quarter 2026 results | Dow Investor Relations,10,fetched,2026-08-11T03:18:34Z
14,DOW,Dow Chair and CEO Jim Fitterling to Become Executive Chair; Karen S. Carter Appointed Chief Executive Officer,https://investors.dow.com/en/news/news-details/2026/Dow-Chair-and-CEO-Jim-Fitterling-to-Become-Executive-Chair-Karen-S--Carter-Appointed-Chief-Executive-Officer/default.aspx,DOW - Investor News / Investor News,,2026-08-11T03:18:34Z,official_page,https://investors.dow.com/en/news/default.aspx,official,12,https://investors.dow.com/en/news/default.aspx,Dow Chair and CEO Jim Fitterling to Become Executive Chair; Karen S. Carter Appointed Chief Executive Officer | Dow Investor Relations,21,fetched,2026-08-11T03:18:34Z
15,Thermo Fisher,Overview,https://newsroom.thermofisher.com/newsroom/default.aspx,Thermo Fisher - Newsroom / Newsroom / News,,2026-08-11T03:18:34Z,official_page,https://newsroom.thermofisher.com/newsroom/overview/default.aspx,official,12,https://newsroom.thermofisher.com/newsroom/overview/default.aspx,Newsroom - Overview | Newsroom | Thermo Fisher Scientific,9,fetched,2026-08-11T03:18:34Z
15,Thermo Fisher,Overview,https://newsroom.thermofisher.com/newsroom/overview/default.aspx,Thermo Fisher - Newsroom / Newsroom / News,,2026-08-11T03:18:34Z,official_page,https://newsroom.thermofisher.com/newsroom/overview/default.aspx,official,12,https://newsroom.thermofisher.com/newsroom/overview/default.aspx,Newsroom - Overview | Newsroom | Thermo Fisher Scientific,9,fetched,2026-08-11T03:18:34Z
15,Thermo Fisher,Podcast: Science With a Twist,https://corporate.thermofisher.com/us/en/index/newsroom/Podcast-Science-with-a-twist.html,Thermo Fisher - Newsroom / Newsroom / News,,2026-08-11T03:18:34Z,official_page,https://newsroom.thermofisher.com/newsroom/overview/default.aspx,official,12,https://newsroom.thermofisher.com/newsroom/overview/default.aspx,"Podcast: Science With a Twist Podcast: Science With a Twist Latest Episode Season 3, Episode 5 From Organ Donation to Drug Safety: The Power of HLA Read more About Science With a Twist is a podcast for curious people who enjoy exploring how science impacts our daily lives. From innovations in biopharma and diagnostics to technology that improves food safety and fuels advances in clean energy – it’s all thanks to science. In each episode, members of Thermo Fisher Scientific’s team talk to experts who are defining the next advances in science and technology that enable us to thrive. Subscribe Seasons Season 1 See all episodes Season 2 See all episodes Season 3 See all episodes",116,fetched,2026-08-11T03:18:34Z
15,Thermo Fisher,Press Releases,https://newsroom.thermofisher.com/newsroom/press-releases/default.aspx,Thermo Fisher - Newsroom / Newsroom / News,,2026-08-11T03:18:34Z,official_page,https://newsroom.thermofisher.com/newsroom/overview/default.aspx,official,12,https://newsroom.thermofisher.com/newsroom/overview/default.aspx,Newsroom - Press Releases | Newsroom | Thermo Fisher Scientific,10,fetched,2026-08-11T03:18:34Z
15,Thermo Fisher,In the News,https://newsroom.thermofisher.com/newsroom/in-the-news/default.aspx,Thermo Fisher - Newsroom / Newsroom / News,,2026-08-11T03:18:34Z,official_page,https://newsroom.thermofisher.com/newsroom/overview/default.aspx,official,12,https://newsroom.thermofisher.com/newsroom/overview/default.aspx,Newsroom - In the News | Newsroom | Thermo Fisher Scientific,11,fetched,2026-08-11T03:18:34Z
15,Thermo Fisher,Our Stories,https://corporate.thermofisher.com/us/en/index/newsroom/Our-stories.html,Thermo Fisher - Newsroom / Newsroom / News,,2026-08-11T03:18:34Z,official_page,https://newsroom.thermofisher.com/newsroom/overview/default.aspx,official,12,https://newsroom.thermofisher.com/newsroom/overview/default.aspx,Latest news The next phase of clinical research is intelligent and human-led Read more Our stories Proteomics in Action: When Cancer Comes Back Read more Scientists discover building blocks of life in ancient asteroid Read more Seeing the invisible threats in drinking water Read more Click to see more of our stories The largest study of its kind maps how genes alter blood proteins to drive disease Read more The hidden clues in blood and individual cells are coming into view Read more From algae crisis to action: How science is safeguarding water for 1.8 million people in Northern Ireland Read more Thermo Fisher Scientific Opens U.S. Flagship Bioprocess Design Center to Accelerate Innovation and Patient Impact Read more Thermo Fisher Scientific and Singapore’s PRECISE expand national bioban...,1182,fetched,2026-08-11T03:18:34Z
22,Boeing,Investor Sections,https://investors.boeing.com/investors/news/section=investorsections,Boeing - Investor News / Investor News,,2026-08-11T03:18:34Z,official_page,https://investors.boeing.com/investors/news/,official,12,https://investors.boeing.com/investors/news/,,,error,2026-08-11T03:18:34Z
27,Prodrive,18-02-2026 | Whitepaper Revolutionizing plasma power solutions for etching and deposition,https://prodrive-technologies.com/en/about-us/news/revolutionizing-plasma-power-solutions-for-etching-and-deposition/,Prodrive - News / Newsroom / News,,2026-08-11T03:18:34Z,official_page,https://prodrive-technologies.com/en/about-us/news/,official,12,https://prodrive-technologies.com/en/about-us/news/,"Skip to content 18-02-2026 | Whitepaper Revolutionizing plasma power solutions for etching and deposition The demand for more computing power is constantly increasing. As processors and computers become faster—critical for advancing artificial intelligence—integrated circuits (ICs) are being pushed to their limits. The semiconductor industry is currently operating at the 3 nm node in logic, but even smaller technologies are on the horizon, taking us into the Angstrom era. Future devices will require smaller critical dimensions (CD), the integration of new materials, and 3D device architectures, including the stacked gate-all-around (GAA) structure in logic and 3D-NAND devices in memory. Plasma etching and deposition will remain the primary method for pattern transfer of increasingly smalle...",184,fetched,2026-08-11T03:18:34Z
28,ASML,Share buyback,https://www.asml.com/en/news/share-buyback,ASML - ASML News / Newsroom / News,,2026-08-11T03:18:34Z,official_page,https://www.asml.com/en/news,official,12,https://www.asml.com/en/news,"Share buyback Sorry, we were not able to find a match Sign up for news alerts",16,fetched,2026-08-11T03:18:34Z
28,ASML,ASML media library,https://www.asml.com/en/news/media-library,ASML - ASML News / Newsroom / News,,2026-08-11T03:18:34Z,official_page,https://www.asml.com/en/news,official,12,https://www.asml.com/en/news,"Media library Images in our media library may only be used for editorial purposes and must be labeled “©ASML” wherever they're used. The materials provided here are subject to our&nbsp; terms of use . Using these materials for promotional or commercial purposes is not permitted. Board of Management Meet the executives on our Board of Management. Our technology Chipmakers use our lithography machines, metrology and inspection systems and computational lithography software to accurately print microchip patterns. Our locations Our global team is spread across sites around the world. Inside our cleanrooms See inside the ultraclean environment where we assemble our lithography systems and our metrology and inspection systems. Global headquarters Our headquarters in Veldhoven, the Netherlands, a...",134,fetched,2026-08-11T03:18:34Z
28,ASML,Sign up for ASML news alerts,https://www.asml.com/en/news/news-subscription,ASML - ASML News / Newsroom / News,,2026-08-11T03:18:34Z,official_page,https://www.asml.com/en/news,official,12,https://www.asml.com/en/news,Register for news alerts Enable third party cookies to view this form Below you can enable third party cookies. Your choice will be saved and the page will refresh. Disabled Enabled,31,fetched,2026-08-11T03:18:34Z
31,Norsk Hydro,Brand Center,https://www.hydro.com/en/global/media/brand-center/,Norsk Hydro - News Subscription / Investor News Subscription,,2026-08-11T03:18:34Z,official_page,https://www.hydro.com/en/global/investors/news-subscription/,official,12,https://www.hydro.com/en/global/investors/news-subscription/,"Brand Center Hydro’s visual identity has been designed to reflect who we are as a company and what we do, as well as to help us stand out in a highly competitive market. Our logotype, colors, typography, imagery and graphics have a big impact on the way our brand is perceived. It is a tool for bringing us together and for effectively communicating to a global audience. Logo Core elements Stationery Presentations Collateral Photography Illustrations & icons Digital Signage Exhibitions Clothing Vehicles Brands and products Names",86,fetched,2026-08-11T03:18:34Z
31,Norsk Hydro,Subscribe to news and press releases from Hydro,https://www.hydro.com/en/global/media/news/news-subscription/,Norsk Hydro - News / Newsroom / News,,2026-08-11T03:18:34Z,official_page,https://www.hydro.com/en/global/media/news/,official,12,https://www.hydro.com/en/global/media/news/,Subscribe to news and press releases Receive notifications on news and press releases from Hydro directly to your email inbox. Fill out the form and select the news categories and languages you want to receive notifications about.,37,fetched,2026-08-11T03:18:34Z
32,Vestas,Rules of Disclosure,https://www.vestas.com/en/investor/announcements/rules-of-disclosure,Vestas - Company News / Company News,,2026-08-11T03:18:34Z,official_page,https://www.vestas.com/en/media/company-news,official,12,https://www.vestas.com/en/media/company-news,"Rules of Disclosure Rul es of disclosure for Vestas Wind Systems A/S \r\n""}}"" id=""styledheading-da8ca1b1da"" class=""cmp-text""> Rul es of disclosure for Vestas Wind Systems A/S Being a listed company, we must make every attempt to give all stakeholders a true and fair view of Vestas. \r\n""}}"" id=""text-8acc381aa0"" class=""cmp-text""> Being a listed company, we must make every attempt to give all stakeholders a true and fair view of Vestas. As a listed company on Nasdaq Copenhagen, Vestas is obliged to ensure that everyone has equal access to essential information about the company that may significantly affect the price of the Vestas share. Information is provided through company announcements, e.g.: \r\n \r\n \r\n Annual and Interim Reports \r\n Announcements of&nbsp;firm and unconditional&nbs...",568,fetched,2026-08-11T03:18:34Z
32,Vestas,Wind Turbine Orders,https://www.vestas.com/en/investor/announcements/wind-turbines-orders,Vestas - Company News / Company News,,2026-08-11T03:18:34Z,official_page,https://www.vestas.com/en/media/company-news,official,12,https://www.vestas.com/en/media/company-news,"Wind turbine orders Announced wind turbine orders \r\n""}}"" id=""styledheading-a04bb2028c"" class=""cmp-text""> Announced wind turbine orders Below you will find an overview of announced wind turbine orders from the current year and more than five years back. \r\n Orders with a&nbsp;total capacity of 1.5 GW or more are disclosed as company announcements. Orders with a capacity below 1.5 GW may be published as news releases by the local business units. All announced orders will figure in the lists below, with a link to either a company announcement or a press release.&nbsp; \r\n &nbsp; \r\n &nbsp; \r\n &nbsp; \r\n""}}"" id=""text-77947da3ab"" class=""cmp-text""> Below you will find an overview of announced wind turbine orders from the current year and more than five years back. Orders with a total cap...",27908,fetched,2026-08-11T03:18:34Z
32,Vestas,Company News,https://www.vestas.com/en/media/company-news,Vestas - Company News / Company News,,2026-08-11T03:18:34Z,official_page,https://www.vestas.com/en/media/company-news,official,12,https://www.vestas.com/en/media/company-news,Energy Solutions Investor Media Careers About Sustainability,7,fetched,2026-08-11T03:18:34Z
32,Vestas,Press Office,https://www.vestas.com/en/media/press-office,Vestas - Company News / Company News,,2026-08-11T03:18:34Z,official_page,https://www.vestas.com/en/media/company-news,official,12,https://www.vestas.com/en/media/company-news,"News and Media Social media Company Announcements Media contacts at a corporate level \r\n""}}"" id=""styledheading-28aaf1fe52"" class=""cmp-text""> Media contacts at a corporate level Contacts below are for media enquiries only. \r\n For general requests please contact Vestas Headquarters at vestas@vestas.com or (+45) 97 30 00 00 \r\n""}}"" id=""text-6f240c368f"" class=""cmp-text""> Contacts below are for media enquiries only. For general requests please contact Vestas Headquarters at vestas@vestas.com or (+45) 97 30 00 00 Kristian Holmelund Jakobsen \r\n \r\n Press and Communications Officer \r\n Phone:&nbsp;+45 5221 1467 \r\n Email:&nbsp; krhja@vestas.com \r\n""}}"" id=""text-e6b9bd0b94"" class=""cmp-text""> Kristian Holmelund Jakobsen Press and Communications Officer Phone: +45 5221 1467 Email: krhja@ve...",619,fetched,2026-08-11T03:18:34Z
32,Vestas,Vestas Blog,https://www.vestas.com/en/media/blog,Vestas - Company News / Company News,,2026-08-11T03:18:34Z,official_page,https://www.vestas.com/en/media/company-news,official,12,https://www.vestas.com/en/media/company-news,"Explore sustainable solutions Welcome to Vestas Blog Discover media Company Announcements Welcome to Vestas Blog. Learn more about sustainability, technology, energy transition, markets or one of our other blog topics. Swipe below to explore and see all topics of the Vestas Blog. \r\n""}}"" id=""text-7b7aa92991"" class=""cmp-text""> Welcome to Vestas Blog. Learn more about sustainability, technology, energy transition, markets or one of our other blog topics. Swipe below to explore and see all topics of the Vestas Blog. Latest blog posts \r\n""}}"" id=""styledheading-52b9ae4c8a"" class=""cmp-text""> Latest blog posts Sustainability Blade circularity Technology Reducing wind energy production uncertainty Technology Boosting Wind Project ROI – lower WACC with high capacity factor turbines Subscribe to o...",261,fetched,2026-08-11T03:18:34Z
32,Vestas,Social Media,https://www.vestas.com/en/media/social-media,Vestas - Company News / Company News,,2026-08-11T03:18:34Z,official_page,https://www.vestas.com/en/media/company-news,official,12,https://www.vestas.com/en/media/company-news,"Media Vestas on Social Media News from Vestas Engage with us &nbsp;on our channels \r\n""}}"" id=""social-media"" class=""cmp-text""> Engage with us on our channels Learn more about the stories and people that make up the Vestas Journey. Become a fan by liking the page and engaging with our photos, post links, and videos. \r\n"",""xdm:linkURL"":""https://www.facebook.com/vestas""}}""> Become a fan on Facebook Learn more about the stories and people that make up the Vestas Journey. Become a fan by liking the page and engaging with our photos, post links, and videos. Connect with Vestas on LinkedIn and receive the latest updates, job openings and information about the work culture at Vestas. \r\n"",""xdm:linkURL"":""http://www.linkedin.com/company/vestas""}}""> Let's connect on LinkedIn Connect with Vestas on...",540,fetched,2026-08-11T03:18:34Z
34,Infineon,Infineon Ad hoc news,https://www.infineon.com/about/investor/news/ad-hoc,Infineon - Investor News / Investor News,,2026-08-11T03:18:34Z,official_page,https://www.infineon.com/about/investor/news,official,12,https://www.infineon.com/about/investor/news,"English Deutsch Login Register Close { ""default"" : { ""title"" : ""Login or register"", ""description"" : ""Please log in with an existing account or create a new one."" }, ""bookmark"" : { ""title"" : ""Save your favorite pages in one place!"", ""description"" : ""Log in or create a myInfineon account to bookmark this page and access it anytime from your dashboard. "" }, ""gated_document"" : { ""title"" : ""Unlock unlimited access to valuable documents!"", ""description"" : ""Log in or sign up to download this document and enjoy unlimited access to valuable resources."" }, ""gated_video"" : { ""title"" : ""Access exclusive videos!"", ""description"" : ""Log in or create a myInfineon account to watch this video and explore more video content and downloads. Don’t miss out—register now!"" }, ""event_registration"" : { ""title"" : ""R...",506,fetched,2026-08-11T03:18:34Z
39,BASF,Sign up to our news services,https://www.basf.com/global/en/media/services,BASF - Media / Newsroom / Media,,2026-08-11T03:18:34Z,official_page,https://www.basf.com/global/en/media,official,12,https://www.basf.com/global/en/media,"Home Media Services Media Services In this area you can sign up to our news services via e-mail, subscribe to our Sustainability News and&nbsp; Creating Chemistry magazine and look up specific terms in our BASF Glossary. E-mail newsletter Register here Sustainability News Register for our regular newsletter Creating Chemistry magazine Subscribe to the magazine here Glossary Find out more TOP",60,fetched,2026-08-11T03:18:34Z
40,Evonik Industries,News,https://www.evonik.com/en/media/press-releases.html,Evonik Industries - Media / Newsroom / Media,,2026-08-11T03:18:34Z,official_page,https://www.evonik.com/en/media.html,official,12,https://www.evonik.com/en/media.html,"SHARE News Menu Our Products Products maxLevel"" @click.prevent=""handleMenuBackButton()"" aria-label=""Back"" class=""bg-color-white size-028 flex justify-center items-center shrink-0 hover:bg-color-primary hover:text-color-secondary""> index + 2}""> index + 1 ? '...' : activeMenu.dataset.submenuTitle"" class=""inline"" :class=""{'font-medium': index == visibleMenus.length - 1}""> 0""> Fetching modal content...",38,fetched,2026-08-11T03:18:34Z
40,Evonik Industries,Social Media,https://www.evonik.com/en/media/social-media.html,Evonik Industries - Media / Newsroom / Media,,2026-08-11T03:18:34Z,official_page,https://www.evonik.com/en/media.html,official,12,https://www.evonik.com/en/media.html,"SHARE Social Media Menu Our Products Products maxLevel"" @click.prevent=""handleMenuBackButton()"" aria-label=""Back"" class=""bg-color-white size-028 flex justify-center items-center shrink-0 hover:bg-color-primary hover:text-color-secondary""> index + 2}""> index + 1 ? '...' : activeMenu.dataset.submenuTitle"" class=""inline"" :class=""{'font-medium': index == visibleMenus.length - 1}""> As colorful and diverse as the world of Evonik are the Social Media Channels of the company. Follow us - on LinkedIn, Instagram, YouTube, Facebook and TikTok. More than four billion people worldwide use various social media channels to share, connect and get information quickly. At Evonik, we use social media to tell our story, share information quickly and position ourselves as a global leader in specialty chemicals...",372,fetched,2026-08-11T03:18:34Z
43,EMM(Umicore),(opens in new tab),https://www.umicore.com/en/media/newsroom/currentAnnouncement.cta.url,EMM(Umicore) - Umicore Newsroom / Newsroom / News,,2026-08-11T03:18:34Z,official_page,https://www.umicore.com/en/media/newsroom/,official,12,https://www.umicore.com/en/media/newsroom/,,,error,2026-08-11T03:18:34Z
43,EMM(Umicore),Video center,https://www.umicore.com/en/media/video-center/,EMM(Umicore) - Umicore Newsroom / Newsroom / News,,2026-08-11T03:18:34Z,official_page,https://www.umicore.com/en/media/newsroom/,official,12,https://www.umicore.com/en/media/newsroom/,"What we do What we do Play (fadeHelper = true))"" > Close This embed has been blocked because you didn't accept functionality cookies. Change your cookie settings. Our Business Model Play (fadeHelper = true))"" > Close This embed has been blocked because you didn't accept functionality cookies. Change your cookie settings. We are the core Play (fadeHelper = true))"" > Close This embed has been blocked because you didn't accept functionality cookies. Change your cookie settings. Umicore at the core of everyday life Play (fadeHelper = true))"" > Close This embed has been blocked because you didn't accept functionality cookies. Change your cookie settings. Specialty Materials Play (fadeHelper = true))"" > Close This embed has been blocked because you didn't accept functionality cookies. Change you...",1526,fetched,2026-08-11T03:18:34Z
43,EMM(Umicore),Media gallery,https://www.umicore.com/en/media/media-gallery/,EMM(Umicore) - Umicore Newsroom / Newsroom / News,,2026-08-11T03:18:34Z,official_page,https://www.umicore.com/en/media/newsroom/,official,12,https://www.umicore.com/en/media/newsroom/,"General downloads menu High resolution - 1500x503 - 300dpi Low resolution - 360x121 - 72dpi Umicore Group logo downloads menu High resolution - 3000x2000 - 300dpi Low resolution - 720x480 - 72dpi Umicore Precious Metals Refining main office building in Hoboken, Belgium downloads menu High resolution - 3000x2000 - 300dpi Low resolution - 720x480 - 72dpi Umicore signage downloads menu High resolution - 3000x2000 - 300dpi Low resolution - 720x480 - 72dpi Umicore signage in Cheonan, Korea downloads menu High resolution - 3000x2000 - 300 dpi Low resolution - 720x480 - 72dpi Water treatment installation in Umicore Olen, Belgium downloads menu High resolution - 3000x2000 - 300 dpi Low resolution - 720x480 - 72dpi People at work in Umicore Hoboken, Belgium Previous slide Next slide Battery Materia...",589,fetched,2026-08-11T03:18:34Z
43,EMM(Umicore),Capital Markets Day 2025,https://www.umicore.com/en/investor-relations/capital-markets-events/capital-markets-day-2025/,EMM(Umicore) - Umicore Newsroom / Newsroom / News,,2026-08-11T03:18:34Z,official_page,https://www.umicore.com/en/media/newsroom/,official,12,https://www.umicore.com/en/media/newsroom/,"Umicore unveils roadmap to 2028 On March 27th 2025, Umicore CEO Bart Sap and the Executive Leadership Team shared the key outcomes of the Battery Materials strategy review and Umicore’s roadmap to 2028. Focus is redirected on reinforcing our leadership in the foundation businesses and further unlocking their strong cash generation potential, while setting up Battery Cathode Materials for value recovery. Discover our 2028 Roadmap All presentations = 1, }"" > = 1) { this.active = [] } this.active.push(this.identifier) } else { this.active = this.active.filter( (expanded) => expanded !== this.identifier, ) } }, toggle() { this.expanded = ! this.expanded }, }"" x-key=""identifier"" :id=""identifier"" role=""region"" :class=""{ 'z-1': expanded, 'bg-transparent py-0 -z-0': !expanded, 'bg-white': expanded...",1080,fetched,2026-08-11T03:18:34Z
44,Umicore,(opens in new tab),https://www.umicore.com/en/media/newsroom/currentAnnouncement.cta.url,Umicore - Newsroom / Newsroom / News,,2026-08-11T03:18:34Z,official_page,https://www.umicore.com/en/media/newsroom/,official,12,https://www.umicore.com/en/media/newsroom/,,,error,2026-08-11T03:18:34Z
44,Umicore,Video center,https://www.umicore.com/en/media/video-center/,Umicore - Newsroom / Newsroom / News,,2026-08-11T03:18:34Z,official_page,https://www.umicore.com/en/media/newsroom/,official,12,https://www.umicore.com/en/media/newsroom/,"What we do What we do Play (fadeHelper = true))"" > Close This embed has been blocked because you didn't accept functionality cookies. Change your cookie settings. Our Business Model Play (fadeHelper = true))"" > Close This embed has been blocked because you didn't accept functionality cookies. Change your cookie settings. We are the core Play (fadeHelper = true))"" > Close This embed has been blocked because you didn't accept functionality cookies. Change your cookie settings. Umicore at the core of everyday life Play (fadeHelper = true))"" > Close This embed has been blocked because you didn't accept functionality cookies. Change your cookie settings. Specialty Materials Play (fadeHelper = true))"" > Close This embed has been blocked because you didn't accept functionality cookies. Change you...",1526,fetched,2026-08-11T03:18:34Z
44,Umicore,Media gallery,https://www.umicore.com/en/media/media-gallery/,Umicore - Newsroom / Newsroom / News,,2026-08-11T03:18:34Z,official_page,https://www.umicore.com/en/media/newsroom/,official,12,https://www.umicore.com/en/media/newsroom/,"General downloads menu High resolution - 1500x503 - 300dpi Low resolution - 360x121 - 72dpi Umicore Group logo downloads menu High resolution - 3000x2000 - 300dpi Low resolution - 720x480 - 72dpi Umicore Precious Metals Refining main office building in Hoboken, Belgium downloads menu High resolution - 3000x2000 - 300dpi Low resolution - 720x480 - 72dpi Umicore signage downloads menu High resolution - 3000x2000 - 300dpi Low resolution - 720x480 - 72dpi Umicore signage in Cheonan, Korea downloads menu High resolution - 3000x2000 - 300 dpi Low resolution - 720x480 - 72dpi Water treatment installation in Umicore Olen, Belgium downloads menu High resolution - 3000x2000 - 300 dpi Low resolution - 720x480 - 72dpi People at work in Umicore Hoboken, Belgium Previous slide Next slide Battery Materia...",589,fetched,2026-08-11T03:18:34Z
44,Umicore,Capital Markets Day 2025,https://www.umicore.com/en/investor-relations/capital-markets-events/capital-markets-day-2025/,Umicore - Newsroom / Newsroom / News,,2026-08-11T03:18:34Z,official_page,https://www.umicore.com/en/media/newsroom/,official,12,https://www.umicore.com/en/media/newsroom/,"Umicore unveils roadmap to 2028 On March 27th 2025, Umicore CEO Bart Sap and the Executive Leadership Team shared the key outcomes of the Battery Materials strategy review and Umicore’s roadmap to 2028. Focus is redirected on reinforcing our leadership in the foundation businesses and further unlocking their strong cash generation potential, while setting up Battery Cathode Materials for value recovery. Discover our 2028 Roadmap All presentations = 1, }"" > = 1) { this.active = [] } this.active.push(this.identifier) } else { this.active = this.active.filter( (expanded) => expanded !== this.identifier, ) } }, toggle() { this.expanded = ! this.expanded }, }"" x-key=""identifier"" :id=""identifier"" role=""region"" :class=""{ 'z-1': expanded, 'bg-transparent py-0 -z-0': !expanded, 'bg-white': expanded...",1080,fetched,2026-08-11T03:18:34Z
45,Solvay,ARE YOU HUMAN,https://www.solvay.com/en/newsroom/news-and-press-releases,Solvay - Newsroom / Newsroom / News,,2026-08-11T03:18:34Z,official_page,https://www.solvay.com/en/newsroom,official,12,https://www.solvay.com/en/newsroom,ARE YOU HUMAN,3,fetched,2026-08-11T03:18:34Z
45,Solvay,ARE YOU HUMAN,https://www.solvay.com/en/newsroom/stories,Solvay - Newsroom / Newsroom / News,,2026-08-11T03:18:34Z,official_page,https://www.solvay.com/en/newsroom,official,12,https://www.solvay.com/en/newsroom,ARE YOU HUMAN,3,fetched,2026-08-11T03:18:34Z
45,Solvay,Media contacts & resources,https://www.solvay.com/en/newsroom/media-resources,Solvay - Newsroom / Newsroom / News,,2026-08-11T03:18:34Z,official_page,https://www.solvay.com/en/newsroom,official,12,https://www.solvay.com/en/newsroom,Skip to main content Media contacts & resources Overview News Blog Media contacts & resources Table of content All you need to write your piece is here You will find here Solvay press and media kits related to press conferences as well as corporate publications to better understand what Solvay is all about.&nbsp;A media library is also available where you can download photos to complement your story. Contacts Peter Boelaert External Communication Director Tel +32 479 30 91 59 Send an email Laetitia Van Minnenbruggen Media relations manager Tel +32 484 65 30 47 Send an email Press kits Financial Download Earnings documentation Partial demerger Visit the dedicated section Solvay logo Download Solvay logo and tagline Publications Annual reports Access to current and past Annual Reports Solvay...,258,fetched,2026-08-11T03:18:34Z
49,Maxon,New Chair of the Board of Directors and stable fiscal year at maxon,https://www.maxongroup.com/en/news-and-events/news/new-chair-of-the-board-of-directors-and-stable-fiscal-year-at-maxon-301688,Maxon - News / Newsroom / News,,2026-08-11T03:18:34Z,official_page,https://www.maxongroup.com/en/news-and-events/news,official,12,https://www.maxongroup.com/en/news-and-events/news,"Back Contact Media Release 06/24/2026 New Chair of the Board of Directors and stable fiscal year at maxon Dr. Karl-Walter Braun and Dr. Bianca Braun Download Contact us Share current page The Braun family that owns the maxon Group is undergoing a generational change. Dr. Karl-Walter Braun will remain on the Board of Directors, but will relinquish the chairmanship. His daughter Dr. Bianca Braun is now taking over. Those who work at maxon often remain loyal to the company for many years. The average length of service in the Swiss maxon companies is just over nine years. The main shareholder of the maxon Group, Dr. Karl-Walter Braun, also contributes to this cut: He officially joined the company in 1977 and will be able to celebrate his 49th year of service in 2026; last year he also celebrat...",1079,fetched,2026-08-11T03:18:34Z
49,Maxon,The completely revised maxon catalog 2026/2027 has been released,https://www.maxongroup.com/en/news-and-events/news/the-completely-revised-maxon-catalog-2026-2027-has-been-released-295714,Maxon - News / Newsroom / News,,2026-08-11T03:18:34Z,official_page,https://www.maxongroup.com/en/news-and-events/news,official,12,https://www.maxongroup.com/en/news-and-events/news,"Back Contact 04/23/2026 The completely revised maxon catalog 2026/2027 has been released Download Contact us Share current page The completely revised maxon catalog 2026/2027 has been released maxon has fundamentally revised its catalog. The new structure is designed to make access to products and applications easier while providing a clearer overview of the company, its markets, and its technological capabilities. The maxon Catalog 2026/2027 has been completely reconceived. As part of a targeted portfolio streamlining, redundancies were minimized and complexity reduced. The revised structure of the product categories now features clearly organized introductory pages that enable a quick entry into each portfolio segment. This is complemented by a new “Welcome” section that positions maxon...",408,fetched,2026-08-11T03:18:34Z
49,Maxon,"maxon at Hannover Messe 2026: Robotics drives, latest portfolio additions, and functional safety",https://www.maxongroup.com/en/news-and-events/news/maxon-at-hannover-messe-2026-robotics-drives-latest-portfolio-additions-and-functional-safety-293536,Maxon - News / Newsroom / News,,2026-08-11T03:18:34Z,official_page,https://www.maxongroup.com/en/news-and-events/news,official,12,https://www.maxongroup.com/en/news-and-events/news,"Back Contact Media Release 04/09/2026 maxon at Hannover Messe 2026: Robotics drives, latest portfolio additions, and functional safety Download Contact us Share current page At Hannover Messe 2026, maxon will present itself with an updated trade fair appearance. From April 20 to 24, the maxon Germany team will showcase the latest highlights from our product portfolio. At Hannover Messe, maxon traditionally introduces its latest portfolio additions. Here is what visitors can expect at our booth: Robotics solutions: maxon’s High Efficiency Joints (HEJ) bring motion to robotics. They enable humanoid robots to operate in unstructured environments and are also suitable for industrial applications. At Hannover Messe, we will present the proven High Efficiency Joint 90, as well as the new, smalle...",507,fetched,2026-08-11T03:18:34Z
49,Maxon,"maxon at the SPS 2025: New drive solutions for robotics, automation and mobility",https://www.maxongroup.com/en/news-and-events/news/maxon-at-the-sps-2025-new-drive-solutions-for-robotics-automation-and-mobility-287846,Maxon - News / Newsroom / News,,2026-08-11T03:18:34Z,official_page,https://www.maxongroup.com/en/news-and-events/news,official,12,https://www.maxongroup.com/en/news-and-events/news,"Back Contact 11/12/2025 maxon at the SPS 2025: New drive solutions for robotics, automation and mobility Strain wave gearhead Download Contact us Share current page At the SPS trade fair from November 25 to 27, 2025, maxon will present a wide range of new products. From highly integrated robotic actuators to powerful servo drives and controllers: a diverse technology portfolio awaits visitors at the maxon booth in Hall 3, Stand 468. One focus at the maxon booth will be the further developed robotics solutions, in particular the High Efficiency Joints (HEJ). These compact, highly integrated quasi-direct drive (QDD) actuators combine motor, gearhead, sensors, and electronics in a single, robust housing. Following the successful launch of the HEJ 90 (140 Nm), the HEJ 70 with 62 Nm torque now...",657,fetched,2026-08-11T03:18:34Z
49,Maxon,maxon acquires strategic minority stake in Synapticon,https://www.maxongroup.com/en/news-and-events/news/maxon-acquires-strategic-minority-stake-in-synapticon-285238,Maxon - News / Newsroom / News,,2026-08-11T03:18:34Z,official_page,https://www.maxongroup.com/en/news-and-events/news,official,12,https://www.maxongroup.com/en/news-and-events/news,"Back Contact Media Release 07/15/2025 maxon acquires strategic minority stake in Synapticon The Synapticon Headquarter in Schönaich near Stuttgart, Germany Download Contact us Share current page The Swiss maxon Group is expanding its expertise in the field of motion control through a strategic partnership with the German company Synapticon. The goal of the collaboration is the joint development of high-performance drive solutions with integrated functional safety, based on optimally combined components from both companies. As part of this partnership, the maxon Group has acquired a minority stake in Synapticon. The company, based in Baden-Württemberg, Germany, is a leading provider of intelligent motion control solutions with integrated, certified safety functions. Together, the partners a...",610,fetched,2026-08-11T03:18:34Z
49,Maxon,maxon achieves a respectable result with CHF 594.7 million revenue despite challenging conditions,https://www.maxongroup.com/en/news-and-events/news/maxon-achieves-a-respectable-result-with-chf-594-7-million-revenue-despite-challenging-conditions-283946,Maxon - News / Newsroom / News,,2026-08-11T03:18:34Z,official_page,https://www.maxongroup.com/en/news-and-events/news,official,12,https://www.maxongroup.com/en/news-and-events/news,"Back Contact Media Release 06/25/2025 maxon achieves a respectable result with CHF 594.7 million revenue despite challenging conditions Eugen Elmiger (left) und Karl-Walter Braun (right). Download Contact us Share current page For the second consecutive year, the maxon Group reports a decline in revenue. However, thanks to proactive measures, the company considers the 2024 revenue of CHF 594.7 million a satisfactory result under the circumstances. Investments in research and development declined slightly but remain almost stable at 8 percent in percentage terms. The increasing demand for integrated mechatronic systems is evident in the portfolio. maxon is therefore making significant investments in these product platforms. The maxon Group looks back on a challenging 2024 fiscal year. Reven...",832,fetched,2026-08-11T03:18:34Z
55,EVG,05.05.2026 Xanadu and EV Group partner to build industrial-scale photonic quantum hardware Read more,https://www.evgroup.com/company/news/detail/xanadu-and-ev-group-partner-to-build-industrial-scale-photonic-quantum-hardware,EVG - Press Center / News / Newsroom / News,,2026-08-11T03:18:34Z,official_page,https://www.evgroup.com/company/news,official,12,https://www.evgroup.com/company/news,"EN English (EN) Choose your language EN English (EN) Deutsch (DE) 日本語 (JA) 中文 (ZH) Services Contact EV Group Company News Xanadu and EV Group partner to build industrial-scale photonic quantum hardware Xanadu team visits EV Group's headquarters in Austria. From left to right: Joe Battaglia, Strategic Account Manager North America, EV Group; Hermann Waltl, Executive Sales and Customer Support Director, EV Group; Oliver Herrmann, Engineering Manager - Process Integration, Xanadu; Ron Then, Sr. Process De-velopment Engineer, Xanadu; Dave Kirsch, Vice President & General Manager North America, EV Group; Dr. Thomas Uhrmann, Vice President of Sales, EV Group Toronto, ON |&nbsp;May 5th, 2026 /CNW/ --&nbsp;Xanadu Quantum Technologies Ltd. (“ Xanadu ”; NASDAQ/TSX: XNDU), a leading photonic quantum...",1607,fetched,2026-08-11T03:18:34Z
62,Arkema,News Investor relations,https://www.arkema.com/global/en/investor-relations/news/,Arkema - Financial News / Financial News,,2026-08-11T03:18:34Z,official_page,https://www.arkema.com/global/en/investor-relations/news/,official,12,https://www.arkema.com/global/en/investor-relations/news/,"Go to content Go to navigation Go to search News Investor relations Are you looking for a News?&nbsp; Back to Investors Filter by No result, please try with other keyword(s) Suggestions : Make sure you have correctly entered the keyword(s) Searching is unavailable at this time. Please try again later. Top Share this page",54,fetched,2026-08-11T03:18:34Z
62,Arkema,Press releases and news,https://www.arkema.com/global/en/media/newsroom/,Arkema - Financial News / Financial News,,2026-08-11T03:18:34Z,official_page,https://www.arkema.com/global/en/investor-relations/news/,official,12,https://www.arkema.com/global/en/investor-relations/news/,"Go to content Go to navigation Go to search latest-news Our latest press releases and&nbsp;news Second-quarter 2026 results In a quarter marked by the conflict in the Middle East, Arkema delivered a robust performance with ... Read more 2026 results ""> investor relations.jpg Arkema successfully started up its 15% PVDF capacity expansion in North America This capacity expansion in Calvert City, Kentucky, strengthens the Group’s leadership in ... Read more 15% PVDF capacity expansion in North America""> calvert-city-pvdf-expansion.jpg Arkema showcases innovative materials at the Battery Show Europe 2026 Arkema, a global leader in specialty materials, will showcase its unique portfolio of solutions and ... Read more Battery Show Europe 2026 ""> Thumbnail 4.3 - battery show.jpg Evolution of Arke...",308,fetched,2026-08-11T03:18:34Z
62,Arkema,Shows,https://www.arkema.com/global/en/media/shows/,Arkema - Financial News / Financial News,,2026-08-11T03:18:34Z,official_page,https://www.arkema.com/global/en/investor-relations/news/,official,12,https://www.arkema.com/global/en/investor-relations/news/,"Go to content Go to navigation Go to search Shows Filter by No result, please try with other keyword(s) Suggestions : Make sure you have correctly entered the keyword(s) Searching is unavailable at this time. Please try again later. Top Share this page",43,fetched,2026-08-11T03:18:34Z
68,JSR,06/01/2026 Information JSR Corporate Website Launches New Web Pages Offering Clear Explanations of Our Businesses,https://www.jsr.co.jp/jsr_e/news/2026/20260601.html,JSR - 2026 News / Newsroom / News,,2026-08-11T03:18:34Z,official_page,https://www.jsr.co.jp/jsr_e/news/2026/,official,12,https://www.jsr.co.jp/jsr_e/news/2026/,"HOME News 2026 JSR Corporate Website Launches New Web Pages Offering Clear Explanations of Our Businesses JSR Corporate Website Launches New Web Pages Offering Clear Explanations of Our Businesses 06/01/2026 Information JSR Corporation (Head Office: Minato-ku, Tokyo; Representative Director, CEO, and President: Tetsurou Hori; hereinafter “JSR”) has launched new web pages to provide a more accessible introduction to its businesses. We are executing our mid-term plan with three growth drivers: Electronic Materials, Display Solution, and Optical Solution. The newly released pages use photos and illustrations to show how products from these businesses are used in everyday life and their potential to deliver value to society. Highlights of each page are as follows. 1. How semiconductors are mad...",294,fetched,2026-08-11T03:18:34Z
74,Asahi Kasei,/content/asahi-kasei/us/en/fragments/news/news-fiscal-year,https://www.asahi-kasei.com/fragments/news/news-fiscal-year,Asahi Kasei - 2026 News / News Archive,,2026-08-11T03:18:34Z,official_page,https://www.asahi-kasei.com/news/2026,official,12,https://www.asahi-kasei.com/news/2026,button 4 /content/asahi-kasei/us/en/news/2025 2025 /content/asahi-kasei/us/en/news/2024 2024 /content/asahi-kasei/us/en/news/2023 2023 /content/asahi-kasei/us/en/news/2022 2022 /content/asahi-kasei/us/en/news/2015-2021 2021 - 2015 https://www.asahi-kasei.co.jp/asahi/en/news/2014/ 2014 and earlier border false backgroundColor light-blue width full imagePosition left imageCaption false bottomSpacing false buttonPosition center,32,fetched,2026-08-11T03:18:34Z
75,Toray,Special Feature / Topics,https://www.toray.com/news/topics/,Toray - Newsroom / Newsroom / News,,2026-08-11T03:18:34Z,official_page,https://www.toray.com/news/,official,12,https://www.toray.com/news/,"TORAY 100th ANNIVERSARY COMMEMORATIVE FILM ""A RAY OF LIGHT"" & ""A Century of History""",14,fetched,2026-08-11T03:18:34Z
13,BorgWarner,Event Calendar,https://www.borgwarner.com/newsroom/event-calendar,BorgWarner - Investors / Investor Relations,2026-08-10T15:00:00Z,2026-08-11T03:18:34Z,official_page,https://www.borgwarner.com/investors/,official,15,https://www.borgwarner.com/investors/,"Skip to main content Event Calendar Country/Area All Brazil Germany United States Year 2026 KEY EVENT 11 August Lat.Bus São Paulo Expo – Exhibition & Convention Center São Paulo, Brazil Add to calendar Event Website UPCOMING EVENTS Aug 11, 2026 - Aug 13, 2026 Lat.Bus São Paulo Expo – Exhibition & Convention Center São Paulo, Brazil Add to calendar Event Website Sep 14, 2026 - Sep 20, 2026 IAA Transportation Hannover Messe Hall 12, Booth C65 Hannover, Germany Add to calendar Event Website Oct 13, 2026 - Oct 15, 2026 The Battery Show North America Huntington Place Booth 3622 Detroit, Michigan United States Add to calendar Event Website Oct 13, 2026 - Oct 15, 2026 Chillventa NürnbergMesse Nuremberg, Germany Add to calendar Event Website Oct 27, 2026 - Oct 29, 2026 International Suppliers Fair...",169,fetched,2026-08-11T03:18:34Z
24,Ouster,"Oppenheimer 29th Annual Technology, Internet & Communications Conference",https://investors.ouster.com/events/event-details/oppenheimer-29th-annual-technology-internet-communications-conference,Ouster - Investor Relations / Investor Relations,2026-08-10T15:00:00Z,2026-08-11T03:18:34Z,official_page,https://investors.ouster.com/,official,15,https://investors.ouster.com/,"Skip to main navigation Ouster acquires StereoLabs. Learn More Oppenheimer 29th Annual Technology, Internet & Communications Conference August 11, 2026 Webcast Add to Outlook Add to Google Calendar Search Investors",30,fetched,2026-08-11T03:18:34Z
75,Toray,Investor E-mail Alerts,https://www.toray.com/ir/mail/,Toray - Investor Relations / Investor Relations,2026-08-09T15:00:00Z,2026-08-11T03:18:34Z,official_page,https://www.toray.com/ir/,official,15,https://www.toray.com/ir/,"Jump to Global menu Jump to Local menu Jump to main content HOME Investor Relations Investor E-mail Alerts Investor E-mail Alerts To receive notifications about Toray Industries, Inc. timely disclosures and other investor relations related information, please registrer your e-mail address by clicking on the ""Subscribe"" button below. *This service is provided by Magical Pocket Corporation. Toray Industries, Inc. will assume no responsibility for any damages resulting from the use of this service. To change your registered e-mail address, please unscribe by clicking on the ""Unsuscribe"" button first, then register a new e-mail address. Subscribe Unsuscribe",96,fetched,2026-08-11T03:18:34Z
24,Ouster,Ouster Q2 2026 Earnings Call,https://investors.ouster.com/events/event-details/ouster-q2-2026-earnings-call,Ouster - Investor Relations / Investor Relations,2026-08-05T15:00:00Z,2026-08-11T03:18:34Z,official_page,https://investors.ouster.com/,official,15,https://investors.ouster.com/,"Skip to main navigation Ouster acquires StereoLabs. Learn More Ouster Q2 2026 Earnings Call August 6, 2026 5:00 PM EDT Webcast Add to Outlook Add to Google Calendar Supporting Materials Q2 2026 Earnings Presentation Search Investors",36,fetched,2026-08-11T03:18:34Z
50,Siemens-Gamesa,Q3 FY26 Earnings Release and Financial Results,https://assets.siemens-energy.com/dam/30018eed-275d-4e73-811e-b49d004cdc3d/2026-08-05-Earnings_Release_Q3_FY26_EN-pdf_Original%20file.pdf,Siemens-Gamesa - Siemens Energy Investor Relations / Investor Relations,2026-08-05T00:00:00Z,2026-08-11T03:18:34Z,official_page,https://www.siemens-energy.com/global/en/home/investor-relations.html,official,15,https://www.siemens-energy.com/global/en/home/investor-relations.html,,,skipped_non_html,
50,Siemens-Gamesa,Q3 FY26 Presentation Analyst Call,https://assets.siemens-energy.com/dam/3e846440-66dd-4a56-be75-b49d004e6741/2026-08-05_Q3_Analyst_presentation-pdf_Original%20file.pdf,Siemens-Gamesa - Siemens Energy Investor Relations / Investor Relations,2026-08-05T00:00:00Z,2026-08-11T03:18:34Z,official_page,https://www.siemens-energy.com/global/en/home/investor-relations.html,official,15,https://www.siemens-energy.com/global/en/home/investor-relations.html,,,skipped_non_html,
12,Chemours,Second Quarter 2026 Earnings Webcast Conference Call,https://investors.chemours.com/events/event-details/second-quarter-2026-earnings-webcast-conference-call,Chemours - Investor Relations / Investor Relations,2026-08-04T15:00:00Z,2026-08-11T03:18:34Z,official_page,https://investors.chemours.com/,official,15,https://investors.chemours.com/,"Skip to main navigation Second Quarter 2026 Earnings Webcast Conference Call August 5, 2026 8:00 AM EDT Webcast Supporting Materials Press Release Presentation Transcript Search Investors",26,fetched,2026-08-11T03:18:34Z
20,Eli Lilly and Company,"Lilly reports second-quarter 2026 financial results, raises full-year guidance, and highlights continued growth and pipeline progress",https://investor.lilly.com/news-releases/news-release-details/lilly-reports-second-quarter-2026-financial-results-raises-full,Eli Lilly and Company - Investor Relations / Investor Relations,2026-08-04T15:00:00Z,2026-08-11T03:18:34Z,official_page,https://investor.lilly.com/investor-relations,official,15,https://investor.lilly.com/investor-relations,"Skip to main content Search Lilly.com For Content... News Release Lilly reports second-quarter 2026 financial results, raises full-year guidance, and highlights continued growth and pipeline progress August 5, 2026 PDF Version Revenue in Q2 2026 increased 48% to $23.0 billion driven primarily by Mounjaro and Zepbound volume. Q2 2026 EPS increased by 26% to $7.94 on a reported basis and increased by 33% to $8.38 on a non-GAAP basis. Q2 2026 reported and non-GAAP EPS included $3.03 of acquired IPR&D charges compared to $0.14 in Q2 2025. Increased 2026 full-year revenue guidance to be in the range of $85.0 billion to $87.0 billion and raised underlying non-GAAP EPS guidance for the full year by $2.78 at the midpoint, which was more than offset by $3.03 of acquired IPR&D charges from Q2 busine...",4261,fetched,2026-08-11T03:18:34Z
1,Australian Strategic Metals,04 Aug 2026 Diggers & Dealers Mining Forum 2026 Presentation,https://wcsecure.weblink.com.au/clients/australianstrategicmaterials/headline.aspx?headlineid=61337129,Australian Strategic Metals - Investor Centre / Investor Relations,2026-08-03T15:00:00Z,2026-08-11T03:18:34Z,official_page,https://asm-au.com/investors/,official,15,https://asm-au.com/investors/,"%PDF-1.6 %���� 1119 0 obj > endobj 1132 0 obj >/Filter/FlateDecode/ID[ ]/Index[1119 28]/Info 1118 0 R/Length 82/Prev 2392639/Root 1120 0 R/Size 1147/Type/XRef/W[1 3 1]>>stream h�bbd```b``� ""_�H�ɚ""9���`�80�""���$�l�^] i�$�W�2012��� ͣ���o��  R~ , endstream endobj startxref 0 %%EOF 1146 0 obj >stream h�b```�� � �6 �  ��ea��8���h��� I�N5��S��N�ٷ�eU�11�""Ww�I!9/V�L�```���3g�����̄�����J�YK��X��Y��Y}�S�z�^� ��s�ͺtP&|�Ʌr����;��a��Kڼ\(�����~s��q|�9��r�%uK�:��8 �{ �6pN`-xqd�16_̲�I- ��U_w�v��h`W�z�I�*�N�A�@�h$MaPQ]2���� HOeP�\�9ãr�J� D�@� �[ endstream endobj 1120 0 obj >/Metadata 158 0 R/OCProperties >/OCGs[1133 0 R]>>/Outlines 249 0 R/PageLayout/SinglePage/Pages 1114 0 R/StructTreeRoot 286 0 R/Type/Catalog>> endobj 1121 0 obj >/Font >/Properties >/Shading...",34209,fetched,2026-08-11T03:18:34Z
40,Evonik Industries,"August 04, 2026 Investor Relations Evonik reports strong second quarter Essen, Germany. As announced on June 26, Evonik delivered strong earnings in the second quarter. The ongoing conflict in the Middle East caused supply chain bottlenecks, mainly outside Europe, resulting in an economic windfall.",https://www.evonik.com/en/news/press-releases/2026/08/q2-2026.html?owner=evonik%3Aorganization%2FF%2FF-IR&type=evonik%3Anews-type%2Fpress-release---ir-news%2Finvestor-relations-news,Evonik Industries - Investor Relations / Investor Relations,2026-08-03T15:00:00Z,2026-08-11T03:18:34Z,official_page,https://www.evonik.com/en/investor-relations.html,official,15,https://www.evonik.com/en/investor-relations.html,"SHARE Investor Relations News Back Our Products Products August 04, 2026 Evonik reports strong second quarter Adjusted EBITDA rises to €630 million in the second quarter Higher volumes and selling prices due to supply chain bottlenecks outside of Europe Outlook 2026: €2.0 billion to €2.2 billion adjusted EBITDA Essen, Germany . As announced on June 26, Evonik delivered strong earnings in the second quarter. The ongoing conflict in the Middle East caused supply chain bottlenecks, mainly outside Europe, resulting in an economic windfall. In the second quarter, adjusted EBITDA rose by 24 percent to €630 million. In June, the company had forecast adjusted EBITDA in the range between €600 million and €650 million and significantly raised its guidance for fiscal 2026. Evonik now expects adjusted...",923,fetched,2026-08-11T03:18:34Z
67,Asahi Glass,Semiconductor-Related Business Briefing Session,https://www.agc.com/en/ir/library/bizbriefing/index.html,Asahi Glass - Investor Relations / Investor Relations,2026-08-03T15:00:00Z,2026-08-11T03:18:34Z,official_page,https://www.agc.com/en/ir/,official,15,https://www.agc.com/en/ir/,"Presentations of Business Briefings Presentation materials of analyst meetings Semiconductor-Related Business Briefing Session June 2, 2026 Semiconductor-Related Business Briefing Session Transcript Q&A Session on Life Science Business September 29, 2025 Q&A Session on Life Science Business Q&A ESG Briefing Session 2025 September 26, 2025 ESG Briefing Session Transcript ESG Briefing Session 2024 September 11, 2024 ESG Briefing Session Transcript IR DAY 2024 June 3, 2024 IR DAY (Corporate Strategy) IR DAY (Corporate Strategy) Transcript IR DAY (Automotive) IR DAY (Automotive) Transcript IR DAY (Architectural Glass (Asia Pacific)) IR DAY (Architectural Glass (Asia Pacific)) Transcript IR DAY (Architectural Glass (Europe & Americas)) IR DAY (Architectural Glass (Europe & Americas)) Transcript...",390,fetched,2026-08-11T03:18:34Z
20,Eli Lilly and Company,Lilly's olomorasib receives U.S. FDA's Breakthrough Therapy designation for the treatment of previously treated KRAS G12C-mutant advanced pancreatic cancer,https://investor.lilly.com/news-releases/news-release-details/lillys-olomorasib-receives-us-fdas-breakthrough-therapy-0,Eli Lilly and Company - Investor Relations / Investor Relations,2026-08-02T15:00:00Z,2026-08-11T03:18:34Z,official_page,https://investor.lilly.com/investor-relations,official,15,https://investor.lilly.com/investor-relations,"Skip to main content Search Lilly.com For Content... News Release Lilly's olomorasib receives U.S. FDA's Breakthrough Therapy designation for the treatment of previously treated KRAS G12C-mutant advanced pancreatic cancer August 3, 2026 PDF Version INDIANAPOLIS , Aug. 3, 2026 /PRNewswire/ -- Eli Lilly and Company (NYSE: LLY) today announced that the U.S. Food and Drug Administration ( FDA ) has granted Breakthrough Therapy designation to olomorasib as a monotherapy for the treatment of adult patients with advanced pancreatic cancer who have received at least one prior systemic therapy and have a KRAS G12C mutation, as determined by an FDA -approved test. Olomorasib is an investigational, potent and highly selective next-generation inhibitor of KRAS G12C. Olomorasib was previously granted B...",1997,fetched,2026-08-11T03:18:34Z
1,Australian Strategic Metals,More Announcements,https://asm-au.com/investors/asx-announcements/,Australian Strategic Metals - Investor Centre / Investor Relations,2026-07-30T15:00:00Z,2026-08-11T03:18:34Z,official_page,https://asm-au.com/investors/,official,15,https://asm-au.com/investors/,Skip to content ASX Announcements Investors Shareholder Information ASX Announcements Company Reports Corporate Presentations Energy Fuels Transaction Latest Videos ASX Announcements 06/08/2026 Notice of Second Court Hearing for the Schemes 04/08/2026 Diggers & Dealers Mining Forum 2026 Presentation 31/07/2026 Dispatch of Supplementary Scheme Booklet 30/07/2026 Quarterly Activities/Appendix 5B Cash Flow Report 28/07/2026 Court approves dispatch of Supplementary Scheme Booklet 27/07/2026 Vesting of Performance Rights 26/06/2026 Indicative timing for Scheme Meetings 24/06/2026 Energy Fuels transaction announcement 19/06/2026 Postponement of Scheme Meetings 18/06/2026 Trading Halt 18/06/2026 Pause in Trading 15/06/2026 Confirmation of Independent Expert’s conclusion 04/06/2026 Update regardin...,330,fetched,2026-08-11T03:18:34Z
70,Tokyo Electron,Notice Regarding Continuation of Stock Delivering Scheme for TEL Group Officers and Employees in Japan and Abroad,https://www.tel.com/news/ir/2026/rf97m800000000g3-att/20260730_002_e.pdf,Tokyo Electron - Investor Relations / Investor Relations,2026-07-30T00:00:00Z,2026-08-11T03:18:34Z,official_page,https://www.tel.com/ir/,official,15,https://www.tel.com/ir/,,,skipped_non_html,
70,Tokyo Electron,FY2027 Q1 Financial Announcement,https://www.tel.com/ir/library/report/index.html,Tokyo Electron - Investor Relations / Investor Relations,2026-07-30T00:00:00Z,2026-08-11T03:18:34Z,official_page,https://www.tel.com/ir/,official,15,https://www.tel.com/ir/,"TOKYO ELECTRON LIMITED IR Home Investor Relations IR Library Earnings Release Earnings Release Latest Financial Results FY2027 Q1 Results (ended June 30, 2026) Financial Forecast for the First Half of FY2027 and Interim Dividend Forecast for FY2027 have been revised. Please refer to the Summary of Consolidated Financial Results for details. Summary of Consolidated Financial Results for the First Quarter Ended June 30, 202​6 (Japanese GAAP) （202KB） Presentation （762KB） Listen to webcast (including Q&A) Q&A （176KB） Transcript （675KB） Archive FY2026 Annual Results (ended March 31, 2026) Dividends Forecast for FY2026 has been revised. Please refer to the Summary of Consolidated Financial Results for details. Summary of Consolidated Financial Results for the Year Ended March 31, 2026 (Japanese...",2973,fetched,2026-08-11T03:18:34Z
18,Qualcomm,Event Details (opens in new tab),https://investor.qualcomm.com/news-events/investor-events/events/event-details/2026/Q3-FY26-Earnings-Conference-Call-2026-wxmcaE5Hyo/default.aspx,Qualcomm - Investor Relations Overview / Investor Relations,2026-07-28T15:00:00Z,2026-08-11T03:18:34Z,official_page,https://investor.qualcomm.com/overview/,official,15,https://investor.qualcomm.com/overview/,"Q3 FY26 Earnings Conference Call July 29, 2026 01:45 PM PT Webcast 10-Q (opens in new window) PDF 543 KB Earnings Release (opens in new window) PDF 217 KB Presentation (opens in new window) PDF 2.85 MB Transcript (opens in new window) PDF 227 KB",45,fetched,2026-08-11T03:18:34Z
21,GE Healthcare,Earnings Webcast,https://investor.gehealthcare.com/events/event-details/ge-healthcare-second-quarter-2026-earnings-conference-call,GE Healthcare - Investor Relations / Investor Relations,2026-07-28T15:00:00Z,2026-08-11T03:18:34Z,official_page,https://investor.gehealthcare.com/,official,15,https://investor.gehealthcare.com/,"Skip to main navigation GEHealthcare.com About Us Leadership Sustainability News Event Details GE HealthCare Second Quarter 2026 Earnings Conference Call July 29, 2026 at 8:30 AM EDT Listen to webcast Press Release 933.5 KB Supplemental Info 103.1 KB Presentation 740.8 KB Investor Relations News & Events Stock Info Governance Financials & Filings Resources Email Alerts GEHealthcare.com About Us Leadership Sustainability News © 2026 GE HealthCare. GE is a trademark of General Electric Company. Used under trademark license. California Privacy Policy Careers Cookie Preferences Security Terms and Conditions Privacy Policy Compliance",90,fetched,2026-08-11T03:18:34Z
39,BASF,Presentation,https://www.basf.com/dam/jcr:b791401c-26fc-41e4-be9f-816e3af87d9e/basf/www/global/documents/en/investor-relations/calendar-and-publications/presentations-en-de/2026/BASF_Presentation_Analyst_Conference_Call_Q2-2026.pdf?vid=jZAcvbWfCDk94Hq0y9HjAP3RGx90CHUQ,BASF - Investors / Investor Relations,2026-07-28T15:00:00Z,2026-08-11T03:18:34Z,official_page,https://www.basf.com/global/en/investors,official,15,https://www.basf.com/global/en/investors,,,skipped_non_html,
16,Amkor Technology,"Q2 2026 Amkor Technology, Inc. Earnings Conference Call",https://ir.amkor.com/events/event-details/q2-2026-amkor-technology-inc-earnings-conference-call,Amkor Technology - Investor Relations / Investor Relations,2026-07-26T15:00:00Z,2026-08-11T03:18:34Z,official_page,https://ir.amkor.com/,official,15,https://ir.amkor.com/,"Skip to content Events and Presentations Event Details Q2 2026 Amkor Technology, Inc. Earnings Conference Call Webcast Presentation Click here for webcast WHEN: Monday, July 27, 2026 &nbsp; 5:00 pm EDT",31,fetched,2026-08-11T03:18:34Z
20,Eli Lilly and Company,"Lilly's triple agonist, retatrutide, successful in two additional Phase 3 obesity trials, delivering significant improvements in weight and A1C",https://investor.lilly.com/news-releases/news-release-details/lillys-triple-agonist-retatrutide-successful-two-additional,Eli Lilly and Company - Investor Relations / Investor Relations,2026-07-22T15:00:00Z,2026-08-11T03:18:34Z,official_page,https://investor.lilly.com/investor-relations,official,15,https://investor.lilly.com/investor-relations,"Skip to main content Search Lilly.com For Content... News Release Lilly's triple agonist, retatrutide, successful in two additional Phase 3 obesity trials, delivering significant improvements in weight and A1C July 23, 2026 PDF Version In TRIUMPH-2, adults with obesity or overweight and type 2 diabetes, a population with increased difficulties losing weight, lost up to an average of 49.6 lbs (20.8%) at 80 weeks In TRIUMPH-3, adults with severe obesity and established cardiovascular disease, with or without type 2 diabetes, lost up to an average of 55.8 lbs (22.6%) at 80 weeks Lilly &nbsp;plans to submit a Biologics License Application (BLA) for retatrutide to FDA in Q1 2027 INDIANAPOLIS ,&nbsp; July 23, 2026 &nbsp;/PRNewswire/ --&nbsp; Eli Lilly and Company &nbsp;(NYSE: LLY), the maker of...",4347,fetched,2026-08-11T03:18:34Z
59,Airbus,Airbus elevates hybrid-electric integration with LEIA Project Press Release Innovation 22 July 2026 2 min read,https://www.airbus.com/en/newsroom/press-releases/2026-07-airbus-elevates-hybrid-electric-integration-with-leia-project,Airbus - Investors / Investor Relations,2026-07-21T15:00:00Z,2026-08-11T03:18:34Z,official_page,https://www.airbus.com/en/investors,official,15,https://www.airbus.com/en/investors,"Skip to main content Skip to search Open menu Close menu Menu Open search form Close search form Search Close search form What are you looking for? Most popular topics A350-1000ULR A400M Farnborough Airshow Flexrotor Uncrewed Aerial Systems (UAS) Sustainable aviation fuel (SAF) Farnborough, United Kingdom, 22 July 2026&nbsp; – Airbus, with partners from across the European Union, the UK and the US, is pursuing its ambition to pioneer a hybrid-electric non-propulsive energy architecture for the next generation of commercial aircraft with LEIA - Large Scale Integration Demonstrator of Hybrid Electrical Architecture. LEIA, a project supported by the European Union Clean Aviation Joint Undertaking, will be fundamental to advancing high-voltage generation and distribution for innovative electri...",672,fetched,2026-08-11T03:18:34Z
59,Airbus,"Airbus to present new mid-term outlook, strengthen commitment to profitable growth… Press Release Company 21 July 2026 2 min read",https://www.airbus.com/en/newsroom/press-releases/2026-07-airbus-to-present-new-mid-term-outlook-strengthen-commitment-to-profitable-growth-and-shareholder,Airbus - Investors / Investor Relations,2026-07-20T15:00:00Z,2026-08-11T03:18:34Z,official_page,https://www.airbus.com/en/investors,official,15,https://www.airbus.com/en/investors,"Skip to main content Skip to search Open menu Close menu Menu Open search form Close search form Search Close search form What are you looking for? Most popular topics A350-1000ULR A400M Farnborough Airshow Flexrotor Uncrewed Aerial Systems (UAS) Sustainable aviation fuel (SAF) Airbus top management to provide an update on the Company’s business environment and financial perspectives, including through a new mid-term outlook As part of its mid-term outlook, Airbus targets € 12-13 billion of EBIT Adjusted in 2029 The Company will reiterate its cash conversion target of around 1 over a 5-year horizon The Company will reaffirm its commitment to strengthening shareholder returns, including with the Airbus Board of Directors’ approval of a share buyback programme of € 5 billion over three years...",654,fetched,2026-08-11T03:18:34Z
59,Airbus,Airbus launches new flight test programme for Wing of Tomorrow Press Release Innovation 21 July 2026 3 min read,https://www.airbus.com/en/newsroom/press-releases/2026-07-airbus-launches-new-flight-test-programme-for-wing-of-tomorrow,Airbus - Investors / Investor Relations,2026-07-20T15:00:00Z,2026-08-11T03:18:34Z,official_page,https://www.airbus.com/en/investors,official,15,https://www.airbus.com/en/investors,"Skip to main content Skip to search Open menu Close menu Menu Open search form Close search form Search Close search form What are you looking for? Most popular topics A350-1000ULR A400M Farnborough Airshow Flexrotor Uncrewed Aerial Systems (UAS) Sustainable aviation fuel (SAF) Farnborough, United Kingdom, 21 July 2026 – Airbus is launching a new flight-test campaign to evaluate the performance of high-span wings for next-generation single-aisle aircraft, marking the next phase of one of its largest research and technology programmes, Wing of Tomorrow. Over the next three years, Airbus will design, build and flight test full scale wing extensions. These will be installed on an A321neo aircraft and used to evaluate how the different wing geometries perform in real flight conditions.&nbsp; T...",804,fetched,2026-08-11T03:18:34Z
59,Airbus,Air Canada and Airbus launch joint initiative to scale domestic Canadian SAF and… Press Release Innovation 20 July 2026 5 min read,https://www.airbus.com/en/newsroom/press-releases/2026-07-air-canada-and-airbus-launch-joint-initiative-to-scale-domestic-canadian-saf-and-help-reduce-the,Airbus - Investors / Investor Relations,2026-07-19T15:00:00Z,2026-08-11T03:18:34Z,official_page,https://www.airbus.com/en/investors,official,15,https://www.airbus.com/en/investors,"Skip to main content Skip to search Open menu Close menu Menu Open search form Close search form Search Close search form What are you looking for? Most popular topics A350-1000ULR A400M Farnborough Airshow Flexrotor Uncrewed Aerial Systems (UAS) Sustainable aviation fuel (SAF) Farnborough, United Kingdom, 20 July 2026 -&nbsp; Air Canada, the country’s largest airline and flag carrier, and Airbus, a global leader in aerospace manufacturing with the largest commercial aircraft industrial footprint in Canada, are uniting their shared commitment to aviation decarbonisation. To lead the way in advancing these goals, the two aviation pioneers are proud to announce their intent to establish a jointly funded Sustainability Co-Investment Platform. This agreement states a shared objective to invest...",1184,fetched,2026-08-11T03:18:34Z
70,Tokyo Electron,Tokyo Electron and NVIDIA Expand Collaboration for Agentic AI and Robotics,https://www.tel.com/news/topics/2026/20260716_001.html,Tokyo Electron - Investor Relations / Investor Relations,2026-07-16T00:00:00Z,2026-08-11T03:18:34Z,official_page,https://www.tel.com/ir/,official,15,https://www.tel.com/ir/,"TOKYO ELECTRON LIMITED Home News Room Topics Tokyo Electron and NVIDIA Expand Collaboration for Agentic AI and Robotics 2026.07.16 Topics IR Others Tokyo Electron and NVIDIA Expand Collaboration for Agentic AI and Robotics As part of the development of Agentic AI and Robotics solutions, Tokyo Electron(TEL; Head Office: Minato-ku, Tokyo; President: Toshiki Kawai) is collaborating with NVIDIA, utilizing NVIDIA Agent Toolkit including NVIDIA NeMo, NVIDIA NIM, NVIDIA NemoClaw blueprints and the open robot development platform NVIDIA Isaac within TEL’s “Epsira™” concept for digital transformation (DX) solutions. Using the Isaac platform allows TEL to feed designs into the digital twins integrated with NVIDIA Omniverse libraries for/Simulation; often robotic maintenance must be done on various t...",471,fetched,2026-08-11T03:18:34Z
40,Evonik Industries,"July 16, 2026 Investor Relations Evonik completes backward integration of its global MetAMINO® production network Evonik has completed the backward integration of its world-scale MetAMINO® (DL-methionine) production hub in Mobile, Alabama. With on-site production of the key intermediate methyl mercaptan in Europe (Antwerp), Asia (Singapore), and now the Americas (Mobile), the company has fully integrated its global methionine production network, further strengthening efficiency, supply security, and sustainability.",https://www.evonik.com/en/news/press-releases/2026/07/evonik-completes-backward-integration-of-its-global-metamino--pr.html?owner=evonik%3Aorganization%2FF%2FF-IR&type=evonik%3Anews-type%2Fpress-release---ir-news%2Finvestor-relations-news,Evonik Industries - Investor Relations / Investor Relations,2026-07-15T15:00:00Z,2026-08-11T03:18:34Z,official_page,https://www.evonik.com/en/investor-relations.html,official,15,https://www.evonik.com/en/investor-relations.html,"SHARE Investor Relations News Back Our Products Products July 16, 2026 Evonik completes backward integration of its global MetAMINO® production network Fully integrated production in Mobile, Alabama (USA) strengthens MetAMINO® supply reliability in the Americas Completion of backward integration across hubs in Mobile, Antwerp, and Singapore enhances global competitiveness On-site intermediate production reduces CO₂ emissions and logistical risks Essen, Germany. Evonik has completed the backward integration of its world-scale MetAMINO® (DL-methionine) production hub in Mobile, Alabama. With on-site production of the key intermediate methyl mercaptan in Europe (Antwerp), Asia (Singapore), and now the Americas (Mobile), the company has fully integrated its global methionine production network...",632,fetched,2026-08-11T03:18:34Z
28,ASML,"Latest financial results We release annual and quarterly financial results to ensure investors, both current and potential, are kept informed.",https://www.asml.com/en/investors/financial-results/q2-2026,ASML - Investors / Investor Relations,2026-07-14T15:00:00Z,2026-08-11T03:18:34Z,official_page,https://www.asml.com/en/investors,official,15,https://www.asml.com/en/investors,"Q2 2026 financial results ASML Holding NV announced its 2026 second-quarter financial results on Wednesday, July 15, 2026 Video interview €9.3bn Total net sales 54.0% Gross margin €1.3bn R&D costs €7.59 Earnings per share (basic) Based on US GAAP Read > Press release Listen > Investor call webcast replay &nbsp; Watch the video interview with Christophe Fouquet and Roger Dassen &nbsp; In case you can't access the video here, you can watch it on our YouTube playlist &ensp;&nbsp;&nbsp;&nbsp; . &nbsp; Entire results package ZIP Financial statements US GAAP Excel Excel Financial statements US GAAP PDF PDF Press Release Quarterly Results PDF ASML Transcript video PDF Presentation Investor Relations PDF Statutory Interim Report 2026 PDF Investor call prepared remarks PDF Listen here to the webcas...",202,fetched,2026-08-11T03:18:34Z
47,Hexagon AB,Invitation to presentation of Hexagon's Interim Report on 29 July 15 July 2026,https://hexagon.com/company/newsroom/press-releases/2026/invitation-to-presentation-of-hexagons-interim-report-on-29-july,Hexagon AB - Investors / Investor Relations,2026-07-14T15:00:00Z,2026-08-11T03:18:34Z,official_page,https://investors.hexagon.com/en/,official,15,https://investors.hexagon.com/en/,,,error,2026-08-11T03:18:34Z
40,Evonik Industries,"July 08, 2026 Investor Relations Evonik invests US$100 million to upgrade its U.S. drug substance contract manufacturing site Evonik is making a significant investment to strengthen manufacturing capabilities at its Lafayette (Tippecanoe), Indiana facility. Over the next five years, the company will invest US$100 million to modernize key equipment – including 100 m³ reactors and other critical systems – enhancing reliability, enabling greater automation, and improving ergonomics and efficiency.",https://www.evonik.com/en/news/press-releases/2026/07/evonik-invests-100-million-usd-to-upgrade-its-us-drug-substance-contract-manufacturing-site.html?owner=evonik%3Aorganization%2FF%2FF-IR&type=evonik%3Anews-type%2Fpress-release---ir-news%2Finvestor-relations-news,Evonik Industries - Investor Relations / Investor Relations,2026-07-07T15:00:00Z,2026-08-11T03:18:34Z,official_page,https://www.evonik.com/en/investor-relations.html,official,15,https://www.evonik.com/en/investor-relations.html,"SHARE Investor Relations News Back Our Products Products July 08, 2026 Evonik invests US$100 million to upgrade its U.S. drug substance contract manufacturing site Meets the growing demand for U.S.-based contract development and manufacturing organizations (CDMOs) Further improves capabilities to handle increasing complexity of active pharmaceutical ingredients (APIs) Important step in Evonik’s asset balancing strategy by investing in Next Generation Technologies Evonik is making a significant investment to strengthen manufacturing capabilities at its Lafayette (Tippecanoe), Indiana facility. Over the next five years, the company will invest US$100 million to modernize key equipment – including 100 m³ reactors and other critical systems – enhancing reliability, enabling greater automation,...",712,fetched,2026-08-11T03:18:34Z
70,Tokyo Electron,Notice regarding the Status of Share Repurchase,https://www.tel.com/news/ir/2026/i242su00000001c4-att/20260701_001_e.pdf,Tokyo Electron - Investor Relations / Investor Relations,2026-07-01T00:00:00Z,2026-08-11T03:18:34Z,official_page,https://www.tel.com/ir/,official,15,https://www.tel.com/ir/,,,skipped_non_html,
47,Hexagon AB,Hexagon Interim Report 1 January - 30 June 2026 29 July 2026,https://hexagon.com/company/newsroom/press-releases/2026/hexagon-interim-report-1-january---30-june-2026,Hexagon AB - Investors / Investor Relations,2026-06-29T15:00:00Z,2026-08-11T03:18:34Z,official_page,https://investors.hexagon.com/en/,official,15,https://investors.hexagon.com/en/,,,error,2026-08-11T03:18:34Z
69,Shin-Etsu Chemicals,"Financial Data for the First Quarter Ended June 30, 2026 (465 KB) pdf",https://www.shinetsu.co.jp/wp-content/uploads/2026/07/20260724_con_E.pdf,Shin-Etsu Chemicals - Investor Relations / Investor Relations,2026-06-29T15:00:00Z,2026-08-11T03:18:34Z,official_page,https://www.shinetsu.co.jp/en/ir/,official,15,https://www.shinetsu.co.jp/en/ir/,,,skipped_non_html,
69,Shin-Etsu Chemicals,"Summary of Telephone Conference on Financial Results for the First Quarter Ended June 30, 2026 (153 KB) pdf",https://www.shinetsu.co.jp/wp-content/uploads/2026/08/20260724_summary_E.pdf,Shin-Etsu Chemicals - Investor Relations / Investor Relations,2026-06-29T15:00:00Z,2026-08-11T03:18:34Z,official_page,https://www.shinetsu.co.jp/en/ir/,official,15,https://www.shinetsu.co.jp/en/ir/,,,skipped_non_html,
75,Toray,Presentation Material (1.4MB),https://www.toray.com/ir/pdf/lib/lib_a567.pdf,Toray - Investor Relations / Investor Relations,2026-06-29T15:00:00Z,2026-08-11T03:18:34Z,official_page,https://www.toray.com/ir/,official,15,https://www.toray.com/ir/,,,skipped_non_html,
75,Toray,Financial Results (385KB),https://www.toray.com/ir/pdf/fin/fin_a121.pdf,Toray - Investor Relations / Investor Relations,2026-06-29T15:00:00Z,2026-08-11T03:18:34Z,official_page,https://www.toray.com/ir/,official,15,https://www.toray.com/ir/,,,skipped_non_html,
75,Toray,Schedule and Events,https://www.toray.com/ir/stocks/sto_009.html,Toray - Investor Relations / Investor Relations,2026-06-29T15:00:00Z,2026-08-11T03:18:34Z,official_page,https://www.toray.com/ir/,official,15,https://www.toray.com/ir/,"Jump to Global menu Jump to Local menu Jump to main content HOME Investor Relations Stock and Rating Information Schedule and Events Schedule and Events IR Event Calendar for FY 2026 (schedule) --> Upcoming Events August 6, 2026 Announcement of Business Results for the First Quarter Ended June 30, 2026 --> February 9, 2022 Announcement of Business Results for the 3Q and Nine Months ended December 31, 2021 --> December 2, 2025 &nbsp; Start date of interim dividend payments --> May 26, 2025 &nbsp; Management Briefing --> IR Events Business Results Presentation Announcement of Business Results for the First Quarter Ended June 30, 2026 Yuichiro Kato, Member of the Board Presentation Material (PDF:1.4MB) | Financial Results (PDF:385KB) | Streaming Audio Long-Term Management Strategy “TORAY Chal...",182,fetched,2026-08-11T03:18:34Z
50,Siemens-Gamesa,Analyst Conference,https://www.siemens-energy.com/global/en/home/investor-relations/disclaimer-webcast-q3-fy26.html,Siemens-Gamesa - Siemens Energy Investor Relations / Investor Relations,2026-06-28T15:00:00Z,2026-08-11T03:18:34Z,official_page,https://www.siemens-energy.com/global/en/home/investor-relations.html,official,15,https://www.siemens-energy.com/global/en/home/investor-relations.html,"Disclaimer: Siemens Energy Q3 FY2026 The following programme contains statements related to our future business and financial performance and future events or developments involving Siemens Energy that may constitute forward-looking statements. These statements may be identified by words such as “expect,” “look forward to,” “anticipate,” “intend,” “plan,” “believe,” “seek,” “estimate,” “will,” “project” or words of similar meaning. We may also make forward-looking statements in other reports, prospectuses, in presentations, in material delivered to shareholders and in press releases. In addition, our representatives may from time to time make oral forward-looking statements. Such statements are based on the current expectations and certain assumptions of Siemens Energy’s management, of whi...",356,fetched,2026-08-11T03:18:34Z
25,Applied Materials,Applied Materials Introduces New Systems to Accelerate DRAM and Advanced Packaging for AI Chips Press Release Arow1-50 --> > -->,https://ir.appliedmaterials.com/news-releases/news-release-details/applied-materials-introduces-new-systems-accelerate-dram-and,Applied Materials - Investor Relations / Investor Relations,2026-06-24T15:00:00Z,2026-08-11T03:18:34Z,official_page,https://ir.appliedmaterials.com/,official,15,https://ir.appliedmaterials.com/,"Skip to main navigation Main content here \r\n""}}"" id=""text-204ef15d47"" class=""cmp-text""> News Release Investor Relations Financials Stock Info News Events Leadership and Governance Corporate Responsibility Contact Us Applied Materials Introduces New Systems to Accelerate DRAM and Advanced Packaging for AI Chips Jun 25, 2026 at 9:00 AM EDT PDF Version Innovations spanning DRAM and advanced packaging enable the 3D architectures behind cutting-edge AI chips A new epitaxy system optimized for DRAM fabs adds a critical logic-class step—boosting memory speed and efficiency while maximizing output within tight fab footprint and supply constraints New CMP and deposition systems target the most critical advanced packaging steps, delivering higher-yield chip stacking for HBM and logic New eBeam sys...",1371,fetched,2026-08-11T03:18:34Z
25,Applied Materials,"Applied Materials Unveils SENZ™, a Fully Integrated Visual System for Next-Gen Smart Glasses Press Release Arow1-50 --> > -->",https://ir.appliedmaterials.com/news-releases/news-release-details/applied-materials-unveils-senztm-fully-integrated-visual-system,Applied Materials - Investor Relations / Investor Relations,2026-06-16T15:00:00Z,2026-08-11T03:18:34Z,official_page,https://ir.appliedmaterials.com/,official,15,https://ir.appliedmaterials.com/,"Skip to main navigation Main content here \r\n""}}"" id=""text-204ef15d47"" class=""cmp-text""> News Release Investor Relations Financials Stock Info News Events Leadership and Governance Corporate Responsibility Contact Us Applied Materials Unveils SENZ™, a Fully Integrated Visual System for Next-Gen Smart Glasses Jun 17, 2026 at 10:00 AM EDT PDF Version SENZ will provide customers and partners with a co-optimized solution to bring high-performance augmented reality displays to market faster Groundbreaking technology will deliver world-class visual performance, seamless integration, and scalable manufacturing for next-generation smart glasses SANTA CLARA, Calif. , June 17, 2026 (GLOBE NEWSWIRE) -- Applied Materials, Inc. today unveiled SENZ™ , an integrated ambient visual platform that combines...",695,fetched,2026-08-11T03:18:34Z
11,Air Products,View Earnings Release,https://www.airproducts.com/company/news-center/2026/04/0430-air-products-fiscal-2026-second-quarter-earnings,Air Products - Investor Relations / Investor Relations,2026-04-30T00:00:00Z,2026-08-11T03:18:34Z,official_page,https://investors.airproducts.com/,official,15,https://investors.airproducts.com/,"04/30/2026 | Lehigh Valley, PA Air Products Reports Fiscal 2026 Second Quarter Results Delivered strong underlying performance | Positioned for helium supply chain resilience | New wins in Electronics and Aerospace Continued focus on key priorities: unlock earnings growth, optimize large projects, maintain capital discipline Raising fiscal 2026 full-year adjusted EPS guidance* Media Contacts: Katie McDonald | +1 610 481 3673 Investor Contacts: Megan Britt | +1 610 481 0590 Q2 FY26 Summary of Results: GAAP earnings per share (""EPS"")# of $3.19 and GAAP operating income of $753 million, each up over 130% versus prior year&nbsp; Adjusted EPS* of $3.20 and adjusted operating income* of $753 million, each up 19 percent versus prior year and exceeding top-end of adjusted EPS* guidance&nbsp; Guida...",2041,fetched,2026-08-11T03:18:34Z
25,Applied Materials,Q4 2023 Applied Materials Earnings Conference Call,https://ir.appliedmaterials.com/events/event-details/q4-2023-applied-materials-earnings-conference-call,Applied Materials - Investor Relations / Investor Relations,2023-11-15T15:00:00Z,2026-08-11T03:18:34Z,official_page,https://ir.appliedmaterials.com/,official,15,https://ir.appliedmaterials.com/,"Skip to main navigation Main content here \r\n""}}"" id=""text-204ef15d47"" class=""cmp-text""> Event Details Investor Relations Financials Stock Info News Events Leadership and Governance Corporate Responsibility Contact Us Website Notice Block Safe Harbor Statement Agenda This webcast contains forward-looking statements, including those regarding anticipated growth and trends in our businesses and markets, industry outlooks and demand drivers, technology transitions, our business and financial performance and market share positions, our capital allocation and cash deployment strategies, our investment and growth strategies, our development of new products and technologies, our business outlook for the first quarter of fiscal 2024 and beyond, and other statements that are not historical facts....",941,fetched,2026-08-11T03:18:34Z
25,Applied Materials,Q3 2023 Applied Materials Earnings Conference Call,https://ir.appliedmaterials.com/events/event-details/q3-2023-applied-materials-earnings-conference-call,Applied Materials - Investor Relations / Investor Relations,2023-08-16T15:00:00Z,2026-08-11T03:18:34Z,official_page,https://ir.appliedmaterials.com/,official,15,https://ir.appliedmaterials.com/,"Skip to main navigation Main content here \r\n""}}"" id=""text-204ef15d47"" class=""cmp-text""> Event Details Investor Relations Financials Stock Info News Events Leadership and Governance Corporate Responsibility Contact Us Website Notice Block Safe Harbor Statement Agenda This webcast contains forward-looking statements, including those regarding anticipated growth and trends in our businesses and markets, industry outlooks and demand drivers, technology transitions, our business and financial performance and market share positions, our capital allocation and cash deployment strategies, our investment and growth strategies, our development of new products and technologies, our business outlook for the fourth quarter of fiscal 2023 and beyond, and other statements that are not historical facts....",977,fetched,2026-08-11T03:18:34Z
25,Applied Materials,Q2 2023 Applied Material Earnings Conference Call,https://ir.appliedmaterials.com/events/event-details/q2-2023-applied-material-earnings-conference-call,Applied Materials - Investor Relations / Investor Relations,2023-05-17T15:00:00Z,2026-08-11T03:18:34Z,official_page,https://ir.appliedmaterials.com/,official,15,https://ir.appliedmaterials.com/,"Skip to main navigation Main content here \r\n""}}"" id=""text-204ef15d47"" class=""cmp-text""> Event Details Investor Relations Financials Stock Info News Events Leadership and Governance Corporate Responsibility Contact Us Website Notice Block Safe Harbor Statement Agenda This webcast contains forward-looking statements, including those regarding anticipated growth and trends in our businesses and markets, industry outlooks and demand drivers, technology transitions, our business and financial performance and market share positions, our capital allocation and cash deployment strategies, our investment and growth strategies, our development of new products and technologies, our business outlook for the third quarter of fiscal 2023 and beyond, and other statements that are not historical facts....",933,fetched,2026-08-11T03:18:34Z
1,Australian Strategic Metals,ASM News,https://asm-au.com/news/,Australian Strategic Metals - Investor Centre / Investor Relations,,2026-08-11T03:18:34Z,official_page,https://asm-au.com/investors/,official,15,https://asm-au.com/investors/,"Skip to content ASM News 06/08/26 WATCH: Diggers & Dealers 2026 31/07/26 Quarterly Report: Production momentum continues 28/07/26 Supplementary Scheme Booklet & Scheme Meetings 26/06/26 Indicative timing for Scheme Meetings 19/06/26 Postponement of Scheme Meetings 16/06/26 ASM signs G7 critical minerals joint declaration in Paris 18/05/26 Scheme Booklet now available – your vote matters 30/04/26 Quarterly Report: Building the rare earth supply chain the West needs 01/04/26 ASM wins Resources, Minerals and Processing Award at Australia-Korea Business Awards 2026 12/03/26 WATCH: Investor News Interview",84,fetched,2026-08-11T03:18:34Z
2,Cognex,Introduction to Cognex,https://s2.q4cdn.com/773500753/files/doc_presentations/2025/Dec/Introduction-to-Cognex-Q1-2026.pdf,Cognex - Investor Relations Home / Investor Relations,,2026-08-11T03:18:34Z,official_page,https://investor.cognex.com/home/default.aspx,official,15,https://investor.cognex.com/home/default.aspx,,,skipped_non_html,
2,Cognex,News,https://investor.cognex.com/news/default.aspx,Cognex - Investor Relations Home / Investor Relations,,2026-08-11T03:18:34Z,official_page,https://investor.cognex.com/home/default.aspx,official,15,https://investor.cognex.com/home/default.aspx,News - Investor Relations | Cognex,6,fetched,2026-08-11T03:18:34Z
3,Corning,Corporate Reports,https://www.corning.com/worldwide/en/corning-reports/2023-corning-reports,Corning - Investor Relations / Investor Relations,,2026-08-11T03:18:34Z,official_page,https://investor.corning.com/investor-relations/default.aspx,official,15,https://investor.corning.com/investor-relations/default.aspx,,,error,2026-08-11T03:18:34Z
3,Corning,News,https://investor.corning.com/news-and-events/news/default.aspx,Corning - Investor Relations / Investor Relations,,2026-08-11T03:18:34Z,official_page,https://investor.corning.com/investor-relations/default.aspx,official,15,https://investor.corning.com/investor-relations/default.aspx,Selecting the value will change the page content Select Year: Loading...,11,fetched,2026-08-11T03:18:34Z
5,Cytiva,Presentation,https://investors.danaher.com/image/Q2+2026+Danaher+Earnings+Presentation.pdf,Cytiva - Danaher Investor Relations / Investor Relations,,2026-08-11T03:18:34Z,official_page,https://investors.danaher.com/,official,15,https://investors.danaher.com/,,,skipped_non_html,
12,Chemours,Chemours Sustainability Report,https://www.chemours.com/en/-/media/files/corporate/sustainability/2024/cc_2024-sust-report_ada_final.pdf?rev=d82d0f3862f74535b0bfb67149ad64b2&hash=4D804FD797DFD70DF562D442529549D7,Chemours - Investor Relations / Investor Relations,,2026-08-11T03:18:34Z,official_page,https://investors.chemours.com/,official,15,https://investors.chemours.com/,,,skipped_non_html,
13,BorgWarner,Latest Earnings Release (8/5/26),https://www.borgwarner.com/docs/default-source/investors/8-k-12-31-2017-exhibit-99-1-press-release.pdf?sfvrsn=9548cb3c_146,BorgWarner - Investors / Investor Relations,,2026-08-11T03:18:34Z,official_page,https://www.borgwarner.com/investors/,official,15,https://www.borgwarner.com/investors/,,,skipped_non_html,
15,Thermo Fisher,"News, Events & Presentations",https://ir.thermofisher.com/investors/news-events/news/default.aspx,Thermo Fisher - Investor Relations / Investor Relations,,2026-08-11T03:18:34Z,official_page,https://ir.thermofisher.com/,official,15,https://ir.thermofisher.com/,"Thermo Fisher Scientific Inc. - Investors - News, Events & Presentations - News",13,fetched,2026-08-11T03:18:34Z
15,Thermo Fisher,GAAP/Non-GAAP Reconciliation and Financial Package,https://s27.q4cdn.com/797047529/files/doc_financials/2026/q2/Q2-2026-Reconciliation-of-Financial-Information.pdf,Thermo Fisher - Investor Relations / Investor Relations,,2026-08-11T03:18:34Z,official_page,https://ir.thermofisher.com/,official,15,https://ir.thermofisher.com/,,,skipped_non_html,
15,Thermo Fisher,2025 Annual Report,https://s27.q4cdn.com/797047529/files/doc_financials/2024/ar/2025-AR-Bookmarked-10-K.pdf,Thermo Fisher - Investor Relations / Investor Relations,,2026-08-11T03:18:34Z,official_page,https://ir.thermofisher.com/,official,15,https://ir.thermofisher.com/,,,skipped_non_html,
18,Qualcomm,Press Announcements,https://www.qualcomm.com/news/releases,Qualcomm - Investor Relations Overview / Investor Relations,,2026-08-11T03:18:34Z,official_page,https://investor.qualcomm.com/overview/,official,15,https://investor.qualcomm.com/overview/,Press Announcements and News Releases | Qualcomm,7,fetched,2026-08-11T03:18:34Z
18,Qualcomm,OnQ Blog,https://www.qualcomm.com/news/onq,Qualcomm - Investor Relations Overview / Investor Relations,,2026-08-11T03:18:34Z,official_page,https://investor.qualcomm.com/overview/,official,15,https://investor.qualcomm.com/overview/,Qualcomm OnQ Blog | Stay Ahead of AI & Industry Trends | Qualcomm,13,fetched,2026-08-11T03:18:34Z
18,Qualcomm,Media Center (opens in new tab),https://www.qualcomm.com/news/media-center,Qualcomm - Investor Relations Overview / Investor Relations,,2026-08-11T03:18:34Z,official_page,https://investor.qualcomm.com/overview/,official,15,https://investor.qualcomm.com/overview/,Qualcomm Technology News & Trends | Qualcomm,7,fetched,2026-08-11T03:18:34Z
19,Skyworks,2025 SWKS Annual Report.pdf,https://www.skyworksinc.com/-/media/SkyWorks/Documents/IR/2025-SWKS-Annual-Report.pdf,Skyworks - Investor Relations / Investor Relations,,2026-08-11T03:18:34Z,official_page,https://investors.skyworksinc.com/,official,15,https://investors.skyworksinc.com/,,,skipped_non_html,
25,Applied Materials,Q1 2023 Applied Materials Earnings Conference Call,https://ir.appliedmaterials.com/events/event-details/q1-2023-applied-materials-earnings-conference-call,Applied Materials - Investor Relations / Investor Relations,,2026-08-11T03:18:34Z,official_page,https://ir.appliedmaterials.com/,official,15,https://ir.appliedmaterials.com/,"Skip to main navigation Main content here \r\n""}}"" id=""text-204ef15d47"" class=""cmp-text""> Event Details Investor Relations Financials Stock Info News Events Leadership and Governance Corporate Responsibility Contact Us Website Notice Block Safe Harbor Statement Agenda This webcast contains forward-looking statements, including those regarding anticipated growth and trends in our businesses and markets, industry outlooks and demand drivers, technology transitions, our business and financial performance and market share positions, our capital allocation and cash deployment strategies, our investment and growth strategies, our development of new products and technologies, our estimate of the impact on our second quarter of fiscal 2023 of a cybersecurity incident recently announced by one of o...",1147,fetched,2026-08-11T03:18:34Z
30,NXP,Read the 2025 Report,https://www.nxp.com/docs/en/supporting-information/Corporate-Sustainability-Report-2025.pdf,NXP - Investor Relations / Investor Relations,,2026-08-11T03:18:34Z,official_page,https://www.nxp.com/company/about-nxp/investor-relations%3AINVESTOR-RELATIONS,official,15,https://www.nxp.com/company/about-nxp/investor-relations%3AINVESTOR-RELATIONS,,,skipped_non_html,
30,NXP,Read the report,https://www.nxp.com/docs/en/supporting-information/Corporate-Sustainability-Report-2022.pdf,NXP - Investor Relations / Investor Relations,,2026-08-11T03:18:34Z,official_page,https://www.nxp.com/company/about-nxp/investor-relations%3AINVESTOR-RELATIONS,official,15,https://www.nxp.com/company/about-nxp/investor-relations%3AINVESTOR-RELATIONS,,,skipped_non_html,
43,EMM(Umicore),Half Year Results 2026,https://www.umicore.com/en/media/newsroom/half-year-results-2026/,EMM(Umicore) - Umicore Investor Relations / Investor Relations,,2026-08-11T03:18:34Z,official_page,https://www.umicore.com/en/investor-relations/,official,15,https://www.umicore.com/en/investor-relations/,"Press release Webcast replay Key figures H1 2026 Presentation Transcript Glossary Earnings uplift across the board over the first half of 2026 Upgrading full-year 2026 guidance Strong underlying performance reflecting greater activity levels and solid execution Revenues [1] of € 1.9 billion, up 7.1% y/y Adj. EBITDA of € 577 million up 33.5% y/y, and adj. EBITDA margin of 30.2% Adj. EBIT of € 442 million, up 46.6% y/y, and adj. EBIT margin of 23.2% Adj. net profit (Group share) of € 273 million, up 102.6% y/y, and adj. EPS of € 1.14 up 102.5% y/y ROCE of 23.0% versus 16.4% in H1 2025 Total recordable injury rate (TRIR) for own employees of 4.3 per 1 million exposure hours versus 4.4 for H1 2025 Turning earnings into cash while maintaining rigorous capital discipline and efficiency focus Eff...",1533,fetched,2026-08-11T03:18:34Z
44,Umicore,Half Year Results 2026,https://www.umicore.com/en/media/newsroom/half-year-results-2026/,Umicore - Investor Relations / Investor Relations,,2026-08-11T03:18:34Z,official_page,https://www.umicore.com/en/investor-relations/,official,15,https://www.umicore.com/en/investor-relations/,"Press release Webcast replay Key figures H1 2026 Presentation Transcript Glossary Earnings uplift across the board over the first half of 2026 Upgrading full-year 2026 guidance Strong underlying performance reflecting greater activity levels and solid execution Revenues [1] of € 1.9 billion, up 7.1% y/y Adj. EBITDA of € 577 million up 33.5% y/y, and adj. EBITDA margin of 30.2% Adj. EBIT of € 442 million, up 46.6% y/y, and adj. EBIT margin of 23.2% Adj. net profit (Group share) of € 273 million, up 102.6% y/y, and adj. EPS of € 1.14 up 102.5% y/y ROCE of 23.0% versus 16.4% in H1 2025 Total recordable injury rate (TRIR) for own employees of 4.3 per 1 million exposure hours versus 4.4 for H1 2025 Turning earnings into cash while maintaining rigorous capital discipline and efficiency focus Eff...",1533,fetched,2026-08-11T03:18:34Z
47,Hexagon AB,Corporate press releases See all press releases,https://hexagon.com/company/newsroom/press-releases,Hexagon AB - Investors / Investor Relations,,2026-08-11T03:18:34Z,official_page,https://investors.hexagon.com/en/,official,15,https://investors.hexagon.com/en/,,,error,2026-08-11T03:18:34Z
51,Renishaw,Capital Markets Day 2026,https://www.renishaw.com/media/pdf/en/98c5a520dbe14e51a701a2ab6a3895eb.pdf,Renishaw - Investors / Investor Relations,,2026-08-11T03:18:34Z,official_page,https://www.renishaw.com/en/investors--22615,official,15,https://www.renishaw.com/en/investors--22615,,,skipped_non_html,
51,Renishaw,Presentation: 2026 interim results,https://www.renishaw.com/media/pdf/en/e08eb264cbd2404dace42faff950398b.pdf,Renishaw - Investors / Investor Relations,,2026-08-11T03:18:34Z,official_page,https://www.renishaw.com/en/investors--22615,official,15,https://www.renishaw.com/en/investors--22615,,,skipped_non_html,
51,Renishaw,Interim results 2026,https://www.renishaw.com/media/pdf/en/4837f2c4156b4b3a84c2105d7e96f9e9.pdf,Renishaw - Investors / Investor Relations,,2026-08-11T03:18:34Z,official_page,https://www.renishaw.com/en/investors--22615,official,15,https://www.renishaw.com/en/investors--22615,,,skipped_non_html,
51,Renishaw,Annual report: 2025,https://www.renishaw.com/media/pdf/en/a71bcdd161224ba19ccea1e0ff46b463.pdf,Renishaw - Investors / Investor Relations,,2026-08-11T03:18:34Z,official_page,https://www.renishaw.com/en/investors--22615,official,15,https://www.renishaw.com/en/investors--22615,,,skipped_non_html,
51,Renishaw,Presentation: June 2025 annual results,https://www.renishaw.com/media/pdf/en/2a0747f43fe845409bb6015a397f49dd.pdf,Renishaw - Investors / Investor Relations,,2026-08-11T03:18:34Z,official_page,https://www.renishaw.com/en/investors--22615,official,15,https://www.renishaw.com/en/investors--22615,,,skipped_non_html,
60,Safran,"Download Capital Markets Day (PDF, 16.01MB)",https://www.safran-group.com/download/media/447183,Safran - Analysts and Investors / Investor Relations,,2026-08-11T03:18:34Z,official_page,https://www.safran-group.com/finance/analysts-and-investors,official,15,https://www.safran-group.com/finance/analysts-and-investors,"%PDF-1.3 %��������� 3 0 obj > stream x}�1�0 E��� u���.l01��HHh ��)�R�����G9��LQU�A]��78��r3x�~�!�y)����6Ңs����?�� ��i���f�DbZ��Ԣܶ�ͺ�4�dT�NyUAT���#��Xd�_��nJ��ߍo(�/�DR endstream endobj 1 0 obj > endobj 4 0 obj > /XObject > >> endobj 6 0 obj > stream ���� JFIF   � �  �� �Exif  MM *                  J       R(       �i       Z       �      �    �       �       �      �    �� 8Photoshop 3.0 8BIM      8BIM%     ��ُ �� ���B~�� � "" ��            �� �   } !1AQa""q2���#B��R��$3br� %&'()*456789:CDEFGHIJSTUVWXYZcdefghijstuvwxyz���������������������������������������������������������������������������         �� �  w !1AQaq""2�B���� #3R�...",234762,fetched,2026-08-11T03:18:34Z
60,Safran,"Safran 2024 Capital Markets Day (CMD’24) - Safran is poised to deliver a further period of profitable growth Download (pdf, 515.57 KB)",https://www.safran-group.com/download/media/447182,Safran - Analysts and Investors / Investor Relations,,2026-08-11T03:18:34Z,official_page,https://www.safran-group.com/finance/analysts-and-investors,official,15,https://www.safran-group.com/finance/analysts-and-investors,"%PDF-1.5 %���� 1 0 obj >>> endobj 2 0 obj > endobj 3 0 obj >/ExtGState >/Font >/ProcSet[/PDF/Text/ImageB/ImageC/ImageI] >>/MediaBox[ 0 0 595.32 841.92] /Contents 4 0 R/Group >/Tabs/S/StructParents 0>> endobj 4 0 obj > stream x��=]s�8�����]Q[1M� �N��q�ٹ��d�\���>�2e�Ɩ��l�a����n��l�eǄ4S�%d7����~�~������o���,z��"":�铉�7/_���,�i*�\�I*#i���QQ$2���/���h�򅿚��t��3�ۗ/N�-�+�YE}�""z�����bVN�4�t^]E��~^��~��ۺ:�P^/�e�X-O?�]6x�/UyU�M� �����B'���I����π�; ��*� ߶w�kx�OQ�]������������z��-�򱞼^5���̻ժyngdT cQ � � D&^l^��'>}�0{�7 �2��4�O���rr�QK�F¢W�a��6K������({It�G;=���-��q���'���I ���OO��z{[�E�^�I��� ��K���CmE�7+�r������P�q�.�F���{Z�Hn9Uׄ�͒�9]u�u��ŭ�m0 WI�\چl���eF�)����+�)��:�ߣ����L'_XȠ|AC[�`}��Z _CQ�_W��/ȰgX3����vB��s��ҕd��: _��L�����k_�!r�W���Q�Gw-3�e�{...",9372,fetched,2026-08-11T03:18:34Z
67,Asahi Glass,DX Stocks Selection,https://www.meti.go.jp/english/press/2023/0531_002.html,Asahi Glass - Investor Relations / Investor Relations,,2026-08-11T03:18:34Z,official_page,https://www.agc.com/en/ir/,official,15,https://www.agc.com/en/ir/,,,error,2026-08-11T03:18:34Z
67,Asahi Glass,Health & Productivity Stock Selection,https://www.meti.go.jp/english/press/2023/0308_004.html,Asahi Glass - Investor Relations / Investor Relations,,2026-08-11T03:18:34Z,official_page,https://www.agc.com/en/ir/,official,15,https://www.agc.com/en/ir/,,,error,2026-08-11T03:18:34Z
71,Tosoh,IRニュース｜IR情報｜東ソー,https://www.tosoh.co.jp/ir/news/,Tosoh - Investor Relations / Investor Relations,,2026-08-11T03:18:34Z,official_page,https://www.tosoh.co.jp/ir/,official,15,https://www.tosoh.co.jp/ir/,TOP IR情報 IRニュース IRニュース 年で絞り込む トップメッセージ 中期経営計画 個人投資家の皆様へ 財務・業績 IRライブラリ IRカレンダー IRニュース 株式社債情報 電子公告 IRメール配信サービス 当ウェブサイトでは、ウェブサイト体験の改善、サービスの利便性向上のため、cookieを使用しています。 クッキーの使用に同意いただける場合は「同意する」ボタンをクリックし、クッキーに関する情報や設定については「詳細を見る」ボタンをクリックしてください。 同意する 詳細を見る,19,fetched,2026-08-11T03:18:34Z
72,Mitsubishi Chemical,"Dialogue: Investor × CEO Introducing of Dialogue from Hiroyasu Koike, President and CEO, Nomura Asset Management Co., Ltd. and Manabu Chikumoto.",https://www.mcgc.com/english/ir/hub/feature/2025/01.html,Mitsubishi Chemical - Investor Relations / Investor Relations,,2026-08-11T03:18:34Z,official_page,https://www.mcgc.com/english/ir/,official,15,https://www.mcgc.com/english/ir/,"HOME Investor Relations Integrated Information Hub Special Feature Special Feature Dialogue: Investor × CEO Back to Core Chemical Roots: Redesigning Profit Structure and Advancing the Green Specialty Strategy Left: Manabu Chikumoto Representative Corporate Executive Officer, President and CEO, Mitsubishi Chemical Group Corporation Right: Hiroyasu Koike President and CEO, Nomura Asset Management Co., Ltd. Article on Nomura Asset Management 30/07/25 The Mitsubishi Chemical Group, a key player in Japan's longstanding integrated chemical industry, is aiming to overcome the sluggish performance of its Chemicals business by implementing business portfolio transformation and profit growth strategies based on three disciplined approaches in business operations and three criteria for business selec...",2944,fetched,2026-08-11T03:18:34Z
73,Sumitomo Chemical,IR News,https://www.sumitomo-chem.co.jp/english/ir/news/,Sumitomo Chemical - Investor Relations / Investor Relations,,2026-08-11T03:18:34Z,official_page,https://www.sumitomo-chem.co.jp/english/ir/,official,15,https://www.sumitomo-chem.co.jp/english/ir/,Investor Relations IR News IR News Investor Relations Top Message Management Policy Corporate Business Plan Risk Factors Disclosure Policy Initiatives aimed at enhancing corporate value Financial Data Chart Generator Fact Sheet ESG information IR Library Financial Results Annual Report Investors' Handbook Meeting of Shareholders Documents Sustainability Databook Fact Sheet IR Events Stock & Ratings Information Stock Quotes Historical Share Price Shareholder Information Returns to Shareholders and Dividend Ratings Information Meetings of Shareholders Articles of Incorporation To Our Investors What kind of company is Sumitomo Chemical? Individual Investors' Meeting Understanding the Sumitomo Chemical Story Main Products Virtual Plant Tour IR News IR News Service FAQ IR Inquiries Disclaimer,107,fetched,2026-08-11T03:18:34Z
5,Cytiva,Open Report of unscheduled material events or corporate event in HTML.,https://app.quotemedia.com/data/downloadFiling?webmasterId=101533&ref=320237260&type=HTML&symbol=DHR&cdn=c898b557e52916ddfb63d5a675223d01&companyName=Danaher+Corporation&formType=8-K&dateFiled=2026-08-03,Cytiva - Danaher SEC Filings / Regulatory Filings,2026-08-03T00:00:00Z,2026-08-11T03:18:34Z,official_page,https://investors.danaher.com/sec-filings,official,17,https://investors.danaher.com/sec-filings,DANAHER CORP /DE/ false 0000313616 0000313616 2026-07-31 2026-07-31 0000313616 us-gaap:CommonStockMember 2026-07-31 2026-07-31 0000313616 dhr:A2.1SeniorNotesDue2026Member 2026-07-31 2026-07-31 0000313616 dhr:A1.2SeniorNotesDue2027Member 2026-07-31 2026-07-31 0000313616 dhr:A0.45SeniorNotesDue2028Member 2026-07-31 2026-07-31 0000313616 dhr:FloatingRateSeniorNotesDue2028Member 2026-07-31 2026-07-31 0000313616 dhr:M2.500SeniorNotesDue20302Member 2026-07-31 2026-07-31 0000313616 dhr:M3.250SeniorNotesDue20301Member 2026-07-31 2026-07-31 0000313616 dhr:A0.75SeniorNotesDue2031Member 2026-07-31 2026-07-31 0000313616 dhr:A3.625SeniorNotesDueApril2034EuroNotesMember 2026-07-31 2026-07-31 0000313616 dhr:A4.000SeniorNotesDueApril2038EuroNotesMember 2026-07-31 2026-07-31 0000313616 dhr:A1.35SeniorNotes...,3894,fetched,2026-08-11T03:18:34Z
13,BorgWarner,Biographies,https://www.borgwarner.com/newsroom/leadership-biographies,BorgWarner - SEC Filings / Regulatory Filings,,2026-08-11T03:18:34Z,official_page,https://www.borgwarner.com/investors/sec-filings,official,17,https://www.borgwarner.com/investors/sec-filings,"Skip to main content Biographies &nbsp; Strategy Board Joseph (Joe) F. Fadool President and Chief Executive Officer Biography Image Craig Aaron Executive Vice President and Chief Financial Officer Biography &nbsp; Image Tonit M. Calaway Executive Vice President, Chief Administrative Officer, General Counsel and Secretary Biography Image Stefan Demmerle Vice President of BorgWarner Inc. and President and GM, Battery Energy Systems and Chief Technology Officer Biography Image Paul Farrell Executive&nbsp;Vice President and Chief Strategy Officer Biography Image Shawn Li Vice President and President of BorgWarner China and Vice President & General Manager of PowerDrive Systems, China Biography Image Isabelle McKenzie Vice President of BorgWarner Inc. and President and GM, PowerDrive Systems Bi...",167,fetched,2026-08-11T03:18:34Z
48,ABB,PDF (Amendment),https://global.abb/content/dam/abb/global/group/investors/results-and-reports/2017/ABB%202017%20Form%2020-F-A%20-%20SEC%20filing.pdf,ABB - SEC Filings / XBRL Archive / Regulatory Filings,,2026-08-11T03:18:34Z,official_page,https://global.abb/group/en/investors/results-and-reports/sec-filings/xbrl-2009,official,17,https://global.abb/group/en/investors/results-and-reports/sec-filings/xbrl-2009,,,skipped_non_html,
1,Australian Strategic Metals,12/02/2026 Bell Potter Unearthed Presentation,https://asm-au.com/wp-content/uploads/2026/02/20260212_Bell-Potter-Unearthed_FINAL.pdf,Australian Strategic Metals - Corporate Presentations / Investor Presentations,,2026-08-11T03:18:34Z,official_page,https://asm-au.com/investors/corporate-presentations/,official,18,https://asm-au.com/investors/corporate-presentations/,,,skipped_non_html,
42,Jenoptik,"Quarterly Statement for January to March 2026 (PDF | 0,30 MB)",https://www.jenoptik.com/-/media/websitedocuments/ir/berichte-und-tabellen/2026/jenoptik-quarterly-statement-q1-2026.pdf,Jenoptik - Reports and Presentations / Financial Reports / Presentations,,2026-08-11T03:18:34Z,official_page,https://www.jenoptik.com/investors/reports-and-presentations,official,18,https://www.jenoptik.com/investors/reports-and-presentations,,,skipped_non_html,
9,Albemarle,"2025 Annual Report of 2025, PDF file, (opens in new window)",https://s201.q4cdn.com/960975307/files/doc_financials/2025/ar/4fa9927a-565b-49d2-be16-b9d891af459d.pdf,Albemarle - Annual Reports / Annual Reports,,2026-08-11T03:18:34Z,official_page,https://investors.albemarle.com/financials/annual-reports/default.aspx,official,19,https://investors.albemarle.com/financials/annual-reports/default.aspx,,,skipped_non_html,
9,Albemarle,"2026 Proxy Statement of 2025, PDF file, (opens in new window)",https://s201.q4cdn.com/960975307/files/doc_financials/2025/ar/ALBEMARLE-CORP_2026_Proxy_Statement.pdf,Albemarle - Annual Reports / Annual Reports,,2026-08-11T03:18:34Z,official_page,https://investors.albemarle.com/financials/annual-reports/default.aspx,official,19,https://investors.albemarle.com/financials/annual-reports/default.aspx,,,skipped_non_html,
9,Albemarle,"2024 Annual Report of 2024, PDF file, (opens in new window)",https://s201.q4cdn.com/960975307/files/doc_financials/2024/ar/ALBEMARLE-CORP_2024_Annual_Report-for-website.pdf,Albemarle - Annual Reports / Annual Reports,,2026-08-11T03:18:34Z,official_page,https://investors.albemarle.com/financials/annual-reports/default.aspx,official,19,https://investors.albemarle.com/financials/annual-reports/default.aspx,,,skipped_non_html,
9,Albemarle,"2025 Proxy Statement of 2024, PDF file, (opens in new window)",https://s201.q4cdn.com/960975307/files/doc_financials/2024/ar/ALBEMARLE-CORP_2025_Proxy_Statement_-for-website.pdf,Albemarle - Annual Reports / Annual Reports,,2026-08-11T03:18:34Z,official_page,https://investors.albemarle.com/financials/annual-reports/default.aspx,official,19,https://investors.albemarle.com/financials/annual-reports/default.aspx,,,skipped_non_html,
22,Boeing,most recent Sustainability Report,https://www.boeing.com/content/dam/boeing/v2/company/sustainability/documents/2026-boeing-sustainability-report.pdf,Boeing - Reports / Regulatory Filings / Reports,,2026-08-11T03:18:34Z,official_page,https://investors.boeing.com/investors/reports/default.aspx,official,19,https://investors.boeing.com/investors/reports/default.aspx,,,skipped_non_html,
28,ASML,Go to 2025 Annual Report,https://www.asml.com/en/investors/annual-report/2025,ASML - Financial Results / Financial Reports / Results,,2026-08-11T03:18:34Z,official_page,https://www.asml.com/en/investors/financial-results,official,19,https://www.asml.com/en/investors/financial-results,"2025 Annual Report Powering technology forward with you Pause video Download 2025 report Powering technology forward with you ASML is a leading innovator in the global semiconductor ecosystem. Our hardware, software and services help chipmakers create more powerful, affordable and energy-efficient microchips. Enable third party cookies to play this video Below you can enable third party cookies. Your choice will be saved and the page will refresh. Disabled Enabled Our highlights from 2025 All figures based on US GAAP Total net sales €32.7bn Read more €28.1bn Asia €4.1bn United States €0.5bn EMEA Back Gross margin 52.8% Read more More profitability KPIs: €17.3bn Gross profit €11.3bn Income from operations €9.6bn Net income €24.73 Earnings per share (basic) Back Research and development €4.7...",540,fetched,2026-08-11T03:18:34Z
39,BASF,Half-Year Financial Report,https://www.basf.com/dam/jcr:0b80a486-0dd8-4706-9d1c-3c7658e9c5c0/basf/www/global/documents/en/investor-relations/calendar-and-publications/reports/2026/BASF_Half-Year-Financial-Report-2026.pdf?vid=o5_VGKbRwEl78W3vFSZP0EcFJsQAxBkf,BASF - Reporting / Financial Reports,,2026-08-11T03:18:34Z,official_page,https://www.basf.com/global/en/investors/calendar-and-publications/reporting,official,19,https://www.basf.com/global/en/investors/calendar-and-publications/reporting,,,skipped_non_html,
39,BASF,Selected tables from the&nbsp;Half-Year Financial Report as Excel files,https://www.basf.com/dam/jcr:4f9f605b-319b-44ec-ba62-b4ec5e225d07/basf/www/global/documents/en/investor-relations/basf-at-a-glance/key-financial-data/BASF-Selected-Tables-Q2-2026.xlsx?vid=eBptPPYfaPEeL6MrNRpEpZCChFWbUGd0,BASF - Reporting / Financial Reports,,2026-08-11T03:18:34Z,official_page,https://www.basf.com/global/en/investors/calendar-and-publications/reporting,official,19,https://www.basf.com/global/en/investors/calendar-and-publications/reporting,,,skipped_non_html,
44,Umicore,Full PDF with AI-feature (English version),https://reports.umicore.com/2025,Umicore - Annual Report / Annual Reports,,2026-08-11T03:18:34Z,official_page,https://www.umicore.com/en/investor-relations/publications-reports/annual-report,official,19,https://www.umicore.com/en/investor-relations/publications-reports/annual-report,Palau Report Insights,3,fetched,2026-08-11T03:18:34Z
75,Toray,Consolidated Results for the Fiscal Year Ended March 2026 (PDF:447KB),https://www.toray.com/ir/pdf/fin/fin_a120.pdf,Toray - Financial Results / Financial Results,2026-06-29T15:00:00Z,2026-08-11T03:18:34Z,official_page,https://www.toray.com/ir/library/lib_001.html,official,20,https://www.toray.com/ir/library/lib_001.html,,,skipped_non_html,
12,Chemours,Earnings Conference Call,https://investors.chemours.com/events/event-details/first-quarter-2026-earnings-webcast-conference-call,Chemours - Quarterly Reports / Quarterly Results,2026-05-05T15:00:00Z,2026-08-11T03:18:34Z,official_page,https://investors.chemours.com/financial-information/quarterly-reports,official,20,https://investors.chemours.com/financial-information/quarterly-reports,"Skip to main navigation First Quarter 2026 Earnings Webcast Conference Call May 6, 2026 8:00 AM EDT Webcast Supporting Materials Press Release Presentation Transcript Search Investors",26,fetched,2026-08-11T03:18:34Z
20,Eli Lilly and Company,/news/media/kisunla,https://www.lilly.com/news/media/kisunla,Eli Lilly and Company - Media / Media Center,2024-07-01T15:00:00Z,2026-08-11T03:18:34Z,official_page,https://www.lilly.com/news/media,official,20,https://www.lilly.com/news/media,"spacer large primary small spacer large primary small spacer large primary small spacer large primary small left 60px Kisunla® (donanemab-azbt) 60px one spacer large primary small center A father and son embraced, standing side-by-side sameTab select center center spacer large primary small spacer large primary small Press Release link https://investor.lilly.com/news-releases/news-release-details/lillys-kisunlatm-donanemab-azbt-approved-fda-treatment-early?utm_source=li&utm_medium=organic&utm_campaign=alz_donli&utm_id=alz Read the press release newTab select Product Photo asset https://delivery-p137454-e1438138.adobeaemcloud.com/adobe/assets/urn:aaid:aem:788b5e04-6090-4ef7-bbd3-7a4a776ad98c/as/KISUNLA-Vial-350MG_Product_Standing2.avif?assetname=KISUNLA+Vial+350MG_Product_Standing2.png Kisu...",910,fetched,2026-08-11T03:18:34Z
18,Qualcomm,Keynote Presentation,https://s204.q4cdn.com/645488518/files/doc_financials/2024/q4/Embedded-World-Presentation_9-24-24.pdf,Qualcomm - Historical Financial Results / Historical Financial Results,,2026-08-11T03:18:34Z,official_page,https://investor.qualcomm.com/financial-info-sec-filings/historical-financial-results/default.aspx,official,20,https://investor.qualcomm.com/financial-info-sec-filings/historical-financial-results/default.aspx,,,skipped_non_html,
18,Qualcomm,The Age of Industrial Intelligence Press Kit,https://www.qualcomm.com/news/press-kits/the-age-of-industrial-intelligence-press-kit,Qualcomm - Historical Financial Results / Historical Financial Results,,2026-08-11T03:18:34Z,official_page,https://investor.qualcomm.com/financial-info-sec-filings/historical-financial-results/default.aspx,official,20,https://investor.qualcomm.com/financial-info-sec-filings/historical-financial-results/default.aspx,The Age of Industrial Intelligence Press Kit | Qualcomm,9,fetched,2026-08-11T03:18:34Z
20,Eli Lilly and Company,/news/media/ebglyss,https://www.lilly.com/news/media/ebglyss,Eli Lilly and Company - Media / Media Center,,2026-08-11T03:18:34Z,official_page,https://www.lilly.com/news/media,official,20,https://www.lilly.com/news/media,,,error,2026-08-11T03:18:34Z
20,Eli Lilly and Company,/news/media/foundayo,https://www.lilly.com/news/media/foundayo,Eli Lilly and Company - Media / Media Center,,2026-08-11T03:18:34Z,official_page,https://www.lilly.com/news/media,official,20,https://www.lilly.com/news/media,,,error,2026-08-11T03:18:34Z
20,Eli Lilly and Company,/news/media/inluriyo,https://www.lilly.com/news/media/inluriyo,Eli Lilly and Company - Media / Media Center,,2026-08-11T03:18:34Z,official_page,https://www.lilly.com/news/media,official,20,https://www.lilly.com/news/media,,,error,2026-08-11T03:18:34Z
20,Eli Lilly and Company,/news/media/jaypirca,https://www.lilly.com/news/media/jaypirca,Eli Lilly and Company - Media / Media Center,,2026-08-11T03:18:34Z,official_page,https://www.lilly.com/news/media,official,20,https://www.lilly.com/news/media,spacer large spacer large spacer large 60px Jaypirca ® (pirtobrutinib): 60px spacer small 60px First and only non-covalent (reversible) BTK inhibitor approved by the U.S. FDA for adult patients with relapsed or refractory CLL or SLL who have been previously treated with a covalent BTK inhibitor. 20px spacer large Man wearing a fedora standing next to a body of water additionalPadding narrow Media Assets 24px Brand Logo asset https://images.ctfassets.net/srys4ukjcerm/1qY675hrUnhar9F74LXNv1/9c8fe88484d131a107cf4692c8f2d045/JAYP_US_R_Prom_RGB_FC_Pos.png https://delivery-p137454-e1438138.adobeaemcloud.com/adobe/assets/urn:aaid:aem:a14677e6-8dcc-4e55-b883-ea46560ad685/as/JAYP_US_R_Prom_RGB_FC_Pos.avif?assetname=JAYP_US_R_Prom_RGB_FC_Pos.png 50mg Product Shot asset https://images.ctfassets.net/s...,1730,fetched,2026-08-11T03:18:34Z
20,Eli Lilly and Company,/news/media/mounjaro,https://www.lilly.com/news/media/mounjaro,Eli Lilly and Company - Media / Media Center,,2026-08-11T03:18:34Z,official_page,https://www.lilly.com/news/media,official,20,https://www.lilly.com/news/media,spacer large spacer large spacer large spacer large Mounjaro® (tirzepatide) Injection: The First and Only GIP and GLP-1 Receptor Agonist Approved for Type 2 Diabetes 60px spacer large Doctor and elderly patient reviewing information on a clipboard additionalPadding narrow additionalMargins none Media Assets 24px Brand Logo asset https://images.ctfassets.net/srys4ukjcerm/7A6sPxzVVCPYLW2kUU8UBm/e44f25824c5ed2a01895929fb28fdbd8/MOUN_US_R-ball_OnWkly_6Dose_RGB_FC_Pos__002_.png https://delivery-p137454-e1438138.adobeaemcloud.com/adobe/assets/urn:aaid:aem:790d8563-02c1-4766-a9ca-5020bb9bc323/as/MOUN_US_R-ball_OnWkly_6Dose_RGB_FC_Pos__002_.avif?assetname=MOUN_US_R-ball_OnWkly_6Dose_RGB_FC_Pos__002_.png GIP and GLP-1 infographic asset https://assets.ctfassets.net/srys4ukjcerm/1p7FAzXIEMZpianzPuPxg...,2641,fetched,2026-08-11T03:18:34Z
49,Maxon,Download,https://www.maxongroup.com/assets/public/caas/v1/media/103916/data/9361605b64f58a1f286e521202851951/company-mediacenter-business-unit-container-medizintechnik-download.pdf,Maxon - Media Center / Media Center,,2026-08-11T03:18:34Z,official_page,https://www.maxongroup.com/en-us/news-and-events/media-center,official,20,https://www.maxongroup.com/en-us/news-and-events/media-center,,,skipped_non_html,
49,Maxon,Download,https://www.maxongroup.com/assets/public/caas/v1/media/107364/data/a67695331f10014b64581e489e3d9031/company-mediacenter-business-unit-container-mobility-download.pdf,Maxon - Media Center / Media Center,,2026-08-11T03:18:34Z,official_page,https://www.maxongroup.com/en-us/news-and-events/media-center,official,20,https://www.maxongroup.com/en-us/news-and-events/media-center,,,skipped_non_html,
49,Maxon,Download,https://www.maxongroup.com/assets/public/caas/v1/media/93002/data/2bbee057ed5162e573722a1a0ad9752e/company-mediacenter-business-unit-container-aerospace-download.pdf,Maxon - Media Center / Media Center,,2026-08-11T03:18:34Z,official_page,https://www.maxongroup.com/en-us/news-and-events/media-center,official,20,https://www.maxongroup.com/en-us/news-and-events/media-center,,,skipped_non_html,
49,Maxon,Download,https://www.maxongroup.com/assets/public/caas/v1/media/105364/data/b1681209e5076eaf450fb55a49560ac0/company-mediacenter-business-unit-container-lab-automation-download.pdf,Maxon - Media Center / Media Center,,2026-08-11T03:18:34Z,official_page,https://www.maxongroup.com/en-us/news-and-events/media-center,official,20,https://www.maxongroup.com/en-us/news-and-events/media-center,,,skipped_non_html,
50,Siemens-Gamesa,Q2 FY2026 Presentation Analyst Conference,https://assets.siemens-energy.com/dam/41a65182-38a3-48d9-a4ee-b4480041e3f9/2026-05-12_Q2_Analyst_presentation_final-pdf_Original%20file.pdf,Siemens-Gamesa - Publications & Ad Hoc / Regulatory Disclosures / Publications,,2026-08-11T03:18:34Z,official_page,https://www.siemens-energy.com/global/en/home/investor-relations/publications-ad-hoc.html,official,20,https://www.siemens-energy.com/global/en/home/investor-relations/publications-ad-hoc.html,,,skipped_non_html,
50,Siemens-Gamesa,Q1 FY2026 Earnings Release and Financial Results,https://assets.siemens-energy.com/dam/f8b7f2d2-e4f2-4fe5-8295-b3ee005765a4/2026-02-11_Earnings-Release-Q1-FY26-pdf_Original%20file.pdf,Siemens-Gamesa - Publications & Ad Hoc / Regulatory Disclosures / Publications,,2026-08-11T03:18:34Z,official_page,https://www.siemens-energy.com/global/en/home/investor-relations/publications-ad-hoc.html,official,20,https://www.siemens-energy.com/global/en/home/investor-relations/publications-ad-hoc.html,,,skipped_non_html,
50,Siemens-Gamesa,Q1 FY2026 Presentation Analyst Conference,https://assets.siemens-energy.com/dam/d5e24758-5d19-44f7-b57d-b3ee0057e335/2026-02-11_Q1_Analyst_presentation-pdf_Original%20file.pdf,Siemens-Gamesa - Publications & Ad Hoc / Regulatory Disclosures / Publications,,2026-08-11T03:18:34Z,official_page,https://www.siemens-energy.com/global/en/home/investor-relations/publications-ad-hoc.html,official,20,https://www.siemens-energy.com/global/en/home/investor-relations/publications-ad-hoc.html,,,skipped_non_html,
50,Siemens-Gamesa,Q4 FY25 Earnings Release and Financial Results,https://assets.siemens-energy.com/dam/b17980ef-1d11-4d4a-8c24-b394012dd9f4/2025-11-13_Earnings-Release-Q4-FY25-pdf_Original%20file.pdf,Siemens-Gamesa - Publications & Ad Hoc / Regulatory Disclosures / Publications,,2026-08-11T03:18:34Z,official_page,https://www.siemens-energy.com/global/en/home/investor-relations/publications-ad-hoc.html,official,20,https://www.siemens-energy.com/global/en/home/investor-relations/publications-ad-hoc.html,,,skipped_non_html,
62,Arkema,Green Bond Roadshow Presentation Octobre 2020,https://www.arkema.com/files/live/sites/shared_arkema/files/downloads/investorrelations/en/finance/green-bond-roadshow-presentation-oct-2020.pdf,Arkema - Regulated Information / Regulatory Disclosures,,2026-08-11T03:18:34Z,official_page,https://www.arkema.com/global/en/investor-relations/regulated-information/,official,20,https://www.arkema.com/global/en/investor-relations/regulated-information/,,,skipped_non_html,
69,Shin-Etsu Chemicals,Financial Summary (832 KB) pdf,https://www.shinetsu.co.jp/wp-content/uploads/2019/07/20191025_data_E.pdf,Shin-Etsu Chemicals - Financial Summary / Briefing / Financial Briefings,,2026-08-11T03:18:34Z,official_page,https://www.shinetsu.co.jp/en/ir/ir-data/ir-briefing/,official,20,https://www.shinetsu.co.jp/en/ir/ir-data/ir-briefing/,,,skipped_non_html,
69,Shin-Etsu Chemicals,Financial Summary (652 KB) pdf,https://www.shinetsu.co.jp/wp-content/uploads/2019/07/20190724_data_E.pdf,Shin-Etsu Chemicals - Financial Summary / Briefing / Financial Briefings,,2026-08-11T03:18:34Z,official_page,https://www.shinetsu.co.jp/en/ir/ir-data/ir-briefing/,official,20,https://www.shinetsu.co.jp/en/ir/ir-data/ir-briefing/,,,skipped_non_html,
41,Heraeus,Brewer Science strengthens US semiconductor supply chain with Heraeus Epurio acquisition - eeNews Europe,https://news.google.com/rss/articles/CBMivgFBVV95cUxPVTRSYmoxREpTd2JfeWZhaWd6NEkteXRVREFTRnQ0bXNjYUZ4LS1DSFN2VnJBamFLMXdLX2ZRVUpWbTVpamxrUHhfeVQ0b1pvcFk2N01IV3VjQldUSVJicXR2Z2RJQ2NPNHNfMGJkUVczNUVvbEdKdVktTEg2T3o1WmMtdTRxZ3pvdllvVm5ZaE0xbS0tWldrS1RGbms1VG1oWUNOdjdLSVFidnlqVG05cDNNdXpmRDgzbnFCWUZB?oc=5,Google News: eeNews Europe,2026-08-10T06:35:24Z,2026-08-11T03:18:34Z,google_news_rss,"(""Heraeus"" OR ""Heraeus Group"") (""press release"" OR ""investor relations"" OR earnings OR announcement OR investment OR expansion OR acquisition OR partnership OR Korea) when:45d",fallback,90,,,,,
41,Heraeus,Smoltek Hydrogen and Heraeus Precious Metals Advance Next-Generation Ultra-Low Iridium Electrolysis Technology - Cision News,https://news.google.com/rss/articles/CBMi9gFBVV95cUxNM3ZPVFhUT0I1RnVUM3BKV0xZa1RpeEJXaTA4SGZBRzhmS2xwVVRXeXliREF5Ny1iWTM0Yi1rUm9INFE2ODhoODZya1V3Y1BSSlBVQ1dfTXg4R01XYURuV2tLNDBWVVNuSS10b05oSlNrVWJ3cUpCbFItYmVxOE9xYnVjRDJzR2RRaVRQc2t3T3F3WlNLUjBmakxNb1YtcjlLeDlITVNuVzVzN1FocjRiUXNZN0Q4UkZxT0ZfelhIWUozWnBxVmpvSEYtSFROeld6S1FlUF9oZXF5QXN1V1FzaUV5VUdMa1hNWjZrVWJuMjk0aUd1N2c?oc=5,Google News: Cision News,2026-08-10T06:30:00Z,2026-08-11T03:18:34Z,google_news_rss,"(""Heraeus"" OR ""Heraeus Group"") (""press release"" OR ""investor relations"" OR earnings OR announcement OR investment OR expansion OR acquisition OR partnership OR Korea) when:45d",fallback,90,,,,,
41,Heraeus,"Connected Car News: Zum , Aeva, Hyundai, Kia, Mercedes-Benz, MediaTek, Infineon - AUTO Connected Car News",https://news.google.com/rss/articles/CBMiswFBVV95cUxON2xGdUt4dXFkTjhsYzdyU09uR2VQUkpkQ2JrN1BOVjVzMEFhZlBVSGZfWDY4TlNVUi1aVTBKcExIUFpSWkxQNUdlMnpkNTEwTW9xR1FnY2JrMTIzU3NSYk5RY0RHQVJWRVFMRnVveGF3ZkIwVnRHSzF6dXRuNUNvZlJxZ2RXX3RKbGJWZnlFX0JjODRhSFp6cjRrRUFIZktkUk5sY1I1akNQWUYxLUw3T0d4MA?oc=5,Google News: AUTO Connected Car News,2026-08-09T23:34:11Z,2026-08-11T03:18:34Z,google_news_rss,"(""Heraeus"" OR ""Heraeus Group"") (""press release"" OR ""investor relations"" OR earnings OR announcement OR investment OR expansion OR acquisition OR partnership OR Korea) when:45d",fallback,90,,,,,
37,Merck,Merck eyes expansion of Montgomery County campus amid $2.9B investment - The Business Journals,https://news.google.com/rss/articles/CBMiqwFBVV95cUxPRkRDb3dEbTI5dklpVjVjUGtYSkE2WVU3R1d0MXVCbG1TT3VSQWFMMDFXUDI0eXFXZ3dhNEhSUks5SEVpLUEzNlIxTTd5bDdoVGlmdy1TRzVhNC0xd1hjRmQ5VDBFd3pOUDlLVkViT0FLeWlDanBXYXRHZW94WG1KRnFBQmVTbl95dlVvdXd6VGlkYzNIR1lSaFJXSmlUczI1NnJTcG1hcl9EcmM?oc=5,Google News: The Business Journals,2026-08-06T17:36:00Z,2026-08-11T03:18:34Z,google_news_rss,"(""Merck"" OR ""Merck KGaA"") (""press release"" OR ""investor relations"" OR earnings OR announcement OR investment OR expansion OR acquisition OR partnership OR Korea) when:45d",fallback,90,,,,,
37,Merck,"Earnings roundup: Gilead’s ‘uncertain’ future, Pfizer’s crossroads and Merck’s PCSK9 launch - BioPharma Dive",https://news.google.com/rss/articles/CBMikgFBVV95cUxPRGthS05GMFF3dUtGOHlUZU02ZWdUcVBGVlhlc0pfOWVLakJJOWs5UEo2VkdSa2Q0WjRzOUFCTDBGTU1WV2xpZ29UREExNGVKYmxRb0F5VC1LSDhNZ253NE1ka3lfVFJrV2FlNVhrdlVkMnFMRV92eVBQY3AxX1dKSDd6ejdmWngzb1pOeVpZVjBUQQ?oc=5,Google News: BioPharma Dive,2026-08-05T15:30:26Z,2026-08-11T03:18:34Z,google_news_rss,"(""Merck"" OR ""Merck KGaA"") (""press release"" OR ""investor relations"" OR earnings OR announcement OR investment OR expansion OR acquisition OR partnership OR Korea) when:45d",fallback,90,,,,,
41,Heraeus,AMD AI revenue surges in record quarter ... - eeNews Europe,https://news.google.com/rss/articles/CBMifEFVX3lxTE9uY2FhNjdXRWNDNkxkUWpxcDNST2tROHMwTDdJMjYwSGZ3akwwM3pDb08xcnJPSF9vMlloeTNGbnlxNlQ4ZUFmQ3lFVEVuTVoxOWE5T3pMeW9qYnFBenhaTmh3bEFSMXJuRlN1VkJpdkloamZKRktsaU91XzQ?oc=5,Google News: eeNews Europe,2026-08-05T09:50:17Z,2026-08-11T03:18:34Z,google_news_rss,"(""Heraeus"" OR ""Heraeus Group"") (""press release"" OR ""investor relations"" OR earnings OR announcement OR investment OR expansion OR acquisition OR partnership OR Korea) when:45d",fallback,90,,,,,
36,Bayer,Bayer posts unexpected gain in adjusted profit on seed demand - Reuters,https://news.google.com/rss/articles/CBMimgFBVV95cUxPRjFRa2w4ZS05NzZ5ZVcxbmxmbnJfMkNuZ040SE4tNDd4N1RpMUhGOWxDdzhVVkVjbW81Qlk2OXNPeEVPZGxETWZZTkt0bE96NFA5dUZFX1ExVEluTHhuSXpIZ01xeUhJajhzcWdnejJsazBwbE45RUNaUXlqY2NJclg4b1Q5NmdMX0tPcXFsc3gyZF9ON0k1RHFR?oc=5,Google News: Reuters,2026-08-04T15:30:38Z,2026-08-11T03:18:34Z,google_news_rss,"(""Bayer"" OR ""Bayer AG"") (""press release"" OR ""investor relations"" OR earnings OR announcement OR investment OR expansion OR acquisition OR partnership OR Korea) when:45d",fallback,90,,,,,
36,Bayer,Bayer CEO Rules out Group Breakup for Now - WSJ,https://news.google.com/rss/articles/CBMipgFBVV95cUxPVURRYTFSdmNIWWdVY3ZJeUlyNHhkR1ZRZ19mMXNQc0xzS21IWlEwSVV4TDNwQ3ljaWpoSHRmY0tGZDA3MDZxbWczbFJaRkVUNmFuUDJMZnJWYlNWSlkxdUhWTDRudXhoYVRua2pwOE54NEFYMndGQnQxbXhTc25heHg3YTIwWDdZN3dUdGZ4TWJLd3ZoSmpzZXdpRk1nSE41WGhmVHRB?oc=5,Google News: WSJ,2026-08-04T13:43:00Z,2026-08-11T03:18:34Z,google_news_rss,"(""Bayer"" OR ""Bayer AG"") (""press release"" OR ""investor relations"" OR earnings OR announcement OR investment OR expansion OR acquisition OR partnership OR Korea) when:45d",fallback,90,,,,,
37,Merck,Merck Cuts Full-Year Profit Forecast as Acquisition Costs Weigh on Bottom Line - WSJ,https://news.google.com/rss/articles/CBMiwwFBVV95cUxONDBsajE0UzRWVmJqS19NaXZKXy02T012WEpJMmlrR1FBQ2tiRWROR29sY1NIVy1mVEpnYTFPV0tDb21fbUVVRFZyMk1Yc0gxYk1nRG9SSXFQVk9tdFRUdnNwTng3NndIcjZSMHp5ZDMtU04zTHZlM3NyNWs5cHVDekVvWV9tYUNvREpUZDZWZ1JuT29yZWwzNWdiUE9KTEZfVm1WblgxMFM0NjlSTU9CVjdOU0ZCRVJqVHphOWNpb3pDemc?oc=5,Google News: WSJ,2026-08-04T10:41:00Z,2026-08-11T03:18:34Z,google_news_rss,"(""Merck"" OR ""Merck KGaA"") (""press release"" OR ""investor relations"" OR earnings OR announcement OR investment OR expansion OR acquisition OR partnership OR Korea) when:45d",fallback,90,,,,,
37,Merck,"Merck hikes revenue outlook as new drug sales grow, but cuts profit guidance due to deal charges - CNBC",https://news.google.com/rss/articles/CBMicEFVX3lxTE5EUUczZVBWYXh5T1ZoWnRtWFMtYnFxMWxXcFFlTkc5VzR0VlVwM0w4YUN5bDJoWWdWb0NPTkx0Ukg1QVFEdllUZTRYbTZnMWxWX2o5UjZDbVJna1QzdmlIUkNjTTdiejhHdXlYOUp1UGnSAXZBVV95cUxQS0hFMm12Vy1SbDYzSnRvQlFDXzA4aFRWY2ctSTFvOXZhNVJCX3VULWk1Vi1HUTd6eURDQXphSFgwTzY2TmRYWlhDZnN4ZGhTdm5xcGE0Y194aTQxN3lHdE4xVGRyX2c5MFlsOGg1RTNrT1dvR19B?oc=5,Google News: CNBC,2026-08-04T10:34:21Z,2026-08-11T03:18:34Z,google_news_rss,"(""Merck"" OR ""Merck KGaA"") (""press release"" OR ""investor relations"" OR earnings OR announcement OR investment OR expansion OR acquisition OR partnership OR Korea) when:45d",fallback,90,,,,,
37,Merck,Our Q2 2026 financial results - Merck.com,https://news.google.com/rss/articles/CBMibEFVX3lxTE9mT3VpdDdoWGplLTZodFc1V3hpRmlwNFJGblN0ckh1UFltdEI0V2g0OVBneTZGS3pwbDlvelR0OENhbFF0WldKN3lYbXBKY0s3OXlFUWx4N1IxYjV2Vm5KSnE0dE91d2RrSjVlTQ?oc=5,Google News: Merck.com,2026-08-04T10:34:01Z,2026-08-11T03:18:34Z,google_news_rss,"(""Merck"" OR ""Merck KGaA"") (""press release"" OR ""investor relations"" OR earnings OR announcement OR investment OR expansion OR acquisition OR partnership OR Korea) when:45d",fallback,90,,,,,
36,Bayer,Bayer Earnings Beat Estimates on Crop Science Strength - Bloomberg.com,https://news.google.com/rss/articles/CBMiqAFBVV95cUxQV1A4S3EyU1FNdHFPbF92VEp2N3RTZUtDMW5LTUU1NFRJQ1Z3Zk5Wd3NnX0ZNYkhZTFdDcjNGSHhFT24zLW14NjNnSC1EN1Bva3VYbFRxUGJUYjR4ZFRtUlBrYjhqSUllVUdXazFRMWQ3RkM4YVJOTC0yMXU2bjc2XzAwTXRldlVQU28wa3RCaVVUR3hBZmFrOXJjdmlRNnd5Rm1KbHRac3Y?oc=5,Google News: Bloomberg.com,2026-08-04T09:07:02Z,2026-08-11T03:18:34Z,google_news_rss,"(""Bayer"" OR ""Bayer AG"") (""press release"" OR ""investor relations"" OR earnings OR announcement OR investment OR expansion OR acquisition OR partnership OR Korea) when:45d",fallback,90,,,,,
38,Schott Pharma,SCHOTT Pharma AG & Co. KGaA Revenue Breakdown – BX:1SXP - TradingView,https://news.google.com/rss/articles/CBMickFVX3lxTE94TGlwQ2JrQzd3TWNHT3prR05BUnBrY0t6QmFsM3V4ZTMtMVZadm50clRNRU9WUGEtLXhmYkhrZzRBZ0tkNUR4TkZmaFRDWTZLdk50TDB1SXpCdnZIdzBvcFgyOXNVUjFWdy1iZDNhbnYzZw?oc=5,Google News: TradingView,2026-08-04T06:50:32Z,2026-08-11T03:18:34Z,google_news_rss,"""SCHOTT Pharma"" (""press release"" OR ""investor relations"" OR earnings OR announcement OR investment OR expansion OR acquisition OR partnership OR Korea) when:45d",fallback,90,,,,,
36,Bayer,"Bayer operationally on track, decisive progress on strategic priorities - bayer.com",https://news.google.com/rss/articles/CBMiqAFBVV95cUxNQTBIOXcyNUJCMEdTU3lhVHFhSW9HWmFxTGc4SG5BUE5BN1FIUHY0bDF5aFBrRGo2VVlZaUtCN2lfeTdBdnZxNjB6aEh5UzNidXI3Sms3LVVHWlh3YmZVYkpRR2FmbkhiamNBdE9WVndUeDJjV0loWUdyb1NtNXdrejlWbnpiZTdYT0lJcC1UQmwtUlJ4Rk8yWUdVZ1Zfb3NhSjNXdzNtVDc?oc=5,Google News: bayer.com,2026-08-04T05:30:00Z,2026-08-11T03:18:34Z,google_news_rss,"(""Bayer"" OR ""Bayer AG"") (""press release"" OR ""investor relations"" OR earnings OR announcement OR investment OR expansion OR acquisition OR partnership OR Korea) when:45d",fallback,90,,,,,
41,Heraeus,Brewer Science Acquires Heraeus Epurio Semiconductor Chemicals Business to Expand U.S. Supply Chain - citybiz,https://news.google.com/rss/articles/CBMi0wFBVV95cUxQVnNaN0hvV3NUN2xhWUJ1MXBhSDFpTnRHQ2pHUG5mQnpHNDRwSW5xcFdHM2UydjNFUkczT2lDMXN3bjNjUW5XdFh2RzdTbm1lUV9mRlluUEhLU2dfY00taXB5Z2tjdmxtMnJEMXhFVHpsM0dHU25Za3NzOEhta2hNc1FISXZ3bkp0cUFfRjdJRUlTU09IR054aFc2am15UU1ZZmRDYjdOUW5SS1Joa2YxaDJ6TnpiVHJrWlc3TzBicUtncnYtS2RlTjdiai1hVVhuRDBJ?oc=5,Google News: citybiz,2026-08-03T22:31:00Z,2026-08-11T03:18:34Z,google_news_rss,"(""Heraeus"" OR ""Heraeus Group"") (""press release"" OR ""investor relations"" OR earnings OR announcement OR investment OR expansion OR acquisition OR partnership OR Korea) when:45d",fallback,90,,,,,
52,Nexeon,Is Ingevity (NGVT) Cheap After Earnings And Its Completed Buyback? - simplywall.st,https://news.google.com/rss/articles/CBMixAFBVV95cUxNek9sbG9HQURCM0hXT2Vxc3VvZDRqdEl0MVhHOUkzOTZOWDNiM2FLRFRmYnBzNFRRem1WMWl0ZVV5dkprVl8wNFhra0d6ZnBPaDI1YXhXeXZ4LTV6Z09xUkljQUZ2Nm1PRnJyUzZoZW5iTzNKaEwzR3BWT3E5TEgzRG9UTVpvUU92ejZLZlZKRms4NDNqUmJXUmYwak9vZ01lRzZvZWNVRWowR2pVLTRQdFB5bE5pa1ExUWJCRWZ5VHBPN2RT0gHKAUFVX3lxTFB4ZGlENHF4R1VUQUxTb1FmV3RKZUpFc0phSmZFb1plTjBlaWtzeUJnT2JidFd1TndGS3Jja3llcWlzM3V4NGZNOVNQVmR5aHdKNTFlQWZtN25WT2lyMFZYMnptTGswQWYydFEtaDI4UE1VSlJ4eUE1OEJsR3NLWHpZemlsdXUydm5nQUo3ZndQblZiLU4zT200WkVfeXQwbTVwSjRURjh0aUZ3dG9ER085ZGYwV2hYU1RHQmI5WnJlTFlRdzN2QWlMR1E?oc=5,Google News: simplywall.st,2026-08-03T22:10:51Z,2026-08-11T03:18:34Z,google_news_rss,"(""Nexeon"" OR ""Nexeon Limited"") (""press release"" OR ""investor relations"" OR earnings OR announcement OR investment OR expansion OR acquisition OR partnership OR Korea) when:45d",fallback,90,,,,,
41,Heraeus,Brewer Science Strengthens America's Semiconductor Supply Chain with Acquisition of Heraeus Epurio's Semiconductor Chemicals Business - PR Newswire,https://news.google.com/rss/articles/CBMilgJBVV95cUxNX2YwNHY3eGQyOUF0Y1EwSDQ1X2pScWZWQVBDZms3MkhFbkF3WU5fNC1PdHhucldUX2xPMW1zelRJamNYemZ4bG5NdDBBdE96aDNIWkk0NXhYamhlcHJkM29LOVJaY3A4NVlRMmlheU1EOVNCMHB0MFloVkh3eU1iUHlOeVIwRVlQZVduaFAycU1GM2IycFhHX2ZiQmw0b29mOGwtM0NFTzJjQzhPRE53MVZVTHB4anZCZVNaUjBGRUNGN1ZSWkVaWGt2YTB6ZVFkeVgyWHBTa1U2Y1VTUkpOR2VLZ2xNSFlMekgtUXZmNFpmWjcwSEpmV3VJUS1tbjhOZkFMYmdJRFhSeGNFbXRZank4M0NmUQ?oc=5,Google News: PR Newswire,2026-08-03T14:08:00Z,2026-08-11T03:18:34Z,google_news_rss,"(""Heraeus"" OR ""Heraeus Group"") (""press release"" OR ""investor relations"" OR earnings OR announcement OR investment OR expansion OR acquisition OR partnership OR Korea) when:45d",fallback,90,,,,,
35,Schmalz,WMW | Personnel: Machinex appoints Madison Schmalz as Western Region Sales Manager - Waste Management World,https://news.google.com/rss/articles/CBMitgFBVV95cUxNblVTYmhZM1JLR0RMQWZORnRGak8yQkpwajF3N1RCODlVamhXZHRJZXN1Y1VUdlJTUFZlX1ZDWnFLVzNpSGlNMko5SS1DZGVSWVUwOGxIRVVJcDI4VFBWMWFwMUpQMXc1MlU2ZEY4NjFuWXg2T2FHdWk5ak5wTDVnZ3I1dHdEQTdRQ3VNeDlnQVgxc01SdnZaQWJHSlZWYVozM2hSVFQ1bkN5NEdGQnYycVBTNEZLUQ?oc=5,Google News: Waste Management World,2026-07-31T07:07:00Z,2026-08-11T03:18:34Z,google_news_rss,"(""Schmalz"" OR ""J. Schmalz"") (""press release"" OR ""investor relations"" OR earnings OR announcement OR investment OR expansion OR acquisition OR partnership OR Korea) when:45d",fallback,90,,,,,
35,Schmalz,Charles D. Schmalz Discloses Investment at EWSB Bancorp with 9.9% Stake - TradingView,https://news.google.com/rss/articles/CBMiywFBVV95cUxNRlM1dXQ1dTZYTFNVbXdKVzhlLXp5WC1WdmpZWXpTNFN0NmNrY28xRWVBVkxEVDRzVTNFSThWLXNLT3VRR3dkTlVweWxEVXM0WDFUSFhMTG93aEE4NmNuckJIUEllTmJ3YWhNbEp4QmpZc0wyTGl2dkI3VTJ3QXNBSkhPRmhDTnB0LW5ZY1dNcXNvRWlIWnBBaVZpQl9JMlF0YVJMMWNFU1RsQ0I2NkhHVXo3Q2MyT1ZGS3JRbk5BenNmbk9KZE90NG5hUQ?oc=5,Google News: TradingView,2026-07-28T18:56:03Z,2026-08-11T03:18:34Z,google_news_rss,"(""Schmalz"" OR ""J. Schmalz"") (""press release"" OR ""investor relations"" OR earnings OR announcement OR investment OR expansion OR acquisition OR partnership OR Korea) when:45d",fallback,90,,,,,
61,Air Liquide,"H1 2026 Results: with an acceleration in the second quarter, Air Liquide combines growth with continuous performance improvement - Air Liquide",https://news.google.com/rss/articles/CBMi7wFBVV95cUxOOHJvbU5kSW1wWFlNTzJOakl1RW43UVVrdzUwcW1oY1Btdk9RQ2NOZ2VGU2NrYVFfc3Z4eUtZby1vUkJyVENpMUwzYTRlNnNXakp5MlBNeVpCQUxUemE2Wk13WldrZTd5RGlaenR1WUttUEVha1puZ3BEVHRYS1hwMU02SVlfMUQxblF5MXMwTUphS3M5b2xxUENDUkJFUExKTVdDNU5CSHVFSkp0alBkQ2UzSmNnTTFtNVA0T3l6MkhOTm1DSGNuZWhUbGV2WnB6VW1YOFNReTFNMWxIN01zVmJTdnFLSUE5ZXNxOUZoQQ?oc=5,Google News: Air Liquide,2026-07-28T07:00:00Z,2026-08-11T03:18:34Z,google_news_rss,"""Air Liquide"" (""press release"" OR ""investor relations"" OR earnings OR announcement OR investment OR expansion OR acquisition OR partnership OR Korea) when:45d",fallback,90,,,,,
61,Air Liquide,Air Liquide SA (AIQUF) (Q2 2026) Earnings Call Highlights: Strong Growth Amid Currency Challenges - finance.yahoo.com,https://news.google.com/rss/articles/CBMikgFBVV95cUxPWjB1RklzTUoySy12X0lteVB2eXhNMGYwNkZvVGdDZ2NubnM1Z0phc19zVW9NOTAyUFlCUDlaS200N2F0R3dOM2lWR0ptMXJtTmhuQktYOWtpdzNJRk1Da21NNW4wNlNnTkpBcm9OeWl0V3hDWlpTYjlsQjlKTlR4cGVvbEN6OUNidEhBTzRnZFlpQQ?oc=5,Google News: finance.yahoo.com,2026-07-28T07:00:00Z,2026-08-11T03:18:34Z,google_news_rss,"""Air Liquide"" (""press release"" OR ""investor relations"" OR earnings OR announcement OR investment OR expansion OR acquisition OR partnership OR Korea) when:45d",fallback,90,,,,,
61,Air Liquide,Air Liquide reaffirms margin targets as investors await backlog payoff - Reuters,https://news.google.com/rss/articles/CBMiwgFBVV95cUxNNzltcTA5LWNJbmkxZUxwOEkzLWNFQ0h1OXJGN0J5dWh4enNET0toVE5ydnZZcC1oeDNwNGZzYVppOGZ5bEJ3OVQ5OWw1ZnBnUlVLSVBpYjV4VlFOOF9EWXEzMjAwZ0NSRGZrenEyaEpZMGZxS3pxV1VQVUdWUGptWm50TzlRNDJCZzROQTBlWENleEdQT1lmQVFrYVFYcFBVSEZyX2d1MWx5VzBWdGFzdGFrTGxyQXZOQnpuSVExd3lDZw?oc=5,Google News: Reuters,2026-07-28T07:00:00Z,2026-08-11T03:18:34Z,google_news_rss,"""Air Liquide"" (""press release"" OR ""investor relations"" OR earnings OR announcement OR investment OR expansion OR acquisition OR partnership OR Korea) when:45d",fallback,90,,,,,
61,Air Liquide,"Air Liquide Backs Guidance After Revenue, Margin Improvements - WSJ",https://news.google.com/rss/articles/CBMiqwFBVV95cUxNWjdweW55MWx4TnRsODFkeUFFZFVuU2t6RHp1aWdMTGg2MmlmOVRuVDlwSGdkNUUtdW10T0dmX1FLSU9iSlFXSlptQjJGV0tJVzlwdnVxaFdCak1UUS1yTURTd3haZUNKY1NFWHozRzJ3S1U0U0JmTFQzeTVhWkNDUkswZXFEVlFlY3RINzgyMHdNVWQ0V3h1RzJEQmMtdFdKUzRiM0RkQmdFcTA?oc=5,Google News: WSJ,2026-07-28T07:00:00Z,2026-08-11T03:18:34Z,google_news_rss,"""Air Liquide"" (""press release"" OR ""investor relations"" OR earnings OR announcement OR investment OR expansion OR acquisition OR partnership OR Korea) when:45d",fallback,90,,,,,
57,Texcell,ABL Diagnostics Selected By Évry Commercial Court To Acquire TEXCELL’s Operations - Pulse 2.0,https://news.google.com/rss/articles/CBMiogFBVV95cUxPZkJPUVBiZXhMOGdoMlNxcVFBanVMYkhiTFQ0M3pXUkRCWEdzeFhrWUJpMHk3Y0haemxDMndCOTB6MlFlZGpUR2JwbUhUUEdXVGFkMEFMTlhyWW0zRFdVSTdxMzdqSktrc2FjR3lYN09udkVVWDFwdHV0WXY3WUItR3FuY25jMnRqRUdNNEdRUEctUDV6Y0pOQ1l0STFXRXVwSmfSAacBQVVfeXFMUHNiTEx3UG9UMTNQV0ExSmo2ejRrT2lPQmRqb3VuMGFiRVNaNU42cVFPVVJHQ01qVFAybjg5VWZhSU9GSllJVUVQaGY5MzhwWFc3U0xzZlZhSGViWVU2RXdETm1NWmVJU1NGUUExWHFIUDBVZVlJSzJWcV9lNi1pRjc1RlZ6NHJkZGFfam85Q1pUM1RTVDFzd1Jxc01TRWdGdWJvcng0VFE?oc=5,Google News: Pulse 2.0,2026-07-24T07:00:00Z,2026-08-11T03:18:34Z,google_news_rss,"""Texcell"" (""press release"" OR ""investor relations"" OR earnings OR announcement OR investment OR expansion OR acquisition OR partnership OR Korea) when:45d",fallback,90,,,,,
38,Schott Pharma,Pen Injector Platform with Sterile Cartridge System From: SCHOTT Pharmaceutical Packaging - Healthcare Packaging,https://news.google.com/rss/articles/CBMiggJBVV95cUxPQ18yaGpSdy1KY0J1OXlzel82TG5HYlBZeGFSUWxmVjVOZVYybUlaZERwM2dsdTlxb0RRTV9Kanl5b0ZLamhsUkxibmJYTHVvU2QxcUpjblg0WUxKdUhHazdPR3BlZjUxYXhMMkphMXJPNFNjNWk0WG9IaGRwNHlUSzdkQ2hYOXFLcUhSVG1uUk9fZUpKTmtIaTlWcmJmZFExWWZtcWZxTHBpQUV6SWdRZDhDMF9LUGdwclZ3Z3dGUUFMUWotZW1pc2prY2E2aTBKRGZYb1NiYXVqWHRQWnV4X1NQUmZqMGhZbWloZ3A0Ym9QcFBvUVh4dktwc2YtRHJKTHc?oc=5,Google News: Healthcare Packaging,2026-07-21T17:15:51Z,2026-08-11T03:18:34Z,google_news_rss,"""SCHOTT Pharma"" (""press release"" OR ""investor relations"" OR earnings OR announcement OR investment OR expansion OR acquisition OR partnership OR Korea) when:45d",fallback,90,,,,,
37,Merck,Phanes Therapeutics Announces Expansion of Clinical Trial Collaboration and Supply Agreement with Merck to Evaluate Spevatamig in Combination with KEYTRUDA® (Pembrolizumab) and Chemotherapy for Treatment of Biliary Tract Cancer - PR Newswire,https://news.google.com/rss/articles/CBMikgNBVV95cUxPQUM1bldwbzVZSlZRQVhwSWkzMVJfaE9qa0s4Y1pnbGJ5UWhfWmUwcTZOYzdIV1JIRVA1ZEVHcjJGdU1XbDlGV1gwR0gzZ2ZUXzZpVUFuSm9SUExQVTdIZ3ZHY2FWWHZWdmtIVm9fN19tcjBfdWwtUXo5TEo3OWw4VU9EbzZyOEtsRlgtcWNiajFrTTZvcEtWVlhZeEZnUXNQWGVJMmxfektWZ1BRLVM0alNyd2pIYXJ1eXotWmI0X2JyOGhTZ3RpNTg5R25FNkEwb2pUdWVsUUNKaGRva0sySVRCeWliUWpaZkRzeGtMR2EyRWFCY1gwcWNjZ2dvVnJjdmFMSkZvc2FTZFVfZTV5SWJBT0MyeklmT2J4WkZiR1FOd3Z3eHU2S3hmRm1jMjhHUWlFbWJ2MDByRENqNzFpcDUxMERwT0xZLTYwVFcyaWpoa3FPSG5yY3ktMHhaS3RrUWdaZ1ktRU5MQUtnblJrRnhIUXV3enJadmVVS1JoWGxkanVoZkpoOGI5TzNMUzJvRUE?oc=5,Google News: PR Newswire,2026-07-21T07:00:00Z,2026-08-11T03:18:34Z,google_news_rss,"(""Merck"" OR ""Merck KGaA"") (""press release"" OR ""investor relations"" OR earnings OR announcement OR investment OR expansion OR acquisition OR partnership OR Korea) when:45d",fallback,90,,,,,
61,Air Liquide,Air Liquide invests over 160M USD in the U.S. to supply advanced chips manufacturing in Arizona - Air Liquide,https://news.google.com/rss/articles/CBMi3AFBVV95cUxOY2tLNEF3ZWRnUW90NXR2VHpSMzdXVFdKak9JNm5xUF9Mb1JWb1QxNzQ0eGl5X0ljMkxsUFlRa1M2UDZibm02eHZYMng1Z095NzQtXzB0OGdfd3ZLQWcwaFg0T1BpaF8yR1NQb1Z3aHRmVk5EelR1a2dteTJZYXN4bS1Kel9sWkdlYUVzUG4zaTQ3UUdtQUNTVzA0aVNSY2FzYm04d2lwQmRTWGtQeUIxZ3Y2TVRZelRvRUJJbnhKbnlwN1l6N0dPU2t5RGVEVDgteTdsS1Y5MTB6UG5k?oc=5,Google News: Air Liquide,2026-07-16T07:00:00Z,2026-08-11T03:18:34Z,google_news_rss,"""Air Liquide"" (""press release"" OR ""investor relations"" OR earnings OR announcement OR investment OR expansion OR acquisition OR partnership OR Korea) when:45d",fallback,90,,,,,
46,Syensqo,Syensqo Expands US Manufacturing Footprint with Maryland Groundbreaking - CHEManager,https://news.google.com/rss/articles/CBMirgFBVV95cUxNcWpTWENNMFlaSDJmRzg1OWRuUEdEaURmT3RRUm4xN1JQTVhidXdTMEJLTHptcUtrbEZKNzlQVnhsMnlaUDlRUUxzdUtHVXF2M1BkYzFRTW0yUEQwYV9sQTJLV1c3QUx3OEtYamVYdlk3cmZxNm9tbHNJcFdvVTMxODRpMmRSeHNsRERQVVBqaHJYZTJHRlk2bTRXZXZHNmlVX2xzZFMwXzdFc0EySGc?oc=5,Google News: CHEManager,2026-07-13T07:00:00Z,2026-08-11T03:18:34Z,google_news_rss,"""Syensqo"" (""press release"" OR ""investor relations"" OR earnings OR announcement OR investment OR expansion OR acquisition OR partnership OR Korea) when:45d",fallback,90,,,,,
36,Bayer,Bayer Secures 3.0 Billion Euros to Improve Capital Structure - Apollo Global Management,https://news.google.com/rss/articles/CBMivAFBVV95cUxOc0tyZGQ2bW5tb2tzalg1YmNYR3NnOVAtaG9scGkwWTk4MHlzNlJVblpnM05ZMDRFVW1pRXp0RUlFUTRnbjRHTExCUUtocHpjR0E3WTZVVWtBc2p5QzYwZGhYbXp5ZzZEVi1pMjJ0NlhXVTlNUnhNOERJUWdfYzBMYWpydEU5RUlVbGdRUHdaWjlZb0dwNkdPaGV1WXdSREdhWjJQZ29uem1icFBLem9UNmM1alhoTjQwTVc2Nw?oc=5,Google News: Apollo Global Management,2026-07-10T07:00:00Z,2026-08-11T03:18:34Z,google_news_rss,"(""Bayer"" OR ""Bayer AG"") (""press release"" OR ""investor relations"" OR earnings OR announcement OR investment OR expansion OR acquisition OR partnership OR Korea) when:45d",fallback,90,,,,,
36,Bayer,Latham & Watkins Advises Apollo on €3 Billion Investment in Bayer's Long‑Acting Reversible Contraceptives Business - lw.com,https://news.google.com/rss/articles/CBMizwFBVV95cUxPcDJqejN4THBPclExbmc3NjdCOUNEMDBMWVpxaWlSMEdSVzVubHVEajhDcjVkMGRzWkdabjdwUjN1TUl0SWVBQmtnaGVUZkNrRTNWWk00eWI3dDl6QzExOEFXMEd6eFJ0dHZ6VU9iamdDX253WkFLdEtwUV9NbDV3N1Z3ZnFqdENHZ05xNGZSOVlzRm1PVnZtaFUwS29wQkY0UGpCOG13cHNpRlRZSEltXzJLR2c0LVFqVlVoeDd0aEhBcDU0UjhrcjdhM2tWWmc?oc=5,Google News: lw.com,2026-07-10T07:00:00Z,2026-08-11T03:18:34Z,google_news_rss,"(""Bayer"" OR ""Bayer AG"") (""press release"" OR ""investor relations"" OR earnings OR announcement OR investment OR expansion OR acquisition OR partnership OR Korea) when:45d",fallback,90,,,,,
46,Syensqo,Syensqo Breaks Ground on Manufacturing Expansion at Havre de Grace Site - CompositesWorld,https://news.google.com/rss/articles/CBMirAFBVV95cUxNUmJheHFfc3pGNVdUUno5czBrZnd1UGZDeE9uWlJDSDlMTjFIMV9fZ0hTUXdmVlNiQVYwcHpqS05LcVBTbHRzWU81Q0kwTVNLMGVKalJSNzVEbXk2MEd3X2h0eFNaZmQtcjdidE9BcXRhS0hZREQ1VTNCUzFld29NMDBTLVNHRmRDOWJxaGFtTlBSdFBnTXNzbFdFZnpYc3ZxUVBNWXVSUENWcGlp?oc=5,Google News: CompositesWorld,2026-07-10T07:00:00Z,2026-08-11T03:18:34Z,google_news_rss,"""Syensqo"" (""press release"" OR ""investor relations"" OR earnings OR announcement OR investment OR expansion OR acquisition OR partnership OR Korea) when:45d",fallback,90,,,,,
46,Syensqo,Syensqo expands US aerospace composites capacity as aircraft production ramps up - plasticsnews.com,https://news.google.com/rss/articles/CBMikwFBVV95cUxQckFFWTFfZkNkei1rZ3BCRzlLTkpLbW5ORmdER1RvTTMzMi1IT21jRXdTMnJIZ3NfY19DdHdmal9ZSXZBbXFDalhCVVpkdUhUOU8zY1A1RUNLNzN5SURHZXJtZ2FORGpjOWJHOTZLNEY3dFd4anlXeDhGd2xOdzVpMkZRTzgzLUNhaHhqd3lBY1VZNkk?oc=5,Google News: plasticsnews.com,2026-07-10T07:00:00Z,2026-08-11T03:18:34Z,google_news_rss,"""Syensqo"" (""press release"" OR ""investor relations"" OR earnings OR announcement OR investment OR expansion OR acquisition OR partnership OR Korea) when:45d",fallback,90,,,,,
46,Syensqo,Belgian Adhesive Maker Breaks Ground on U.S. Expansion - Industrial Equipment News,https://news.google.com/rss/articles/CBMingFBVV95cUxNOFBsTE12RS1ZNFdZMXZ3TnkzYklLMmtkZG9HRjN4OHQ3Z0dQUFoxOEx4RGhXV25BSzVUUXppQ050RzRVc2w2OUdXVExhRlpCR1hySV92Q0Jid2J5ZjZLX2Nkc1pDOEVFQmxOMWxKdFlaakVvUElWa3dNUHhVQ0tzblk5U1MtTElNTk9KWjdQSUZRSlhIbm5WT0F5RXlKZw?oc=5,Google News: Industrial Equipment News,2026-07-09T15:34:38Z,2026-08-11T03:18:34Z,google_news_rss,"""Syensqo"" (""press release"" OR ""investor relations"" OR earnings OR announcement OR investment OR expansion OR acquisition OR partnership OR Korea) when:45d",fallback,90,,,,,
38,Schott Pharma,"AstraZeneca tumbles, Schott Pharma raises its ambitions - marketscreener.com",https://news.google.com/rss/articles/CBMiqwFBVV95cUxNbTFYUFB0clJCS1plMDhCa1FnVDRBUDl5OEVaTERLbWF5MUdaZ3B6OHUyelZoOXVJenRreFJTYzdzMktERERFQ09Rd1J1REsxVUVDSXV1U2w4VXZ6djN4X2thU2t1b2NPYl9RVkhCaW9sem9fVUJhbmZNNUw1Tk9wVnhwSExNQWM5TTllWlc0ZUZta1lSOER0ODIzeEY1bVdhLUgxQjVFX3dfM28?oc=5,Google News: marketscreener.com,2026-07-09T07:00:00Z,2026-08-11T03:18:34Z,google_news_rss,"""SCHOTT Pharma"" (""press release"" OR ""investor relations"" OR earnings OR announcement OR investment OR expansion OR acquisition OR partnership OR Korea) when:45d",fallback,90,,,,,
46,Syensqo,Syensqo Expands Maryland Plant With 30% Capacity Boost - PlasticsToday,https://news.google.com/rss/articles/CBMipgFBVV95cUxPNmFWMnZqNWJrTDNyN3ZzQXQ1MTdDVTJmUGNBdldIOFdWek1OUTFyWENGaXR3cXFxUWZYSllIeE9jYzY1R0Q5TDV2ZVVDdEZ4ZjZmc2Z1QllZRzZoSEpidFpGX0RLdEd0SkF0QmFBbVFHNHZsLWdPaFh2NnowSmZUOGx0WGt2SmM5T1gtOVBTTjZURXRidzFmN2RvWl95RE1tMVpNNUVB?oc=5,Google News: PlasticsToday,2026-07-09T07:00:00Z,2026-08-11T03:18:34Z,google_news_rss,"""Syensqo"" (""press release"" OR ""investor relations"" OR earnings OR announcement OR investment OR expansion OR acquisition OR partnership OR Korea) when:45d",fallback,90,,,,,
61,Air Liquide,Air Liquide to invest over 200M USD to support chemical manufacturing expansion in Texas - Air Liquide,https://news.google.com/rss/articles/CBMi2wFBVV95cUxQVmlJYktYZXJuSEwzYllRTjd1cWJUc0swZnNfTXhQNUQ2cnhSa01QQmFiTXFNT2p2dlhHenNYbHd6alN3aDRZaEJYdElZZ0RBbGhZLXFCLXBMd0owNnM1cWxEUmVjTVFWeXpTVy1lMFJqZ0M3OWM4Tk5wSkI1dzVucnhnRnpISXJMRzd4WXVpR29oU3cwX1FPVExlM2VGaFZlTFppVS13TkVNUmRvS3NVd2V1ODFYU05ieHJnVjdTZFN4REJ2OEFrYnBQUUwwT2RoQV9yTGJIVXFTNDg?oc=5,Google News: Air Liquide,2026-07-09T07:00:00Z,2026-08-11T03:18:34Z,google_news_rss,"""Air Liquide"" (""press release"" OR ""investor relations"" OR earnings OR announcement OR investment OR expansion OR acquisition OR partnership OR Korea) when:45d",fallback,90,,,,,
38,Schott Pharma,Schott Pharma Says Expects Q3 2026 Constant-Currency Revenue Growth Of About 8% And Ebitda Margin Of About 27% - TradingView,https://news.google.com/rss/articles/CBMiiAJBVV95cUxQRHI4UWx4R3RjbENEMEhrVGFUeWplU3djcjJYd3pRN1E2SU10N0dxeFBHclFtbWNsOHlNVk5QY0Y1UHY3R1VuSkU4WkFLRWxvLUFDeklRcldkWmdnc2dOc0pubXVwclZJcVduXzJvSXJuY2tDbmZDckhmLWF5emN2Tm1uaWJSUnJPa3Fid1JGVWs2clpRSzdDd3VQQU1qREhvakZnMTB6TDB2SHNjbFNuUFdKd2FpWFAtVzd2cDZzY2VnM2k0RnBuZTRLUHhsSnR2eU1sUDlRSGFsX0NLME56WVhRUlZOTWQydkFtR2hMRlM1bEV5anhscVZTWF92UnVVTG1qS3kzem8?oc=5,Google News: TradingView,2026-07-08T07:00:00Z,2026-08-11T03:18:34Z,google_news_rss,"""SCHOTT Pharma"" (""press release"" OR ""investor relations"" OR earnings OR announcement OR investment OR expansion OR acquisition OR partnership OR Korea) when:45d",fallback,90,,,,,
38,Schott Pharma,"Deutsche Bank upgrades Schott Pharma on improved H2 outlook, shares rise - Investing.com",https://news.google.com/rss/articles/CBMixwFBVV95cUxPS2NxR1M1M3dFMWF3RGM3SnA3Z0FSc3BHZUc2cm0xUjB4eVRTNFJRbWZHRzRWdUF3QllESS1yWFlwWXhoSFFmSG9xczlGMTNRS25WUjMxVkRhYmU2U1lnMEFtb0tTN0NCTWFVNlJYSHdYSW05a3JSTlNRUzgtYlRSQTFkVnp5Z1lMWEZsWHFlV25xdDZ6Qkl5aTNKZnQ1ODhQemtLUTJNaXNPbTZoclNWS3BNOTN5eTNESEJlSkNuNjlMSWItSDA0?oc=5,Google News: Investing.com,2026-07-06T07:00:00Z,2026-08-11T03:18:34Z,google_news_rss,"""SCHOTT Pharma"" (""press release"" OR ""investor relations"" OR earnings OR announcement OR investment OR expansion OR acquisition OR partnership OR Korea) when:45d",fallback,90,,,,,
57,Texcell,People on the Move: Tara Crnkovich Joins Texcell North America as Chief Executive Officer - biobuzz.io,https://news.google.com/rss/articles/CBMiswFBVV95cUxOa2lSdndBZW5zU3dmWmdqNXdoVi1OY3ZPVDdINUF6Vm83akRGMzdTWVcyYlMtNy1KLUtUOGRQVm5yTnRjaThIRGhGMm8yVEdXMTdkTy03c0RWWTlMa0JVRzVvdDBVSUx2eE9kSm1oZ05Ca240MVpYS2NYSHF3M1BJX05oRzVTTEFuZ2JWTVRjQ2w5ZlRRMjBxWmV1d3B4M3Zub0RrRkU3OGNZZVF6ZFVRdGVPOA?oc=5,Google News: biobuzz.io,2026-07-01T07:00:00Z,2026-08-11T03:18:34Z,google_news_rss,"""Texcell"" (""press release"" OR ""investor relations"" OR earnings OR announcement OR investment OR expansion OR acquisition OR partnership OR Korea) when:45d",fallback,90,,,,,
38,Schott Pharma,SCHOTT Pharma invests in sterile cartridge production in Hungary - Manufacturing Chemist,https://news.google.com/rss/articles/CBMilgFBVV95cUxPMERvdVMyRV9DT2hWQzNfdERhbGtGYnlyTnRKeHhMY05XTzBiRFhmUTlUZ3k3d0tLUHRzNk9KTHg2YkpsZWFLRFA0V0tJLWhvVGtJSm5LQWZJYnFOVFRMdjltNnM4ODNmWGRvRnVqQWFoeV9BS1V4V0N2Ylc0M3FqMU5rOVNvQVhCZUR6d0xZR0w1ZTlRemc?oc=5,Google News: Manufacturing Chemist,2026-06-29T07:00:00Z,2026-08-11T03:18:34Z,google_news_rss,"""SCHOTT Pharma"" (""press release"" OR ""investor relations"" OR earnings OR announcement OR investment OR expansion OR acquisition OR partnership OR Korea) when:45d",fallback,90,,,,,
46,Syensqo,Syensqo - Participation notification by BlackRock Inc. - finance.yahoo.com,https://news.google.com/rss/articles/CBMiswFBVV95cUxPWndGVklkQ3dUSUxDQ3JMeGRsYXg0WVktQU1ONTZmY2FGVUpDN0drcTVFeEo0dGdBc2hpMjBiU1o4NDQzZUtLWFZHQ1pMVlZoR2JUTGtDQTRRcGVLaTFPTDRHc3FUUzdsY0xUeXVRWWlsbE9wdm9qVnJmbDNyTzVESnFreGV2a2doOFp0NWxXNFBGdVFBaW9qRjdlYmFzMXVua2NLQTdCWGg4Z3VmV182MjhpZw?oc=5,Google News: finance.yahoo.com,2026-06-29T07:00:00Z,2026-08-11T03:18:34Z,google_news_rss,"""Syensqo"" (""press release"" OR ""investor relations"" OR earnings OR announcement OR investment OR expansion OR acquisition OR partnership OR Korea) when:45d",fallback,90,,,,,
