target_no,company,title,url,source,published_at,collected_at,collector,query,source_type,source_priority,official_source_url
1,Australian Strategic Metals,WATCH: Diggers & Dealers 2026,https://asm-au.com/watch-diggers-dealers-2026/,Australian Strategic Materials News RSS,2026-08-06T08:59:52Z,2026-08-10T08:31:02Z,official_feed_discovered,https://asm-au.com/feed/,official,10,https://asm-au.com/feed/
58,Veolia,Information relative au nombre total de droits de vote et d’actions composant le capital social au 31 juillet 2026,https://www.veolia.com/en/veolia-group/finance/press-releases/information-relating-total-number-voting-rights-forming-shar-e,Veolia Press Releases RSS,2026-08-05T16:03:40Z,2026-08-10T08:31:02Z,official_feed_discovered,https://www.veolia.com/en/rss-site-updates,official,10,https://www.veolia.com/en/rss-site-updates
58,Veolia,Data Center Resource 360 : Veolia lance sa nouvelle offre pour sécuriser le développement des infrastructures et leur impact positif sur les territoires,https://www.veolia.com/en/our-media/news/data-center-resource-360-new-offering-secure-infrastructure-development-positive-impact-communities,Veolia Press Releases RSS,2026-08-04T10:12:11Z,2026-08-10T08:31:02Z,official_feed_discovered,https://www.veolia.com/en/rss-site-updates,official,10,https://www.veolia.com/en/rss-site-updates
58,Veolia,Réseau de chaleur urbain : comment garantir votre indépendance énergétique tout en décarbonant vos territoires ?,https://www.veolia.com/en/blog/urban-district-heating-networks-guarantee-energy-independence-decarbonizing-territories,Veolia Press Releases RSS,2026-07-31T07:00:00Z,2026-08-10T08:31:02Z,official_feed_discovered,https://www.veolia.com/en/rss-site-updates,official,10,https://www.veolia.com/en/rss-site-updates
1,Australian Strategic Metals,Quarterly Report: Production momentum continues,https://asm-au.com/quarterly-report-production-momentum-continues/,Australian Strategic Materials News RSS,2026-07-30T23:32:35Z,2026-08-10T08:31:02Z,official_feed_discovered,https://asm-au.com/feed/,official,10,https://asm-au.com/feed/
58,Veolia,Veolia strengthens its leadership in latin America with a landmark water contract in Colombia to modernize cúcuta’s water infrastructure,https://www.veolia.com/en/our-media/press-releases/veolia-strengthens-leadership-latin-america-water-contract-cucuta-colombia,Veolia Press Releases RSS,2026-07-30T06:30:10Z,2026-08-10T08:31:02Z,official_feed_discovered,https://www.veolia.com/en/rss-press-releases,official,10,https://www.veolia.com/en/rss-press-releases
1,Australian Strategic Metals,Supplementary Scheme Booklet & Scheme Meetings,https://asm-au.com/supplementary-scheme-booklet/,Australian Strategic Materials News RSS,2026-07-28T09:42:56Z,2026-08-10T08:31:02Z,official_feed_discovered,https://asm-au.com/feed/,official,10,https://asm-au.com/feed/
23,3M,3M Reports Second-Quarter 2026 Results; Increases Full-Year Guidance,https://news.3m.com/2026-07-21-3M-Reports-Second-Quarter-2026-Results-Increases-Full-Year-Guidance,3M Press Releases RSS,2026-07-21T10:30:00Z,2026-08-10T08:31:02Z,official_feed_discovered,https://news.3m.com/press-releases?pagetemplate=rss,official,10,https://news.3m.com/press-releases?pagetemplate=rss
23,3M,3M and Microsoft announce strategic partnership to advance AI data center infrastructure and enterprise transformation,https://news.3m.com/2026-07-15-3M-and-Microsoft-announce-strategic-partnership-to-advance-AI-data-center-infrastructure-and-enterprise-transformation,3M Press Releases RSS,2026-07-15T13:01:00Z,2026-08-10T08:31:02Z,official_feed_discovered,https://news.3m.com/press-releases?pagetemplate=rss,official,10,https://news.3m.com/press-releases?pagetemplate=rss
23,3M,Scotch™ Brand launches Scotch Kids® Tape for young creators,https://news.3m.com/2026-07-14-Scotch-TM-Brand-launches-Scotch-Kids-R-Tape-for-young-creators,3M Press Releases RSS,2026-07-14T11:46:00Z,2026-08-10T08:31:02Z,official_feed_discovered,https://news.3m.com/press-releases?pagetemplate=rss,official,10,https://news.3m.com/press-releases?pagetemplate=rss
75,Toray,Investor E-mail Alerts,https://www.toray.com/ir/mail/,Toray IR,2026-08-10T00:00:00Z,2026-08-10T08:31:02Z,official_page,https://www.toray.com/ir/,official,15,https://www.toray.com/ir/
21,GE Healthcare,ge healthcare expands logiq e ultrasound platform new logiq e,https://investor.gehealthcare.com/news-releases/news-release-details/ge-healthcare-expands-logiq-e-ultrasound-platform-new-logiq-e,GE HealthCare Investor News,2026-08-04T00:00:00Z,2026-08-10T08:31:02Z,official_page,https://investor.gehealthcare.com/news-events/news-releases,official,15,https://investor.gehealthcare.com/news-events/news-releases
40,Evonik Industries,"August 04, 2026 Investor Relations Evonik reports strong second quarter Essen, Germany. As announced on June 26, Evonik delivered strong earnings in the second quarter. The ongoing conflict in the Middle East caused supply chain bottlenecks, mainly outside Europe, resulting in an economic windfall.",https://corporate.evonik.com/en/news/press-releases/2026/08/q2-2026.html?owner=evonik%3Aorganization%2FF%2FF-IR&type=evonik%3Anews-type%2Fpress-release---ir-news%2Finvestor-relations-news,Evonik Investor Relations,2026-08-04T00:00:00Z,2026-08-10T08:31:02Z,official_page,https://corporate.evonik.com/en/investor-relations,official,15,https://corporate.evonik.com/en/investor-relations
67,Asahi Glass,Semiconductor-Related Business Briefing Session,https://www.agc.com/en/ir/library/bizbriefing/index.html,AGC Investor Relations,2026-08-04T00:00:00Z,2026-08-10T08:31:02Z,official_page,https://www.agc.com/en/ir/,official,15,https://www.agc.com/en/ir/
21,GE Healthcare,ge healthcare expands breast imaging portfolio invenia abus,https://investor.gehealthcare.com/news-releases/news-release-details/ge-healthcare-expands-breast-imaging-portfolio-invenia-abus,GE HealthCare Investor News,2026-08-03T00:00:00Z,2026-08-10T08:31:02Z,official_page,https://investor.gehealthcare.com/news-events/news-releases,official,15,https://investor.gehealthcare.com/news-events/news-releases
42,Jenoptik,03 August 2026 Dr. Dominic Dorfner assumes office as CEO of JENOPTIK AG read more,https://www.jenoptik.com/news/pressreleases/2026/08/03/ceo-start-and-new-executive-responsibilities,Jenoptik Investors,2026-08-03T00:00:00Z,2026-08-10T08:31:02Z,official_page,https://www.jenoptik.com/investors,official,15,https://www.jenoptik.com/investors
70,Tokyo Electron,FY2027 Q1 Financial Announcement,https://www.tel.com/ir/library/report/index.html,Tokyo Electron IR,2026-07-30T00:00:00Z,2026-08-10T08:31:02Z,official_page,https://www.tel.com/ir/,official,15,https://www.tel.com/ir/
21,GE Healthcare,ge healthcare reports second quarter 2026 financial results,https://investor.gehealthcare.com/news-releases/news-release-details/ge-healthcare-reports-second-quarter-2026-financial-results,GE HealthCare Investor News,2026-07-29T00:00:00Z,2026-08-10T08:31:02Z,official_page,https://investor.gehealthcare.com/news-events/news-releases,official,15,https://investor.gehealthcare.com/news-events/news-releases
39,BASF,Presentation,https://www.basf.com/dam/jcr:b791401c-26fc-41e4-be9f-816e3af87d9e/basf/www/global/documents/en/investor-relations/calendar-and-publications/presentations-en-de/2026/BASF_Presentation_Analyst_Conference_Call_Q2-2026.pdf?vid=jZAcvbWfCDk94Hq0y9HjAP3RGx90CHUQ,BASF Investors,2026-07-29T00:00:00Z,2026-08-10T08:31:02Z,official_page,https://www.basf.com/global/en/investors,official,15,https://www.basf.com/global/en/investors
53,Rio Tinto,"29 July 2026 Rio Tinto: Step-change in performance delivering higher shareholder returns Right commodities, world-class assets, strong execution SYDNEY, Australia--(BUSINESS WIRE)-- Rio Tinto Chief Executive Simon Trott said: ""We achieved a step-change in performance in the first half, which, alongside favourable commodity prices, delivered a 28 per cent increase in underlying EBITDA and a 75 per cent rise in free cash flow. ""Our continued investment in growth drove a 3 per c",https://www.riotinto.com/en/news/releases/2026/rio-tinto-step-change-in-performance-delivering-higher-shareholder-returns,Rio Tinto Investors,2026-07-29T00:00:00Z,2026-08-10T08:31:02Z,official_page,https://www.riotinto.com/en/invest,official,15,https://www.riotinto.com/en/invest
53,Rio Tinto,"27 July 2026 Rio Tinto and WA Government sign agreements with Yindjibarndi WaterCo for proposed sale of Dampier Seawater Desalination Plant KARRATHA, Australia--(BUSINESS WIRE)-- Rio Tinto and the Western Australian Government have signed non-binding agreements for a proposed sale of their respective joint venture shares in the Dampier Seawater Desalination Plant to Yindjibarndi WaterCo. Rio Tinto and the WA Government are 50:50 joint venture partners in the Dampier Seawater Desalination Plant. The agreements establish a frame",https://www.riotinto.com/en/news/releases/2026/rio-tinto-and-wa-government-sign-agreements-with-yindjibarndi-waterco-for-proposed-sale-of-dampier-seawater-desalination-plant,Rio Tinto Investors,2026-07-27T00:00:00Z,2026-08-10T08:31:02Z,official_page,https://www.riotinto.com/en/invest,official,15,https://www.riotinto.com/en/invest
12,Chemours,Chemours Announces Dates for Second Quarter 2026 Earnings Release and Webcast Conference Call,https://investors.chemours.com/news-releases/news-release-details/chemours-announces-dates-second-quarter-2026-earnings-release,Chemours Investor News,2026-07-23T00:00:00Z,2026-08-10T08:31:02Z,official_page,https://investors.chemours.com/news-releases,official,15,https://investors.chemours.com/news-releases
59,Airbus,Airbus elevates hybrid-electric integration with LEIA Project Press Release Innovation 22 July 2026 2 min read,https://www.airbus.com/en/newsroom/press-releases/2026-07-airbus-elevates-hybrid-electric-integration-with-leia-project,Airbus Investors,2026-07-22T00:00:00Z,2026-08-10T08:31:02Z,official_page,https://www.airbus.com/en/investors,official,15,https://www.airbus.com/en/investors
59,Airbus,"Airbus to present new mid-term outlook, strengthen commitment to profitable growth… Press Release Company 21 July 2026 2 min read",https://www.airbus.com/en/newsroom/press-releases/2026-07-airbus-to-present-new-mid-term-outlook-strengthen-commitment-to-profitable-growth-and-shareholder,Airbus Investors,2026-07-21T00:00:00Z,2026-08-10T08:31:02Z,official_page,https://www.airbus.com/en/investors,official,15,https://www.airbus.com/en/investors
59,Airbus,Airbus launches new flight test programme for Wing of Tomorrow Press Release Innovation 21 July 2026 3 min read,https://www.airbus.com/en/newsroom/press-releases/2026-07-airbus-launches-new-flight-test-programme-for-wing-of-tomorrow,Airbus Investors,2026-07-21T00:00:00Z,2026-08-10T08:31:02Z,official_page,https://www.airbus.com/en/investors,official,15,https://www.airbus.com/en/investors
29,Besi,BE Semiconductor Industries N.V. Announces 2026 Second Quarter Conference Call and Audio Webcast Details,https://www.besi.com/investor-relations/press-releases/details/be-semiconductor-industries-nv-announces-2026-second-quarter-conference-call-and-audio-webcast-details/,Besi Press Releases,2026-07-16T00:00:00Z,2026-08-10T08:31:02Z,official_page,https://www.besi.com/investor-relations/press-releases/,official,15,https://www.besi.com/investor-relations/press-releases/
40,Evonik Industries,"July 16, 2026 Investor Relations Evonik completes backward integration of its global MetAMINO® production network Evonik has completed the backward integration of its world-scale MetAMINO® (DL-methionine) production hub in Mobile, Alabama. With on-site production of the key intermediate methyl mercaptan in Europe (Antwerp), Asia (Singapore), and now the Americas (Mobile), the company has fully integrated its global methionine production network, further strengthening efficiency, supply security, and sustainability.",https://corporate.evonik.com/en/news/press-releases/2026/07/evonik-completes-backward-integration-of-its-global-metamino--pr.html?owner=evonik%3Aorganization%2FF%2FF-IR&type=evonik%3Anews-type%2Fpress-release---ir-news%2Finvestor-relations-news,Evonik Investor Relations,2026-07-16T00:00:00Z,2026-08-10T08:31:02Z,official_page,https://corporate.evonik.com/en/investor-relations,official,15,https://corporate.evonik.com/en/investor-relations
47,Hexagon AB,Invitation to presentation of Hexagon's Interim Report on 29 July 15 July 2026,https://hexagon.com/company/newsroom/press-releases/2026/invitation-to-presentation-of-hexagons-interim-report-on-29-july,Hexagon Investors,2026-07-15T00:00:00Z,2026-08-10T08:31:02Z,official_page,https://hexagon.com/company/investors,official,15,https://hexagon.com/company/investors
9,Albemarle,"Press Releases August 05, 2026 Albemarle Reports Second Quarter 2026 Results CHARLOTTE, N.C., Aug. 5, 2026 /PRNewswire/ -- Albemarle Corporation (NYSE: ALB), a global leader in providing essential elements for mobility, energy, connectivity and health, today announced its results for the second quarter ended June 30, 2026. Second Quarter 2026 and Recent Highlights (Unless",https://www.albemarle.com/us/en/news/albemarle-reports-second-quarter-2026-results,Albemarle News,2026-08-05T00:00:00Z,2026-08-10T08:31:02Z,official_page,https://www.albemarle.com/news,official,20,https://www.albemarle.com/news
13,BorgWarner,BorgWarner Secures New Variable Cam Timing Program Awards in Europe and China,https://www.borgwarner.com/newsroom/press-releases/2026/08/05/borgwarner-secures-new-variable-cam-timing-program-awards-in-europe-and-china,BorgWarner Press Releases,2026-08-05T00:00:00Z,2026-08-10T08:31:02Z,official_page,https://www.borgwarner.com/newsroom/press-releases,official,20,https://www.borgwarner.com/newsroom/press-releases
13,BorgWarner,"BorgWarner Reports Strong Second Quarter 2026 Results, Increases 2026 Adjusted EPS Guidance and Share Repurchase Authorization By $1 Billion, Announces 7 Awards Across Portfolio to Support Long-Term Profitable Growth",https://www.borgwarner.com/newsroom/press-releases/2026/08/05/borgwarner-reports-strong-second-quarter-2026-results--increases-2026-adjusted-eps-guidance-and-share-repurchase-authorization-by--1-billion--announces-7-awards-across-portfolio-to-support-long-term-profitable-growth,BorgWarner Press Releases,2026-08-05T00:00:00Z,2026-08-10T08:31:02Z,official_page,https://www.borgwarner.com/newsroom/press-releases,official,20,https://www.borgwarner.com/newsroom/press-releases
22,Boeing,Air Force greenlights long-range JDAM production,https://boeing.mediaroom.com/news-releases-statements?item=131704,Boeing News Releases,2026-08-05T00:00:00Z,2026-08-10T08:31:02Z,official_page,https://boeing.mediaroom.com/news-releases-statements,official,20,https://boeing.mediaroom.com/news-releases-statements
31,Norsk Hydro,"Hydro brings high-recycled aluminium to General Motors EV with Hydro CIRCAL The 2026 Cadillac OPTIQ with Hydro CIRCAL recycled aluminium. (Photo: General Motors) General Motors’ Cadillac OPTIQ will feature a front bumper system made with Hydro CIRCAL, an advanced aluminium alloy composed of at least 75 percent ... August 5, 2026",https://www.hydro.com/en/global/media/news/2026/hydro-brings-high-recycled-aluminium-to-general-motors-ev-with-hydro-circal/,Norsk Hydro News,2026-08-05T00:00:00Z,2026-08-10T08:31:02Z,official_page,https://www.hydro.com/en/global/media/news/,official,20,https://www.hydro.com/en/global/media/news/
69,Shin-Etsu Chemicals,"2026.08.05 IR Summary of Telephone Conference on Financial Results for the First Quarter Ended June 30, 2026",https://www.shinetsu.co.jp/en/ir/ir-data/ir-briefing/,Shin-Etsu News,2026-08-05T00:00:00Z,2026-08-10T08:31:02Z,official_page,https://www.shinetsu.co.jp/en/news/,official,20,https://www.shinetsu.co.jp/en/news/
13,BorgWarner,BorgWarner Wins Major Program with Next Generation Integrated Drive Module Technology,https://www.borgwarner.com/newsroom/press-releases/2026/08/04/borgwarner-wins-major-program-with-next-generation-integrated-drive-module-technology,BorgWarner Press Releases,2026-08-04T00:00:00Z,2026-08-10T08:31:02Z,official_page,https://www.borgwarner.com/newsroom/press-releases,official,20,https://www.borgwarner.com/newsroom/press-releases
14,DOW,dow and adient launch specflex ren,https://corporate.dow.com/en-us/news/press-releases/dow-and-adient-launch-specflex-ren.html,Dow News,2026-08-04T00:00:00Z,2026-08-10T08:31:02Z,official_page,https://corporate.dow.com/en-us/news.html,official,20,https://corporate.dow.com/en-us/news.html
21,GE Healthcare,"GE HealthCare expands the LOGIQ e ultrasound platform with new LOGIQ e family August 04, 2026",https://www.gehealthcare.com/en-us/about/newsroom/press-releases/ge-healthcare-expands-the-logiq-e-ultrasound-platform-with-new-logiq-e-family,GE HealthCare Newsroom,2026-08-04T00:00:00Z,2026-08-10T08:31:02Z,official_page,https://www.gehealthcare.com/about/newsroom,official,20,https://www.gehealthcare.com/about/newsroom
63,DNP,"Aug 07, 2026 FY2026 (ending March 31, 2027) Q1 Selected Financial Data Global Market News IR Financial summary Global Market News IR Financial summary",https://www.global.dnp/en/news/detail/2026/08/04/,DNP News,2026-08-04T00:00:00Z,2026-08-10T08:31:02Z,official_page,https://www.global.dnp/news/,official,20,https://www.global.dnp/news/
17,Onsemi,onsemi Reports Second Quarter 2026 Results,https://www.onsemi.com/company/newsroom/news-and-insights/onsemi-reports-second-quarter-2026-results,onsemi Press Announcements,2026-08-03T00:00:00Z,2026-08-10T08:31:02Z,official_page,https://www.onsemi.com/company/news-media/press-announcements,official,20,https://www.onsemi.com/company/news-media/press-announcements
63,DNP,"Aug 07, 2026 FY2026 (ending March 31, 2027) Q1 Financial Results Presentation Global Market News IR Financial summary Global Market News IR Financial summary",https://www.global.dnp/en/news/detail/2026/08/03/,DNP News,2026-08-03T00:00:00Z,2026-08-10T08:31:02Z,official_page,https://www.global.dnp/news/,official,20,https://www.global.dnp/news/
70,Tokyo Electron,2026.08.03 Notice regarding the Status of Share Repurchase and its Completion Topics Products / Services IR Sustainability Event Disaster Notice,https://www.tel.com/news/ir/2026/ahl7jh00000000fd-att/20260803_001_e.pdf,Tokyo Electron News,2026-08-03T00:00:00Z,2026-08-10T08:31:02Z,official_page,https://www.tel.com/news/,official,20,https://www.tel.com/news/
63,DNP,"Aug 06, 2026 DNP to Exhibit at Medical Fair Asia 2026, One of the Leading Medical and Healthcare Exhibitions in Southeast Asia Global Market News Products and Services Packaging Health Care Global Market News Products and Services Packaging Health Care",https://www.global.dnp/en/news/detail/2026/08/02/,DNP News,2026-08-02T00:00:00Z,2026-08-10T08:31:02Z,official_page,https://www.global.dnp/news/,official,20,https://www.global.dnp/news/
43,EMM(Umicore),Half Year Results 2026,https://www.umicore.com/en/media/newsroom/half-year-results-2026/,Umicore Newsroom,2026-07-31T00:00:00Z,2026-08-10T08:31:02Z,official_page,https://www.umicore.com/en/newsroom/,official,20,https://www.umicore.com/en/newsroom/
44,Umicore,Half Year Results 2026,https://www.umicore.com/en/media/newsroom/half-year-results-2026/,Umicore Newsroom,2026-07-31T00:00:00Z,2026-08-10T08:31:02Z,official_page,https://www.umicore.com/en/newsroom/,official,20,https://www.umicore.com/en/newsroom/
59,Airbus,"Airbus awarded contract for SpainSat NG-III secure communications satellite Space Hisdesat selected Airbus to act as prime contractor for SpainSat NG-III, Europe’s most advanced secure communications satellite 31 July 2026 2 min read",https://www.airbus.com/en/newsroom/press-releases/2026-07-airbus-awarded-contract-for-spainsat-ng-iii-secure-communications-satellite,Airbus Press Releases,2026-07-31T00:00:00Z,2026-08-10T08:31:02Z,official_page,https://www.airbus.com/en/newsroom/press-releases,official,20,https://www.airbus.com/en/newsroom/press-releases
70,Tokyo Electron,2026.07.31 Tokyo Electron Donates to Support 2026 Kumamoto Earthquake Relief Efforts Topics Products / Services IR Sustainability Event Disaster Notice,https://www.tel.com/news/sustainability/2026/20260731_001.html,Tokyo Electron News,2026-07-31T00:00:00Z,2026-08-10T08:31:02Z,official_page,https://www.tel.com/news/,official,20,https://www.tel.com/news/
60,Safran,"07.30.2026 The Arriel 2K, the engine powering the Leonardo AW09 helicopter, has received its EASA certification See more",https://www.safran-group.com/pressroom/arriel-2k-engine-powering-leonardo-aw09-helicopter-has-received-its-easa-certification-2026-07-30,Safran Pressroom,2026-07-30T00:00:00Z,2026-08-10T08:31:02Z,official_page,https://www.safran-group.com/pressroom,official,20,https://www.safran-group.com/pressroom
69,Shin-Etsu Chemicals,2026.07.30 IR Notice Concerning Results of Acquisition of Own Shares Through ToSTNeT-3 and Completion of Acquisition of Own Shares pdf,https://www.shinetsu.co.jp/wp-content/uploads/2026/07/20260730E1-2.pdf,Shin-Etsu News,2026-07-30T00:00:00Z,2026-08-10T08:31:02Z,official_page,https://www.shinetsu.co.jp/en/news/,official,20,https://www.shinetsu.co.jp/en/news/
70,Tokyo Electron,2026.07.30 Notice Regarding Continuation of Stock Delivering Scheme for TEL Group Officers and Employees in Japan and Abroad Topics Products / Services IR Sustainability Event Disaster Notice,https://www.tel.com/news/ir/2026/rf97m800000000g3-att/20260730_002_e.pdf,Tokyo Electron News,2026-07-30T00:00:00Z,2026-08-10T08:31:02Z,official_page,https://www.tel.com/news/,official,20,https://www.tel.com/news/
53,Rio Tinto,2026 half year results Announced on Wednesday 29 July 2026,https://www.riotinto.com/en/invest/financial-news-performance/results,Rio Tinto News Releases,2026-07-29T00:00:00Z,2026-08-10T08:31:02Z,official_page,https://www.riotinto.com/en/news/releases,official,20,https://www.riotinto.com/en/news/releases
69,Shin-Etsu Chemicals,2026.07.29 IR Notice Regarding the Acquisition of Own Shares through the Off-Auction Own Share Repurchase Trading System (ToSTNeT-3) pdf,https://www.shinetsu.co.jp/wp-content/uploads/2026/07/20260729E-1.pdf,Shin-Etsu News,2026-07-29T00:00:00Z,2026-08-10T08:31:02Z,official_page,https://www.shinetsu.co.jp/en/news/,official,20,https://www.shinetsu.co.jp/en/news/
22,Boeing,Boeing Reports Second Quarter Results,https://boeing.mediaroom.com/2026-07-28-Boeing-Reports-Second-Quarter-Results,Boeing News Releases,2026-07-28T00:00:00Z,2026-08-10T08:31:02Z,official_page,https://boeing.mediaroom.com/news-releases-statements,official,20,https://boeing.mediaroom.com/news-releases-statements
60,Safran,Safran reports its first-half 2026 results Outstanding first-half results with record-breaking profitability FY 2026 guidance raised,https://www.safran-group.com/pressroom/safran-reports-its-first-half-2026-results-2026-07-28,Safran Pressroom,2026-07-28T00:00:00Z,2026-08-10T08:31:02Z,official_page,https://www.safran-group.com/pressroom,official,20,https://www.safran-group.com/pressroom
31,Norsk Hydro,"Hydro and Mercedes-Benz shift gears to scale recycled and low-carbon aluminium in Europe Hydro and Mercedes-Benz are expanding their partnership to increase the use of recycled and low-carbon aluminium across Europe. This is supporting eff ... July 27, 2026",https://www.hydro.com/en/global/media/news/2026/hydro-and-mercedes-benz-shift-gears-to-scale-recycled-and-low-carbon-aluminium-in-europe/,Norsk Hydro News,2026-07-27T00:00:00Z,2026-08-10T08:31:02Z,official_page,https://www.hydro.com/en/global/media/news/,official,20,https://www.hydro.com/en/global/media/news/
60,Safran,"Safran and Aura Aero are strengthening their strategic partnership for the development of the turbogenerators that will power the ERA hybrid electric regional aircraft Safran Helicopter Engines and Aura Aero have reached a new milestone in their partnership regarding the hybrid electric propulsion system of the ERA (Electric Regional Aircraft), the future 19-seat...",https://www.safran-group.com/pressroom/safran-signs-agreement-aura-aero-develop-turbogenerator-propulsion-system-era-hybrid-electric-2026-07-27-0,Safran Pressroom,2026-07-27T00:00:00Z,2026-08-10T08:31:02Z,official_page,https://www.safran-group.com/pressroom,official,20,https://www.safran-group.com/pressroom
9,Albemarle,"Press Releases July 23, 2026 Albemarle Appoints Eduardo Bartolomeo to Board of Directors CHARLOTTE, N.C., July 23, 2026 /PRNewswire/ -- Albemarle Corporation (NYSE: ALB), a global leader in providing essential elements for mobility, energy, connectivity and health, today announced that its Board of Directors (the ""Board"") has appointed Eduardo Bartolomeo to the Board, effective July 21",https://www.albemarle.com/us/en/news/albemarle-appoints-eduardo-bartolomeo-board-directors,Albemarle News,2026-07-23T00:00:00Z,2026-08-10T08:31:02Z,official_page,https://www.albemarle.com/news,official,20,https://www.albemarle.com/news
14,DOW,dow reports second quarter 2026 results,https://corporate.dow.com/en-us/news/press-releases/dow-reports-second-quarter-2026-results.html,Dow News,2026-07-23T00:00:00Z,2026-08-10T08:31:02Z,official_page,https://corporate.dow.com/en-us/news.html,official,20,https://corporate.dow.com/en-us/news.html
31,Norsk Hydro,"Hydro's second quarter 2026: Operational strength delivering solid results Hydro’s adjusted EBITDA for the second quarter of 2026 was NOK 8,923 million, up from NOK 7,790 million in the same quarter last year. Higher aluminiu ... July 22, 2026",https://www.hydro.com/en/global/media/news/2026/hydros-second-quarter-2026-operational-strength-delivering-solid-results/,Norsk Hydro News,2026-07-22T00:00:00Z,2026-08-10T08:31:02Z,official_page,https://www.hydro.com/en/global/media/news/,official,20,https://www.hydro.com/en/global/media/news/
9,Albemarle,"Press Releases July 21, 2026 Albemarle Announces Quarterly Common Stock Dividend CHARLOTTE, N.C., July 21, 2026 /PRNewswire/ -- The Board of Directors of Albemarle Corporation (NYSE: ALB) today announced that it declared a quarterly common stock dividend of $0.41 per share. The dividend, which has an annualized rate of $1.64, is payable Oct. 1, 2026, to shareholders of record at",https://www.albemarle.com/us/en/news/albemarle-announces-quarterly-common-stock-dividend-7,Albemarle News,2026-07-21T00:00:00Z,2026-08-10T08:31:02Z,official_page,https://www.albemarle.com/news,official,20,https://www.albemarle.com/news
28,ASML,"July 15, 2026 High NA EUV reaches new readiness milestone with first high-volume Logic product",https://www.asml.com/en/news/press-releases/2026/high-na-euv-reaches-new-readiness-milestone,ASML Press Releases,2026-07-15T00:00:00Z,2026-08-10T08:31:02Z,official_page,https://www.asml.com/en/news/press-releases,official,20,https://www.asml.com/en/news/press-releases
28,ASML,"July 15, 2026 ASML reports €9.3 billion total net sales and €2.9 billion net income in Q2 2026",https://www.asml.com/en/news/press-releases/2026/q2-2026-financial-results,ASML Press Releases,2026-07-15T00:00:00Z,2026-08-10T08:31:02Z,official_page,https://www.asml.com/en/news/press-releases,official,20,https://www.asml.com/en/news/press-releases
22,Boeing,Boeing Announces Second Quarter Deliveries,https://boeing.mediaroom.com/2026-07-14-Boeing-Announces-Second-Quarter-Deliveries,Boeing News Releases,2026-07-14T00:00:00Z,2026-08-10T08:31:02Z,official_page,https://boeing.mediaroom.com/news-releases-statements,official,20,https://boeing.mediaroom.com/news-releases-statements
43,EMM(Umicore),Advanced notice of Umicore’s 2026 Half Year Results,https://www.umicore.com/en/media/newsroom/advanced-notice-2026-hyr/,Umicore Newsroom,2026-07-14T00:00:00Z,2026-08-10T08:31:02Z,official_page,https://www.umicore.com/en/newsroom/,official,20,https://www.umicore.com/en/newsroom/
44,Umicore,Advanced notice of Umicore’s 2026 Half Year Results,https://www.umicore.com/en/media/newsroom/advanced-notice-2026-hyr/,Umicore Newsroom,2026-07-14T00:00:00Z,2026-08-10T08:31:02Z,official_page,https://www.umicore.com/en/newsroom/,official,20,https://www.umicore.com/en/newsroom/
72,Mitsubishi Chemical,Mitsubishi Chemical Group (TSE:4188) Could Be 27% Undervalued As Earnings And Guidance Improve - simplywall.st,https://news.google.com/rss/articles/CBMi4wFBVV95cUxPTVhQRzA4VnIzSG1BRUVyRFg3NEpUS3F1VmFqSmJkYXRVQldkeU9KT1AzWHRlODZLYzdLXzg3aXc4U0lQZXo1aUp1aEdrOGhjMEJuWXlIbHBULUNSSHkzakwtNlJTZG9FZGctQWRDWHdVVFFXZVJHSUZKeDBZY0JQQ3FaTDNhQmt0UkRqWUliWFEwa0JreTJKbG5ua0VSUkpNU3B0eFlLVk5BdmZhYWprenhlTVM5ZXZEWkFyZlJXemRzamFLLV85WFdpNklLcTJrTEZjVmp5MG11SDhPczBycHFpVdIB6AFBVV95cUxNSHJpRU9mZUdYTEdqR1J0b2xHUjRBdXJKdlcyc3E2VUNzdG04UUtuSVQ4czZvMG05VU5RSVNCQldmeVY4SUkxcTVqaVJUOVpMTGo3QmxfNVR3R3hDSk5zbTAtTk5pYksybjFYbWxtLVlWM0xNSURrcnNRcFZjUWtmcy1DYzdVSnVWcTdtNS11NHVnUEd1enBfb3VQeXk0THR5SkxZV2dtR2s4YVdGU045R3gyZmIxSk9kUTZ0Snc1NkVFMVk5N0x2TnpBU1pFTlR4VzZMd1haUk1naTdwbG90Zk9Hamc3SVgt?oc=5,Google News: simplywall.st,2026-08-10T07:55:57Z,2026-08-10T08:31:02Z,google_news_rss,"(""Mitsubishi Chemical"" OR ""Mitsubishi Chemical Group"") (""press release"" OR ""investor relations"" OR earnings OR announcement OR investment OR expansion OR acquisition OR partnership OR Korea) when:30d",fallback,90,
41,Heraeus,Brewer Science strengthens US semiconductor supply chain with Heraeus Epurio acquisition - eeNews Europe,https://news.google.com/rss/articles/CBMivgFBVV95cUxPVTRSYmoxREpTd2JfeWZhaWd6NEkteXRVREFTRnQ0bXNjYUZ4LS1DSFN2VnJBamFLMXdLX2ZRVUpWbTVpamxrUHhfeVQ0b1pvcFk2N01IV3VjQldUSVJicXR2Z2RJQ2NPNHNfMGJkUVczNUVvbEdKdVktTEg2T3o1WmMtdTRxZ3pvdllvVm5ZaE0xbS0tWldrS1RGbms1VG1oWUNOdjdLSVFidnlqVG05cDNNdXpmRDgzbnFCWUZB?oc=5,Google News: eeNews Europe,2026-08-10T06:35:24Z,2026-08-10T08:31:02Z,google_news_rss,"(""Heraeus"" OR ""Heraeus Group"") (""press release"" OR ""investor relations"" OR earnings OR announcement OR investment OR expansion OR acquisition OR partnership OR Korea) when:30d",fallback,90,
55,EVG,Evion (ASX:EVG) cracks the Pentagon's Cornerstone door and the fluorspar story just got real - Stocks Down Under,https://news.google.com/rss/articles/CBMiekFVX3lxTE5yVVZaWHlIRjdjVTVGQ3V5dGt5a0dkcTdOOW10RV94eHo5eDRJSWRSUU1iRnBMYk1RdWtmTTdiZWNHR080QWM2ZmhiZVEydlppWThUd0toT2l5cnE2U1JFcDdITnB3cXpMTG43aWZLNldvRl9tY1NSQnNR?oc=5,Google News: Stocks Down Under,2026-08-10T00:14:00Z,2026-08-10T08:31:02Z,google_news_rss,"(""EVG"" OR ""EV Group"") (""press release"" OR ""investor relations"" OR earnings OR announcement OR investment OR expansion OR acquisition OR partnership OR Korea) when:30d",fallback,90,
65,Toppan Holdings,TOPPAN Speciality Films Wins Awards in Three Categories at the 10th CII National Energy Efficiency Circle Competition - markets.businessinsider.com,https://news.google.com/rss/articles/CBMihwJBVV95cUxNSHZFQVpTYTVqMlhMeVQ0WmY3WEZXMWdQMEpLZmhLZkhsdUwtTlZ6VW13cTY2aUJfc2tCNDI4ejJncmpkSmtqSTRkU3BBV2tBRk5STWN5QXJKREhIbGRhUFhJLWNhcEFWWk1IVi1jVlJyV0dPdXlXQ0tUOC1TbE9aaUY5RTRRclNwR1JiZFcyMmNqYjFYNy1ZUldsMUs4R1NjaHFsNEN1T00yX3JORzVyUTN3WkFrc1lZQVYtMzYyYkJEc0p6VWI4Y1Rub2lhaC1NNWhfSUdxb2hhN3lhbFlSajJkZDhQX0xKd2VaaWZ5NmhobmdMUWxhSUkxYkwyQlpxakpHbVVCRQ?oc=5,Google News: markets.businessinsider.com,2026-08-08T21:19:30Z,2026-08-10T08:31:02Z,google_news_rss,"""TOPPAN Holdings"" (""press release"" OR ""investor relations"" OR earnings OR announcement OR investment OR expansion OR acquisition OR partnership OR Korea) when:30d",fallback,90,
5,Cytiva,"Danaher Corporation (DHR) Stock Price, News, Quote & History - Yahoo! Finance Canada",https://news.google.com/rss/articles/CBMiUEFVX3lxTFBSaXg0bHNtZGNXVHQxSmNSTWFsV1Q2Ti1NdTJaa1pXYWpraXlPSTdzVkZ6dXJHSnB2b3Ryai1CWHlvdDVhVm9VTDdxMmY5LXg0?oc=5,Google News: Yahoo! Finance Canada,2026-08-08T18:51:17Z,2026-08-10T08:31:02Z,google_news_rss,"""Cytiva"" (""press release"" OR ""investor relations"" OR earnings OR announcement OR investment OR expansion OR acquisition OR partnership OR Korea) when:30d",fallback,90,
74,Asahi Kasei,Asahi Kasei Corporation 2027 Q1 - Results - Earnings Call Presentation (OTCMKTS:AHKSY) 2026-08-07 - Seeking Alpha,https://news.google.com/rss/articles/CBMiqwFBVV95cUxOZ3JoRDEyRE9lb3VQN2FyMThiVHpWdlhxMzZIeU9saENFVzY5a3lsOHhTb0laakVfeVh2ejI1akNDdmRXTHpCbTlHcHhsWFJmcWJJaHBSVXlqcnljWWdGejNrNG96QTB4RERLT3pCNWZYd3pxY2VZT21DU0J5cWZ4VjhFYk1xLVJWN21CMDZ2MTlHTG9PR2RrRmtpQ2U1SVdZZWdYUFQ3RVI5MTA?oc=5,Google News: Seeking Alpha,2026-08-07T23:04:44Z,2026-08-10T08:31:02Z,google_news_rss,"""Asahi Kasei"" (""press release"" OR ""investor relations"" OR earnings OR announcement OR investment OR expansion OR acquisition OR partnership OR Korea) when:30d",fallback,90,
62,Arkema,Individual shareholders - Arkema Global,https://news.google.com/rss/articles/CBMigAFBVV95cUxQM1lRTlRpeVhOQUR1NkdjT3h4VkZnSFh2cXNtQzFzcm8zS25DdWlzZ0tmdjhlSXBqbjF6azlndmJMWXpBNlJiQ1NNMmhuY1ZlVkhNdXZVX1Jic0ZhWjNaaGxCOEYwZWRKa2NvdW9PQ2xEc1dMRnlYNEQ3ZFdCZDg2dw?oc=5,Google News: Arkema Global,2026-08-07T17:52:04Z,2026-08-10T08:31:02Z,google_news_rss,"""Arkema"" (""press release"" OR ""investor relations"" OR earnings OR announcement OR investment OR expansion OR acquisition OR partnership OR Korea) when:30d",fallback,90,
25,Applied Materials,Applied Materials is about to report earnings. How to trade the AI picks-and-shovels play ahead of results - CNBC,https://news.google.com/rss/articles/CBMitgFBVV95cUxNV3JoNFVTWGFJM1lWUGZnZFRyOExGdlB2OFExSXEwcE83a0VZQVNITEpyVTBEOVJRRG9XV1YxVUwzUWYzZkFJM3dYQm5ZYmVkZGZOeG52VkFxZXlLS2ZiNXp4TVpkN1dIcFFiTGRLZzlENGZiLUktRDNsN1dtR0pFMC1KV0I5aUJiOFMwT1dkYjBGbHRxTVQ0NWhOdzN6UFdwcUhFcndBbUJQeGRvSUFLbFRxZjdEUQ?oc=5,Google News: CNBC,2026-08-07T15:41:16Z,2026-08-10T08:31:02Z,google_news_rss,"""Applied Materials"" (""press release"" OR ""investor relations"" OR earnings OR announcement OR investment OR expansion OR acquisition OR partnership OR Korea) when:30d",fallback,90,
32,Vestas,Consensus estimates as of 28 July 2026 - Vestas,https://news.google.com/rss/articles/CBMiV0FVX3lxTE84bmp2d3o4Z1ZhVTBnQWhCZFpJZnlQdTR1azFCOXpTMUN0a01rb1FjODB0U3JnUVNrdkJrX3hmNzNDVUxmcUFVTTRhQ295SjRqQlhmcE5sMA?oc=5,Google News: Vestas,2026-08-07T15:10:01Z,2026-08-10T08:31:02Z,google_news_rss,"(""Vestas"" OR ""Vestas Wind Systems"") (""press release"" OR ""investor relations"" OR earnings OR announcement OR investment OR expansion OR acquisition OR partnership OR Korea) when:30d",fallback,90,
24,Ouster,Ouster Q2 Earnings Surpass Expectations on Sensor Growth - finance.yahoo.com,https://news.google.com/rss/articles/CBMipwFBVV95cUxNVGxybWNTa3hlOGMzX0FNbGVOV051aXlMTFczbU5DNDlZckttbGV0LVU4ZkJFQkFuZ3BLUUpObV85WGcxelBxUGVBaXdXeHBmR3B5ZHkzUTZZTDB6TnNQM0JlSVFvRGkxWEhfM0F1UlJCWlIzQzZJenVsaGxYSDNCek9xWWFOU3gzMHRGVzhBV1oxNjYteUwzWUNISUg0MjgxTzYxX1FYYw?oc=5,Google News: finance.yahoo.com,2026-08-07T14:51:00Z,2026-08-10T08:31:02Z,google_news_rss,"(""Ouster"" OR ""Ouster Inc"") (""press release"" OR ""investor relations"" OR earnings OR announcement OR investment OR expansion OR acquisition OR partnership OR Korea) when:30d",fallback,90,
6,Moderna,Moderna Q2 Earnings Call Highlights Cost Cuts and Pipeline Milestones - finance.yahoo.com,https://news.google.com/rss/articles/CBMinAFBVV95cUxORUFlNnRwVGFYbXVkU05UZFBMSXQwRWVDRm5mSEJFY2hHLWxtZ05PcXlLblhiTEg2clQ4RWhNd0NnRVlST2Q5UUpOT3Z5VHVJeElJNDVNc2pVdnI3dUhfWHFrRGV6SmJJaDBjMElKRExvRFBvMmcyajY1RXZLTHdDYUNBOGNKSXNDMzhMWHBJbkQzcTVFcnYyUUNqWEw?oc=5,Google News: finance.yahoo.com,2026-08-07T14:45:00Z,2026-08-10T08:31:02Z,google_news_rss,"(""Moderna"" OR ""Moderna Inc"") (""press release"" OR ""investor relations"" OR earnings OR announcement OR investment OR expansion OR acquisition OR partnership OR Korea) when:30d",fallback,90,
65,Toppan Holdings,Japan’s Earnings Calendar Picks Up The Pace Next Week - Finimize,https://news.google.com/rss/articles/CBMiiAFBVV95cUxPcVdJT0dvSmNCWlFOVlVjVTV5UWt5bUsxclc0LTVpUEU1UzF3WkhzdDRKc0RZa2pUSlhCc3dEQ3dXN05CLUdHNHViSzhmZTc1V3ZXajdUMkRZVFNnWGc5bFVmd0E2NkRWQ2VBZW9KdFplcHEtd0NOVV9tbHpxVGJrTTNiWTcwTUlD?oc=5,Google News: Finimize,2026-08-07T12:12:58Z,2026-08-10T08:31:02Z,google_news_rss,"""TOPPAN Holdings"" (""press release"" OR ""investor relations"" OR earnings OR announcement OR investment OR expansion OR acquisition OR partnership OR Korea) when:30d",fallback,90,
4,Charles River,Charles River Benefits From an Improving Demand Environment Despite No Moat - Morningstar,https://news.google.com/rss/articles/CBMixgFBVV95cUxQZXBrb0NQLVhMVjdoN1RJVTdxbUFPbGN0b3M3RHp2MHJXRnpWS1RXamU5Ny0zQUVPWUxOZjJqTVZBSmQzaFRCcGdlNElwRWs1Q3lLV25Ec0dlV05UNjM0N3Nfam1ZMVRMNjNQei04LThMNVkxSkN0bmlTT0lOdGpTaWUzOTlPY1Z1Z2lIZEJpS1N0WldnUVdGR1pvVV8zcmt5ZHdROU9TSm4ycC0yOWdYMElPUGI1djhjQldGRThJdG03Zi1falE?oc=5,Google News: Morningstar,2026-08-07T05:56:11Z,2026-08-10T08:31:02Z,google_news_rss,"(""Charles River"" OR ""Charles River Laboratories"") (""press release"" OR ""investor relations"" OR earnings OR announcement OR investment OR expansion OR acquisition OR partnership OR Korea) when:30d",fallback,90,
65,Toppan Holdings,Toppan Printing (ADR) (TOPPY.US) will release its earnings report on August 12. - Moomoo,https://news.google.com/rss/articles/CBMiqAFBVV95cUxOUlZldThMNElFSWZoT2tyMzB4ZHNBSi1OMl9uQ2dJTmhOaHN4RXRjbWdRQWVuZjBWQmVMWDJPdEVPX3BTRHdYclE2V05DZEluX25maTN1Vmw5VlFkS3lLUFJtUVg2TlNmVWhWcmo1RGw4MUJGYTNwai1VdVF0MWowZU9ja2JNaXprUWxvM1RFcU56d3BVTzlvMFFjeTB1bnNNS0p1RlVmMHc?oc=5,Google News: Moomoo,2026-08-07T05:22:47Z,2026-08-10T08:31:02Z,google_news_rss,"""TOPPAN Holdings"" (""press release"" OR ""investor relations"" OR earnings OR announcement OR investment OR expansion OR acquisition OR partnership OR Korea) when:30d",fallback,90,
51,Renishaw,Renishaw Launches LIBERTAS Software to Reduce Supports and Improve Surface Finish in Metal AM - 3dprintingindustry.com,https://news.google.com/rss/articles/CBMi0wFBVV95cUxPNnc1NTY1d3c0V1hZYVh3ZWw0eVNrZm9yN1Z1amZMX3BzLUtBaHhSNFZZU09iaHhreGFTc2FsdXpxUjIwV3JQZ0dvb25hQ3JDZ0pFbHBzb3VUY0tvdlQxYXFsMWlBLUFlLUNhcmVCTkxHQXMxRlZYVGxtVEszd3Rvb1gwdTROTlcxRUdCU2Z3aE9nNzVuYW8zOElSY3VNbDdpOEhMcHA5dFl4eUd3cWtWdm1LU25NbXNrVWJJY3BDdTQ1blAyVzBRcjBDMU1CQmpTLXR3?oc=5,Google News: 3dprintingindustry.com,2026-08-07T05:18:33Z,2026-08-10T08:31:02Z,google_news_rss,"(""Renishaw"" OR ""Renishaw plc"") (""press release"" OR ""investor relations"" OR earnings OR announcement OR investment OR expansion OR acquisition OR partnership OR Korea) when:30d",fallback,90,
24,Ouster,Ouster Announces Results for Second Quarter 2026 - Business Wire,https://news.google.com/rss/articles/CBMiqAFBVV95cUxOczJZcW9vdzF0U1lCdXdHUmtuZ1YzQW5pVDRxdmp1ZV9WRFBsU2tqQmtnRXlUXzBDMlJVUkdqc3FxcWhkRmtncEg4ejBuM29XMXl2eVJNZ3EyYVdoTXVZamdubzA0S3BER0k0clBuNzdVc01pWXRiU3pxLWV6R2I2UXhRTGprb3p3NDQ0UnBiNXl5YmVlT292RXdRaDBVXzR5QkM0Nnl1SGg?oc=5,Google News: Business Wire,2026-08-06T20:05:00Z,2026-08-10T08:31:02Z,google_news_rss,"(""Ouster"" OR ""Ouster Inc"") (""press release"" OR ""investor relations"" OR earnings OR announcement OR investment OR expansion OR acquisition OR partnership OR Korea) when:30d",fallback,90,
74,Asahi Kasei,Asahi Kasei Enters First License Agreement for Production and Sale of Acetolyte™ Novel Electrolyte in China - Morningstar,https://news.google.com/rss/articles/CBMi_AFBVV95cUxNWFQxS1I1emUyV0R2MWc0XzJPcVVUTmVOU0JjSk8xanpIQkZSUkR2eHhLc1NkbGI5bFVvcXRhdXl0MXNBU25HWEhGVWY3UHltWTREUlZPcE9DOElNZUkxNW4zZk1xZDRUeV9hdXk2RGxGOHRQcl9OR0JQdHlWd0Rmcnowc2VrOUFmcThQYUQ2UGlSeGpDX1dBVWFOY3g2U21HWm82VzkzOVVQODlOcVVxNVFaMUdwbDlLSEMxZEpLcGxGcGZKUUY1bDdfdkNtT1dLVVdUTXNCSjZhQTdhRDNBenJmOG9ELTE3ZE4tZ1RCWGVoT3BuNjJLMmI4S0g?oc=5,Google News: Morningstar,2026-08-06T17:30:00Z,2026-08-10T08:31:02Z,google_news_rss,"""Asahi Kasei"" (""press release"" OR ""investor relations"" OR earnings OR announcement OR investment OR expansion OR acquisition OR partnership OR Korea) when:30d",fallback,90,
2,Cognex,Cognex Q2 Earnings Beat on Margin Gains Despite Revenue Miss - Zacks Investment Research,https://news.google.com/rss/articles/CBMiowFBVV95cUxPTmQzckw0dEx0bS1LNXg5RkVJb0k4YU10b1BqR0FzUC1UbW9CRDRQNHlVcjRERGVnTV9QX3NCM2tmUjB5emRRdmQ5ZmtSQ05MWkppcXRJMWVoYnZyS2lrMElqaXU1YWFUdnhJc0ZaTks3Mlh3Znl3OXhFVHE1bE50c3NyUVdWWGxvYUlfT3NVVkZYNC1MVUpFbUdOR0J6YlRmVUN3?oc=5,Google News: Zacks Investment Research,2026-08-06T15:00:29Z,2026-08-10T08:31:02Z,google_news_rss,"(""Cognex"" OR ""Cognex Corporation"") (""press release"" OR ""investor relations"" OR earnings OR announcement OR investment OR expansion OR acquisition OR partnership OR Korea) when:30d",fallback,90,
25,Applied Materials,"Dear Applied Materials Stock Fans, Mark Your Calendars for August 13 - Barchart.com",https://news.google.com/rss/articles/CBMisAFBVV95cUxNU1J0WnlYNXFFR2FVNGtaeF81YURIQnFCZE5WTVJoVXZidXJRS2x5c0Q2bmhxVkd1MFdLMlJ5VlVORGV4dDFOVmVzRk5UQUtrcjQ3a2o0QUdGM290c3M4SHZkcElIQUFOb0NkS3lZN3VULVdpTXc5WmtPOENaWktsVXFqTG1neDNTT2lyVjdoREFkTWF0N19naXhpR3dsWnBkVVBrdVp2STN6MTI5bHI1cw?oc=5,Google News: Barchart.com,2026-08-06T13:49:30Z,2026-08-10T08:31:02Z,google_news_rss,"""Applied Materials"" (""press release"" OR ""investor relations"" OR earnings OR announcement OR investment OR expansion OR acquisition OR partnership OR Korea) when:30d",fallback,90,
71,Tosoh,Tosoh (TSE:4042) Stock Drifts As Profitability Rebounds Sharply - simplywall.st,https://news.google.com/rss/articles/CBMiyAFBVV95cUxOeHlFV0U4dkZqaFlKT1Z6TmkyNDNrQUNhbWJoTXM0YnBqcHQtSDlTQWlMLXFjRUt3MURDLTZMYzg1ZzdOY1ZxMEphOG5OZ1VyRENOWTRBblMzTDRfNmo3Q3ZTVEFzeU9kbEJSelNzRm5VSVltN3NpenlEOS1KZ0RBQ2FzRkpwS3lkcFUxYkxmNU9EY3RlZHhfTFZqVWk2dEktM1dKWjdqWHpCMmExUkU5REVWUGNvQ2x2a1FoaVByclVWZ1l6ZEZ1UNIBzgFBVV95cUxNbUNFT1VjZU5pd1NUVnVxTGo2Z0VDeTlUVUo3QXFyU085bTBXenFIQUZKVkh1N0h4VE5HampaamJRRy1YNFYtTFlUdHdhTkpfNmdEY1dpYlhhcmxpZ0o0QVdrb0ptTXY1NmFNY3FEZkRaNG40dUpxTk9pcFBUUGd1ZGRoTGY2ZjJ5UUZycUJKU0dhRVlZRnNfRFpmYmdKcTZCVkxNV2R3WWEyUDN4THZDM1B3dGF2TjJyT2pRbjJJSDJ3b1lOVEU0eWVXTDM4UQ?oc=5,Google News: simplywall.st,2026-08-06T08:18:46Z,2026-08-10T08:31:02Z,google_news_rss,"(""Tosoh"" OR ""Tosoh Corporation"") (""press release"" OR ""investor relations"" OR earnings OR announcement OR investment OR expansion OR acquisition OR partnership OR Korea) when:30d",fallback,90,
32,Vestas,Vestas Wind Systems AS (VWDRY) Projected to Release Earnings on Wednesday - MarketBeat,https://news.google.com/rss/articles/CBMiwwFBVV95cUxPZmtmOGxKOUVTR0dFY2hCR2pyNkgyTTNlRjkyb0ZZMW1mYmhWUXctUVdKbzVIUUNSazdxX3h1b3FjRXZwZlMzSWlBNXRJZUN2UTRFSThOaUpVWVZjS1J5UXN5eFB0M1hTRVVnTHhnWXhXZUVTblE4UUdnMWVRY3VBTFVINER4UzE3ZFJ6VFpfNmJ0eWVkeHg2dXZnbW9sNlYxRGc1MmtGVnpMT1UxbUhOWi10WGUtZ1M1dHRCN0s5VG5oWFk?oc=5,Google News: MarketBeat,2026-08-05T13:41:09Z,2026-08-10T08:31:02Z,google_news_rss,"(""Vestas"" OR ""Vestas Wind Systems"") (""press release"" OR ""investor relations"" OR earnings OR announcement OR investment OR expansion OR acquisition OR partnership OR Korea) when:30d",fallback,90,
50,Siemens-Gamesa,Siemens Gamesa moves back into profit in Q3 - renewablesnow.com,https://news.google.com/rss/articles/CBMiiwFBVV95cUxNNTduZ0VUWlBhb2ZQSXNvTmZONV9FTW52QXU2YjZBZFIwQ2JXempLUDVfMVJ0bzZMbTVaNGFDdUFWSzdOcEpZOFFYTEVWQklzV3lGTF9HOUptOEd4N3JNNmE0WGVQVHZYUnJHckc2TGhyUmFDSkEyMkNrbVUzVHkzdFpHOTd6VFhKX04w?oc=5,Google News: renewablesnow.com,2026-08-05T08:20:21Z,2026-08-10T08:31:02Z,google_news_rss,"(""Siemens-Gamesa"" OR ""Siemens Gamesa"") (""press release"" OR ""investor relations"" OR earnings OR announcement OR investment OR expansion OR acquisition OR partnership OR Korea) when:30d",fallback,90,
68,JSR,JSR Genetics reflects on 10 years of progress - Pig World,https://news.google.com/rss/articles/CBMiiwFBVV95cUxNWTVBOGhYQkF3aVpQWUhUNGlzOXBMVW1qMlZkbExGeV9JaXZHTkFVaW84UGNPUUNUOHg5bGRFU1ZJaVgxRGpfbmttcGt5NlBJRjdmRVJCekRhYXJjNV9CUFhiMVJCa095Rko5eUZBNXQ1RGlnZ05zdEpNNmNKaVNYQ3RZX2VnTlZfQnVr?oc=5,Google News: Pig World,2026-08-05T08:09:00Z,2026-08-10T08:31:02Z,google_news_rss,"(""JSR"" OR ""JSR Corporation"") (""press release"" OR ""investor relations"" OR earnings OR announcement OR investment OR expansion OR acquisition OR partnership OR Korea) when:30d",fallback,90,
34,Infineon,Chip Maker Infineon Forecasts Strong Revenue Growth on Booming AI Demand - WSJ,https://news.google.com/rss/articles/CBMiuwFBVV95cUxQRFpiRzVlLWZUbjFjem1ja3F0RloyYXAyRzFYSTJtVm9lQnhIdzk5SzlDdUk4U2tfdXZreVZocWlMdlNlb1ctOEZ4OUlXUWNNSUtjQ1M0ZWkxbFh1c09DYkppYmdmYUt3LTBMTGtQVTFwYjFiUFI5X0ZPM0QybXo0ZUVNMU5GSzVCTENqN0dwdDVLMUJ5OVdya1VDY29jal9YQlBvSXFBWEhsS3VPWTI1OXBVNHNPdy04a2Mw?oc=5,Google News: WSJ,2026-08-05T08:03:00Z,2026-08-10T08:31:02Z,google_news_rss,"(""Infineon"" OR ""Infineon Technologies"") (""press release"" OR ""investor relations"" OR earnings OR announcement OR investment OR expansion OR acquisition OR partnership OR Korea) when:30d",fallback,90,
27,Prodrive,JCB Hydromax Nears Record Attempt at Bonneville - Prodrive,https://news.google.com/rss/articles/CBMif0FVX3lxTE1QX21PbDRjekUtaXU4WVNXNXF1YmRHVWVJaWJqdnB3T0lDNVN6UFpLOE40ZWkySDFndlBnbG9NelBOcDExT3lwaXZkdlJuQ1dvR1lJNThoSmRhXzZqNUxHMkNDVUdLNzZ4Rmo3VDFQWFBBM21kYk5iQTVhSVREV1E?oc=5,Google News: Prodrive,2026-08-05T08:00:00Z,2026-08-10T08:31:02Z,google_news_rss,"(""Prodrive"" OR ""Prodrive Technologies"") (""press release"" OR ""investor relations"" OR earnings OR announcement OR investment OR expansion OR acquisition OR partnership OR Korea) when:30d",fallback,90,
34,Infineon,INFINEON TECHNOLOGIES AG N (IFX.HM) Q3 FY2026 (Media) earnings call transcript - finance.yahoo.com,https://news.google.com/rss/articles/CBMikgFBVV95cUxNVTBMNHF1UE9JUXg4N2dULUhQV1lfTVJnZnBmOFNnbXdRTWNXeWRibFJ4VGlfQ1YzODM2c1NYM1RVeldITmZvak1fNTBnU3ViVVdUbkVyd2RhRGR4cWNFaUhGQkJiMWo3Qm9qUlk3OTFydGZNTWlzY053TmYyeUxWMUpKRFJvSnpLQThIMi1JTTM2Zw?oc=5,Google News: finance.yahoo.com,2026-08-05T06:00:00Z,2026-08-10T08:31:02Z,google_news_rss,"(""Infineon"" OR ""Infineon Technologies"") (""press release"" OR ""investor relations"" OR earnings OR announcement OR investment OR expansion OR acquisition OR partnership OR Korea) when:30d",fallback,90,
71,Tosoh,Tosoh Posts Strong Q1 Rebound and Lifts Full-Year Earnings Outlook - The Globe and Mail,https://news.google.com/rss/articles/CBMi5wFBVV95cUxOLTdVc3VtRy16UkoxVHJ5Uk51M1JZTEF3RmtpM0VmVFZiYUVMT0xsT0Z5V2RVajdjcjhrTHQ3RnhsdHloM3R4MGp1SkhnYlNvRnNYaGN2cFlGRUl6d05qZ2VkWVc0QVdPWG1fZmc3NWtTTUs1MWNHdkJ5REZXNVRYUkYyNzRjLTg3dng0eGtQVEVXZENXR0hiTG00OURJclBzYnlUNTNSWXNlV1N6ZVRjZmdnVTYwQ0xCWjhfekk5R2Ffa2w2NkhqYUNuTXgzVXJNbzVXSzJNOXNCbDc5N29PQVpRcTRvZzg?oc=5,Google News: The Globe and Mail,2026-08-05T04:34:00Z,2026-08-10T08:31:02Z,google_news_rss,"(""Tosoh"" OR ""Tosoh Corporation"") (""press release"" OR ""investor relations"" OR earnings OR announcement OR investment OR expansion OR acquisition OR partnership OR Korea) when:30d",fallback,90,
66,Nabtesco,Nabtesco Corporation 2026 Q2 - Results - Earnings Call Presentation (OTCMKTS:NCTKY) 2026-08-04 - Seeking Alpha,https://news.google.com/rss/articles/CBMipwFBVV95cUxQVTBjZ0h0UnU2elAtOTBoZlRET2xiNkV0b01yN1BzSUEtcHJxX3hWRDZKUFZZZm1QTG5DaWQxZHpfMkViZk9ETWNST3NlVEN4V25Fdm5GN0cxbDFOMDU3ZlhKN19RNnctbnpsMXQ5b1dCTy0xMzMxczgtYkVEMDVDalZRMi1YVVcycnM4LW5zc3ZyQW9aZ2d6QTVzR1FTU2hxa2ZUYUlDQQ?oc=5,Google News: Seeking Alpha,2026-08-05T01:01:34Z,2026-08-10T08:31:02Z,google_news_rss,"(""Nabtesco"" OR ""Nabtesco Corporation"") (""press release"" OR ""investor relations"" OR earnings OR announcement OR investment OR expansion OR acquisition OR partnership OR Korea) when:30d",fallback,90,
62,Arkema,Arkema (ENXTPA:AKE) Following Softer Half Year Earnings Still Looks Near Fair Value - simplywall.st,https://news.google.com/rss/articles/CBMiyAFBVV95cUxPVG9jTlQxakVXdkdQRzRlSXVQLXMwRktodUNOQXIyTGJnNjZseTZwY2UyTkRiYzBBOU5jVE5md1ZORDB0ZE1NM0tXekpVcFQ3dTZ1QnFlUENUR0pvUGxVOU9zNU8zclNjbkFsZExBenV6RnYwZUNnUTI3SjJDRDdBNzhfRFY5NlQ4LWhBaXRqOHNjbmV4TFR1YnR6ZnpOV2RaTHVEckhWd3ByVDVYdmFad0stcEhkR3FMY0t6akhfa2VDMERQN0p6WtIBzgFBVV95cUxNdHlvYTM0bGhyOXRMTTVOWV9VdHlmcElNYS1aSXJmS3MxcHltRXpaX1hLZ1BXTUV1UTZsZ3g3V200TzlTM0FLaG5OM0dGTE1iX3R6c0h6Y0pWNDJ1RUV6WUFuYjF5U0pIVTZ4MHpxOVJyQk0tUDE3aTRyY0UwWTRnRWxubWMtVExCaW9YZV9vMUhfeXUwVnhkbFFyZzBDd3hlcC05akJHOTlrU1VvemRyZWF5b1RPRnJZZzYyX29EUnBBU1N2MkcwQzFTYnBJZw?oc=5,Google News: simplywall.st,2026-08-04T17:14:34Z,2026-08-10T08:31:02Z,google_news_rss,"""Arkema"" (""press release"" OR ""investor relations"" OR earnings OR announcement OR investment OR expansion OR acquisition OR partnership OR Korea) when:30d",fallback,90,
36,Bayer,Bayer posts unexpected gain in adjusted profit on seed demand - Reuters,https://news.google.com/rss/articles/CBMimgFBVV95cUxPRjFRa2w4ZS05NzZ5ZVcxbmxmbnJfMkNuZ040SE4tNDd4N1RpMUhGOWxDdzhVVkVjbW81Qlk2OXNPeEVPZGxETWZZTkt0bE96NFA5dUZFX1ExVEluTHhuSXpIZ01xeUhJajhzcWdnejJsazBwbE45RUNaUXlqY2NJclg4b1Q5NmdMX0tPcXFsc3gyZF9ON0k1RHFR?oc=5,Google News: Reuters,2026-08-04T15:30:38Z,2026-08-10T08:31:02Z,google_news_rss,"(""Bayer"" OR ""Bayer AG"") (""press release"" OR ""investor relations"" OR earnings OR announcement OR investment OR expansion OR acquisition OR partnership OR Korea) when:30d",fallback,90,
73,Sumitomo Chemical,Sumitomo Chemical Co Ltd (SOMMF) (Q1 2027) Earnings Call Highlights: Core Operating Income ... - Yahoo Finance UK,https://news.google.com/rss/articles/CBMihgFBVV95cUxQZl8yQ0JxQ1Z0cmFoVnJ6LWdLeWdVU1RieFhGMzNjVVplZmlKSVFJOTUwMmdHdldicWFSbzlSelF2WnRJdE9PajFBMUFrSFVBS2VqbzhnUEJOR1N5TXJKQ0dnbWFWdnA3eU9mM3ZjMWlDZlpxVW1JVks0ZlkwblJFcWtSZXdLZw?oc=5,Google News: Yahoo Finance UK,2026-08-04T15:00:23Z,2026-08-10T08:31:02Z,google_news_rss,"""Sumitomo Chemical"" (""press release"" OR ""investor relations"" OR earnings OR announcement OR investment OR expansion OR acquisition OR partnership OR Korea) when:30d",fallback,90,
36,Bayer,Bayer CEO Rules out Group Breakup for Now - WSJ,https://news.google.com/rss/articles/CBMipgFBVV95cUxPVURRYTFSdmNIWWdVY3ZJeUlyNHhkR1ZRZ19mMXNQc0xzS21IWlEwSVV4TDNwQ3ljaWpoSHRmY0tGZDA3MDZxbWczbFJaRkVUNmFuUDJMZnJWYlNWSlkxdUhWTDRudXhoYVRua2pwOE54NEFYMndGQnQxbXhTc25heHg3YTIwWDdZN3dUdGZ4TWJLd3ZoSmpzZXdpRk1nSE41WGhmVHRB?oc=5,Google News: WSJ,2026-08-04T13:43:00Z,2026-08-10T08:31:02Z,google_news_rss,"(""Bayer"" OR ""Bayer AG"") (""press release"" OR ""investor relations"" OR earnings OR announcement OR investment OR expansion OR acquisition OR partnership OR Korea) when:30d",fallback,90,
37,Merck,Merck Cuts Full-Year Profit Forecast as Acquisition Costs Weigh on Bottom Line - WSJ,https://news.google.com/rss/articles/CBMiwwFBVV95cUxONDBsajE0UzRWVmJqS19NaXZKXy02T012WEpJMmlrR1FBQ2tiRWROR29sY1NIVy1mVEpnYTFPV0tDb21fbUVVRFZyMk1Yc0gxYk1nRG9SSXFQVk9tdFRUdnNwTng3NndIcjZSMHp5ZDMtU04zTHZlM3NyNWs5cHVDekVvWV9tYUNvREpUZDZWZ1JuT29yZWwzNWdiUE9KTEZfVm1WblgxMFM0NjlSTU9CVjdOU0ZCRVJqVHphOWNpb3pDemc?oc=5,Google News: WSJ,2026-08-04T10:41:00Z,2026-08-10T08:31:02Z,google_news_rss,"(""Merck"" OR ""Merck KGaA"") (""press release"" OR ""investor relations"" OR earnings OR announcement OR investment OR expansion OR acquisition OR partnership OR Korea) when:30d",fallback,90,
37,Merck,"Merck hikes revenue outlook as new drug sales grow, but cuts profit guidance due to deal charges - CNBC",https://news.google.com/rss/articles/CBMicEFVX3lxTE5EUUczZVBWYXh5T1ZoWnRtWFMtYnFxMWxXcFFlTkc5VzR0VlVwM0w4YUN5bDJoWWdWb0NPTkx0Ukg1QVFEdllUZTRYbTZnMWxWX2o5UjZDbVJna1QzdmlIUkNjTTdiejhHdXlYOUp1UGnSAXZBVV95cUxQS0hFMm12Vy1SbDYzSnRvQlFDXzA4aFRWY2ctSTFvOXZhNVJCX3VULWk1Vi1HUTd6eURDQXphSFgwTzY2TmRYWlhDZnN4ZGhTdm5xcGE0Y194aTQxN3lHdE4xVGRyX2c5MFlsOGg1RTNrT1dvR19B?oc=5,Google News: CNBC,2026-08-04T10:34:21Z,2026-08-10T08:31:02Z,google_news_rss,"(""Merck"" OR ""Merck KGaA"") (""press release"" OR ""investor relations"" OR earnings OR announcement OR investment OR expansion OR acquisition OR partnership OR Korea) when:30d",fallback,90,
37,Merck,Our Q2 2026 financial results - Merck.com,https://news.google.com/rss/articles/CBMibEFVX3lxTE9mT3VpdDdoWGplLTZodFc1V3hpRmlwNFJGblN0ckh1UFltdEI0V2g0OVBneTZGS3pwbDlvelR0OENhbFF0WldKN3lYbXBKY0s3OXlFUWx4N1IxYjV2Vm5KSnE0dE91d2RrSjVlTQ?oc=5,Google News: Merck.com,2026-08-04T10:34:01Z,2026-08-10T08:31:02Z,google_news_rss,"(""Merck"" OR ""Merck KGaA"") (""press release"" OR ""investor relations"" OR earnings OR announcement OR investment OR expansion OR acquisition OR partnership OR Korea) when:30d",fallback,90,
8,Dupont,DuPont Reports Higher Profit as Sales Rise - WSJ,https://news.google.com/rss/articles/CBMikwFBVV95cUxOM2pJSUxQTWkwZFBZeHZkcjQ0SnZQQ1p3ck5rM0V0Vi1VZGRtMlZ6QzNJNHVNMVM3OTc1dGc1LXNyV3pza2RiOWQ0bTh6SklSWE5lUWhrTFppYTF3cnQ2U2Utc0RtbjBzeTd3cGxjcmtLMDE0T09xZlNJd1lWaHBlSjY4RkF4cUlBN1NyZTdVTmtQVE0?oc=5,Google News: WSJ,2026-08-04T10:25:00Z,2026-08-10T08:31:02Z,google_news_rss,"""DuPont"" (""press release"" OR ""investor relations"" OR earnings OR announcement OR investment OR expansion OR acquisition OR partnership OR Korea) when:30d",fallback,90,
73,Sumitomo Chemical,"Sumitomo Chemical Company, Limited 2026 Q1 - Results - Earnings Call Presentation - Seeking Alpha",https://news.google.com/rss/articles/CBMiuAFBVV95cUxPX1drTDBvdVkzbmlvdWJxenl2WUtOMVlmcUVsQl9MMG5VMUZ0T19EODdPbnZLWE1neDR3VGtBZVhrRHFZSkdHdjh6U216WjVoT0JxcHJqY1RWajREeUF4UFMyeFFvbm5LQmlEdTROZFB4c0FvYWlfU0VWT3lwdmFMdkZzYmJFcWtEUlpwcGxWV0RJWHd5RHFfM3c2bEhpMUJVNlpEaEF2VDBtLVVURktXemZGU0NhTGhP?oc=5,Google News: Seeking Alpha,2026-08-04T07:33:46Z,2026-08-10T08:31:02Z,google_news_rss,"""Sumitomo Chemical"" (""press release"" OR ""investor relations"" OR earnings OR announcement OR investment OR expansion OR acquisition OR partnership OR Korea) when:30d",fallback,90,
38,Schott Pharma,SCHOTT Pharma AG & Co. KGaA Revenue Breakdown – BX:1SXP - TradingView,https://news.google.com/rss/articles/CBMickFVX3lxTE94TGlwQ2JrQzd3TWNHT3prR05BUnBrY0t6QmFsM3V4ZTMtMVZadm50clRNRU9WUGEtLXhmYkhrZzRBZ0tkNUR4TkZmaFRDWTZLdk50TDB1SXpCdnZIdzBvcFgyOXNVUjFWdy1iZDNhbnYzZw?oc=5,Google News: TradingView,2026-08-04T06:50:32Z,2026-08-10T08:31:02Z,google_news_rss,"""SCHOTT Pharma"" (""press release"" OR ""investor relations"" OR earnings OR announcement OR investment OR expansion OR acquisition OR partnership OR Korea) when:30d",fallback,90,
36,Bayer,"Bayer operationally on track, decisive progress on strategic priorities - Bayer",https://news.google.com/rss/articles/CBMiqAFBVV95cUxNQTBIOXcyNUJCMEdTU3lhVHFhSW9HWmFxTGc4SG5BUE5BN1FIUHY0bDF5aFBrRGo2VVlZaUtCN2lfeTdBdnZxNjB6aEh5UzNidXI3Sms3LVVHWlh3YmZVYkpRR2FmbkhiamNBdE9WVndUeDJjV0loWUdyb1NtNXdrejlWbnpiZTdYT0lJcC1UQmwtUlJ4Rk8yWUdVZ1Zfb3NhSjNXdzNtVDc?oc=5,Google News: Bayer,2026-08-04T05:30:00Z,2026-08-10T08:31:02Z,google_news_rss,"(""Bayer"" OR ""Bayer AG"") (""press release"" OR ""investor relations"" OR earnings OR announcement OR investment OR expansion OR acquisition OR partnership OR Korea) when:30d",fallback,90,
71,Tosoh,"Tosoh Corporation Provides Consolidated Earnings Guidance for the Six Months Ending September 30, 2026 and Fiscal Year Ending March 31, 2027 - marketscreener.com",https://news.google.com/rss/articles/CBMi5wFBVV95cUxPTS1LVDg1ZERyNm1rWjVLTUdzRUNwbGFjSVgydHlNNFRJU18xNC0tNHd3N0NSV0RkWUV6ZDBjNUMtNkVBdG1ZUkxjekJOTjNBNHI4ODBvdTRWczhNcG4tRHBUS1Jwbm1iSDgtb3VqOVpCOW9Dd3Q3emlfZGNtX0QtUnZ3bEZYby1FaTFMT2N1UjVZaTBhR01QeE1DZjlxczJIcDVkUE5sVUtzLWhPUm05R3BGMEh5LWFwb0I5QVpaQlNIM0Q3WGljWURCckMxM20yZE5XOHdPRVBjTi1rQ0xkNjBTbk5kTFk?oc=5,Google News: marketscreener.com,2026-08-04T04:00:00Z,2026-08-10T08:31:02Z,google_news_rss,"(""Tosoh"" OR ""Tosoh Corporation"") (""press release"" OR ""investor relations"" OR earnings OR announcement OR investment OR expansion OR acquisition OR partnership OR Korea) when:30d",fallback,90,
41,Heraeus,Brewer Science Acquires Heraeus Epurio Semiconductor Chemicals Business to Expand U.S. Supply Chain - citybiz,https://news.google.com/rss/articles/CBMi0wFBVV95cUxQVnNaN0hvV3NUN2xhWUJ1MXBhSDFpTnRHQ2pHUG5mQnpHNDRwSW5xcFdHM2UydjNFUkczT2lDMXN3bjNjUW5XdFh2RzdTbm1lUV9mRlluUEhLU2dfY00taXB5Z2tjdmxtMnJEMXhFVHpsM0dHU25Za3NzOEhta2hNc1FISXZ3bkp0cUFfRjdJRUlTU09IR054aFc2am15UU1ZZmRDYjdOUW5SS1Joa2YxaDJ6TnpiVHJrWlc3TzBicUtncnYtS2RlTjdiai1hVVhuRDBJ?oc=5,Google News: citybiz,2026-08-03T22:31:00Z,2026-08-10T08:31:02Z,google_news_rss,"(""Heraeus"" OR ""Heraeus Group"") (""press release"" OR ""investor relations"" OR earnings OR announcement OR investment OR expansion OR acquisition OR partnership OR Korea) when:30d",fallback,90,
52,Nexeon,Is Ingevity (NGVT) Cheap After Earnings And Its Completed Buyback? - simplywall.st,https://news.google.com/rss/articles/CBMixAFBVV95cUxNek9sbG9HQURCM0hXT2Vxc3VvZDRqdEl0MVhHOUkzOTZOWDNiM2FLRFRmYnBzNFRRem1WMWl0ZVV5dkprVl8wNFhra0d6ZnBPaDI1YXhXeXZ4LTV6Z09xUkljQUZ2Nm1PRnJyUzZoZW5iTzNKaEwzR3BWT3E5TEgzRG9UTVpvUU92ejZLZlZKRms4NDNqUmJXUmYwak9vZ01lRzZvZWNVRWowR2pVLTRQdFB5bE5pa1ExUWJCRWZ5VHBPN2RT0gHKAUFVX3lxTFB4ZGlENHF4R1VUQUxTb1FmV3RKZUpFc0phSmZFb1plTjBlaWtzeUJnT2JidFd1TndGS3Jja3llcWlzM3V4NGZNOVNQVmR5aHdKNTFlQWZtN25WT2lyMFZYMnptTGswQWYydFEtaDI4UE1VSlJ4eUE1OEJsR3NLWHpZemlsdXUydm5nQUo3ZndQblZiLU4zT200WkVfeXQwbTVwSjRURjh0aUZ3dG9ER085ZGYwV2hYU1RHQmI5WnJlTFlRdzN2QWlMR1E?oc=5,Google News: simplywall.st,2026-08-03T22:10:51Z,2026-08-10T08:31:02Z,google_news_rss,"(""Nexeon"" OR ""Nexeon Limited"") (""press release"" OR ""investor relations"" OR earnings OR announcement OR investment OR expansion OR acquisition OR partnership OR Korea) when:30d",fallback,90,
24,Ouster,Ouster: Important Considerations Ahead Of The Q2 Earnings Event (NASDAQ:OUST) - Seeking Alpha,https://news.google.com/rss/articles/CBMipgFBVV95cUxQQm1JT2pubjlFWFpxWldYd0hnczBlWEhjeUdIWGdwc1dWclNSVWxfYlZFaTRnTFQ4NUhpbFlSaHZjQ1V5ODUxeUJULTBYOHNpb1RETjZ5ZHVJZjA5SXFyY1RWTWxRTTdOMDIxS1VsTlo2ZDZvYzJnWFR3ZUxKXzNqRkQ2QXVpdWxxdFNUcFItTTlSTm5CNE9sUTdub2p1ZzRoT3dzN2x3?oc=5,Google News: Seeking Alpha,2026-08-03T20:39:42Z,2026-08-10T08:31:02Z,google_news_rss,"(""Ouster"" OR ""Ouster Inc"") (""press release"" OR ""investor relations"" OR earnings OR announcement OR investment OR expansion OR acquisition OR partnership OR Korea) when:30d",fallback,90,
50,Siemens-Gamesa,"Ahead of Earnings, Is Siemens Energy Stock a Buy, a Sell, or Fairly Valued? - Morningstar",https://news.google.com/rss/articles/CBMirAFBVV95cUxQMS03RjA1VzF1NEFSV19BS3hPQkhCWWRhZ2VKUW9zaklpajE4MEs5TFhwblAxblBMZnROeDVSR25lWEYzWXkwZGM3b0dQUUhJc2g1WUNJYXZ6bVhiY2t3ZldtVG9RRGNiQURuSW93LWNMVmlrcUZ4RmlzcFJnM0tRWndjcUNXOWpRckpDb0ZhUGk5bXhwNkw0S2ZrOFJ3OUtLQlJIVnN3SWZIdDky?oc=5,Google News: Morningstar,2026-08-03T14:19:36Z,2026-08-10T08:31:02Z,google_news_rss,"(""Siemens-Gamesa"" OR ""Siemens Gamesa"") (""press release"" OR ""investor relations"" OR earnings OR announcement OR investment OR expansion OR acquisition OR partnership OR Korea) when:30d",fallback,90,
41,Heraeus,Brewer Science Strengthens America's Semiconductor Supply Chain with Acquisition of Heraeus Epurio's Semiconductor Chemicals Business - PR Newswire,https://news.google.com/rss/articles/CBMilgJBVV95cUxNX2YwNHY3eGQyOUF0Y1EwSDQ1X2pScWZWQVBDZms3MkhFbkF3WU5fNC1PdHhucldUX2xPMW1zelRJamNYemZ4bG5NdDBBdE96aDNIWkk0NXhYamhlcHJkM29LOVJaY3A4NVlRMmlheU1EOVNCMHB0MFloVkh3eU1iUHlOeVIwRVlQZVduaFAycU1GM2IycFhHX2ZiQmw0b29mOGwtM0NFTzJjQzhPRE53MVZVTHB4anZCZVNaUjBGRUNGN1ZSWkVaWGt2YTB6ZVFkeVgyWHBTa1U2Y1VTUkpOR2VLZ2xNSFlMekgtUXZmNFpmWjcwSEpmV3VJUS1tbjhOZkFMYmdJRFhSeGNFbXRZank4M0NmUQ?oc=5,Google News: PR Newswire,2026-08-03T14:08:00Z,2026-08-10T08:31:02Z,google_news_rss,"(""Heraeus"" OR ""Heraeus Group"") (""press release"" OR ""investor relations"" OR earnings OR announcement OR investment OR expansion OR acquisition OR partnership OR Korea) when:30d",fallback,90,
51,Renishaw,LK Metrology Unveils CAMIO 2026 With Renishaw REVO 5-Axis Integration - Metrology and Quality News,https://news.google.com/rss/articles/CBMimAFBVV95cUxPMHUwTW9VZU1QWFJqVndRdC1hTVJ0ZHljQjd6RFNOZ1FnVXMyZ1RNZ0RQekk4YkNBN0p3Rmg4UEp2dlZrdVBwZEFfWVE3MGtVTGNWbWNtQjBvQWppZkZjdi1vaXVFZUo5ajg1WEdOWUptTGoydUdvTkNrMnBJVUNQY01sQXJTRGttdjFVOVU0RkJOQUZnbUtBbg?oc=5,Google News: Metrology and Quality News,2026-08-03T04:59:19Z,2026-08-10T08:31:02Z,google_news_rss,"(""Renishaw"" OR ""Renishaw plc"") (""press release"" OR ""investor relations"" OR earnings OR announcement OR investment OR expansion OR acquisition OR partnership OR Korea) when:30d",fallback,90,
74,Asahi Kasei,Asahi Kasei (TSE:3407) Stock Eyes Margin Gains After EPS Surge - simplywall.st,https://news.google.com/rss/articles/CBMizwFBVV95cUxNdWlSSFJBeko4c2NBcFpMeXRzejdHR2JuUzQyZHV2R1NlVUdkNVpNVHRfVlBWdVRXTGtFZ3pUeXhDUEU5clJXbkVGVjR4ZXowMWZWLW9xSFpGWHA3dElkbmxxVWZfTVE0VTZ4QW04V0sxa09WclhuVjdVcGppMV9iX1V4eU9aLS16bzB5Sy0wX3RVY1BpeFJyd0g5ejlxOUFSTzhGNG1nOTNnaE04aVowYmdPcDVjUlY3ZUZTVDc1RzRhQWxmb2ZKcjBlRHJQNlXSAdQBQVVfeXFMUHJfa09qNFR6TGxsOFY0Q2RDb3o3ME9KeUNtM1ZIcnVZRDBaYll3blA5QUZkR05ZdUcycC1aUlpMcW5KcWw3ZGRpSmRoVkwtZzJkeFYzUGN4WWJSZ2pwdWx6MUVXZTVxZm80dkx4bDFYRHh3OWNxamdrUHRvZC0xV1RzWDBzbDJGT05qckNmbUVlVWFFLU5NNnNvaGNWZHFTRmVCOGc2U2JjUllzTWtDWjdTMS1YajEzaHQ5VXVBRlFiMS1rVFJSbnNBUmJ2bDVTSlZaN3o?oc=5,Google News: simplywall.st,2026-08-02T00:58:57Z,2026-08-10T08:31:02Z,google_news_rss,"""Asahi Kasei"" (""press release"" OR ""investor relations"" OR earnings OR announcement OR investment OR expansion OR acquisition OR partnership OR Korea) when:30d",fallback,90,
66,Nabtesco,Is Nabtesco’s Share Cancellation Plan Reframing Its Capital Allocation Story (TSE:6268)? - simplywall.st,https://news.google.com/rss/articles/CBMi0gFBVV95cUxPcXBzZXNKYi1iUVVEa1luV01NY0xSR0t1TElKbVo4UzBqLW9KS0lLT2pQMTZ5aVJhVmg5OVZYWXFXT1RfVm9QREZ3T0N3R1YzcDhLb0hGZXgzTnNwSnpYcWFsSFdWdm9ENmxQY3g4RXlHU3hfeGRVYlZaWDFQRmpfTlI0VkVQZGlwT3FwN09xaEp6bWwxZ0N5VUx2RlNSNEVfeUFnT0hKamJvQXBGSWNxcHBTUGdJZ1l0WHNKT01wRTNuNWN2elRUMkxBNnRVQTVpWkHSAdcBQVVfeXFMTy1sQUZyR3pvaG5NNThnYzhrZzhkdVFCR2J1ZkJzTjlmeWFSWXJhem9qYmhpTkFKQnB3X3cyVlNMM2JzekFOY2ItOGFQVmhFUUlBY2xHQnB6Ry1razVWWWt4cExOMDgtTjk5Ri1pMTZsRXlQTkpjbzlweFNSQVpUSzFpZHRMR2NaTVpsamE1RUJBcE5sQXJWd2drYVE5VjZpZ3dIUUpQU0RlX0xqS1A5cTQtOHBNNEZFQTkxYXhKcDlNWjMwLTNpdGZfaHpvUUlXYTRHekRWUlk?oc=5,Google News: simplywall.st,2026-08-01T04:00:40Z,2026-08-10T08:31:02Z,google_news_rss,"(""Nabtesco"" OR ""Nabtesco Corporation"") (""press release"" OR ""investor relations"" OR earnings OR announcement OR investment OR expansion OR acquisition OR partnership OR Korea) when:30d",fallback,90,
5,Cytiva,"BioHealth Capital Region – Regional Life Sciences Roundup – July 31st, 2026 - BioBuzz",https://news.google.com/rss/articles/CBMimwFBVV95cUxNa1g1Rk1GYjlWb01rbEVFWDJNOUsxaEpKSTdSNV9kVXJRWUV4eC13bGtLWUlFUjFCcDZWTnNNWk1nTzN1RHc0bFNvelA3SlJuZUd6b1NtNll3U2RtV0hDOTZQRmFGQm5oMGM1eEI4aVRRdDhLR0ZaNUx2NUVwNUF1dExuaUdMZk1NUFJUSXVFNkV5VUpMeDhDdXktaw?oc=5,Google News: BioBuzz,2026-07-31T12:58:01Z,2026-08-10T08:31:02Z,google_news_rss,"""Cytiva"" (""press release"" OR ""investor relations"" OR earnings OR announcement OR investment OR expansion OR acquisition OR partnership OR Korea) when:30d",fallback,90,
35,Schmalz,WMW | Personnel: Machinex appoints Madison Schmalz as Western Region Sales Manager - Waste Management World,https://news.google.com/rss/articles/CBMitgFBVV95cUxNblVTYmhZM1JLR0RMQWZORnRGak8yQkpwajF3N1RCODlVamhXZHRJZXN1Y1VUdlJTUFZlX1ZDWnFLVzNpSGlNMko5SS1DZGVSWVUwOGxIRVVJcDI4VFBWMWFwMUpQMXc1MlU2ZEY4NjFuWXg2T2FHdWk5ak5wTDVnZ3I1dHdEQTdRQ3VNeDlnQVgxc01SdnZaQWJHSlZWYVozM2hSVFQ1bkN5NEdGQnYycVBTNEZLUQ?oc=5,Google News: Waste Management World,2026-07-31T07:07:00Z,2026-08-10T08:31:02Z,google_news_rss,"(""Schmalz"" OR ""J. Schmalz"") (""press release"" OR ""investor relations"" OR earnings OR announcement OR investment OR expansion OR acquisition OR partnership OR Korea) when:30d",fallback,90,
6,Moderna,Moderna Says Norovirus Vaccine Didn’t Meet Statistical Criteria for Early Success in Trial - WSJ,https://news.google.com/rss/articles/CBMiugFBVV95cUxOUGRzMENLMHh5X255MUNMMEVaUG1FbnFJUy1rb1Rpd3NWcG12QXhYZmNmeTVGM3k5YS0xVWQzZ2N4dXFKYzF4bGxuZm4tclR1MlZJLTMtSXBfX045WUhSVXZKSE9pdG9uWnBfMFlvdHBoaWU4TGdpS2FaV0tiUlFBWDhFbS1sN0NmNk9UZ1FOVDhSV2gyX210R2swOHhUWlZyQzRlVnhrdFpYUmJFZFdDV0k4X3c2ZmZsZEE?oc=5,Google News: WSJ,2026-07-31T07:00:00Z,2026-08-10T08:31:02Z,google_news_rss,"(""Moderna"" OR ""Moderna Inc"") (""press release"" OR ""investor relations"" OR earnings OR announcement OR investment OR expansion OR acquisition OR partnership OR Korea) when:30d",fallback,90,
6,Moderna,Moderna Stock Has Doubled This Year. Can Earnings Keep the Rally Alive? - Barron's,https://news.google.com/rss/articles/CBMiekFVX3lxTE1UQ296emNQZE5ZTjdpdU5fWTR3bUktQnI1ZHF4aTBCbHBSaTFNelM5YTNIUUo4a19kM25rUmVUQ3JaU2dQdW1CWWphT1d1c2RoVmhtMnZxejJ3Z1NsRGtTcVNBaUhvbVc4a0p3LS11M2U1RDhIUnNZQlBR?oc=5,Google News: Barron's,2026-07-31T07:00:00Z,2026-08-10T08:31:02Z,google_news_rss,"(""Moderna"" OR ""Moderna Inc"") (""press release"" OR ""investor relations"" OR earnings OR announcement OR investment OR expansion OR acquisition OR partnership OR Korea) when:30d",fallback,90,
30,NXP,"Ambarella reportedly in talks to be acquired by NXP Semiconductors, shares spike - finance.yahoo.com",https://news.google.com/rss/articles/CBMipwFBVV95cUxPX3ZpZXhVMVFyZERkSmZPNjJHU2ZTSjAwYXRQdDN0UzdQNDFzVm45V21pNTFMSEVVdHU3WnRDeWdUU3dGLVM0MGM0TU55WUt6SHNsbkJfRkRXLTFRandtQy1xWF91Ry1OVUVTNWRQYjlqZU1idXd5UzhtTmRCTzJVWmt2SjhKWEVZdDAtMGo2NlhrRFZEbGlBMkpEcERVTHpzZ2VTSlRsYw?oc=5,Google News: finance.yahoo.com,2026-07-31T07:00:00Z,2026-08-10T08:31:02Z,google_news_rss,"(""NXP"" OR ""NXP Semiconductors"") (""press release"" OR ""investor relations"" OR earnings OR announcement OR investment OR expansion OR acquisition OR partnership OR Korea) when:30d",fallback,90,
45,Solvay,Solvay SA 2026 Q2 - Results - Earnings Call Presentation (OTCMKTS:SLVYY) 2026-07-31 - Seeking Alpha,https://news.google.com/rss/articles/CBMimAFBVV95cUxNVzJ1MFU0VWQzQU5JbGljTDZjYnZmck44blpYYlU4ekYwcWR4RkFBaDk1RU1DZWdmMkNubVhBcFZWQWlhZlZxcmxreUFWeFdrbUpRX2RNQjdOSEh0Ykh5ZUhZRktLdjByUjQ5NEd3XzlCMm5na0VIaDlfZTlYUV9yOUkwTFk1Q0E1T0o0akdscUdVWGhSV0Ftdg?oc=5,Google News: Seeking Alpha,2026-07-31T07:00:00Z,2026-08-10T08:31:02Z,google_news_rss,"(""Solvay"" OR ""Solvay SA"") (""press release"" OR ""investor relations"" OR earnings OR announcement OR investment OR expansion OR acquisition OR partnership OR Korea) when:30d",fallback,90,
46,Syensqo,Syensqo SA/NV 2026 Q2 - Results - Earnings Call Presentation (OTCMKTS:SYNSY) 2026-07-31 - Seeking Alpha,https://news.google.com/rss/articles/CBMingFBVV95cUxPaUI4UDZiLTdMQXJrRmtlLXY2OUx1R0RzWXRfdmtMWXFiUElNWWFDaEthaGFOZnpWLS1ETlpJVVZEZDdxemVYSXZpWE83ZmdDcnB5eHlrYjR3MUNNU2YycnloT2RxVVJXdUYwNzRCOFR3WVkzaDhwbDBPbkNfZEpDQjNCazBvV1hOV2JmWFY0T3NsYzJBelRWcVZyY3M0QQ?oc=5,Google News: Seeking Alpha,2026-07-31T07:00:00Z,2026-08-10T08:31:02Z,google_news_rss,"""Syensqo"" (""press release"" OR ""investor relations"" OR earnings OR announcement OR investment OR expansion OR acquisition OR partnership OR Korea) when:30d",fallback,90,
72,Mitsubishi Chemical,"Mitsubishi Chemical Group Raises Net-Profit, Revenue View for 1H Ending September >4188.TO - Moomoo",https://news.google.com/rss/articles/CBMiqAFBVV95cUxQT0NsVE52UTFJVmpubkN6bk83YXdQeUJWMEEwR3RwUVdsUWNGZExPUmVUV19ndFUxYWliQURHMHRqcUpTX1doUG9ST1ZBdWtndFlPYTNkakxSTU56U1NJdEJmQ1FCTmZwNlpQenRTU0YwYnBnc0M3anlUcUZEMUVSZEhIc1pwM2RuV3JYR3BMbW9tbk5RVDh0SUU4blJ0cWw4a0RCb1B3dkw?oc=5,Google News: Moomoo,2026-07-31T05:07:00Z,2026-08-10T08:31:02Z,google_news_rss,"(""Mitsubishi Chemical"" OR ""Mitsubishi Chemical Group"") (""press release"" OR ""investor relations"" OR earnings OR announcement OR investment OR expansion OR acquisition OR partnership OR Korea) when:30d",fallback,90,
27,Prodrive,Prodrive Ltd. Number of Employees 2026 | Employee Count & Headcount Data - Revelio Labs,https://news.google.com/rss/articles/CBMibEFVX3lxTFBlLTNVb0dsREdQU1hjcXlpWjZTWlo0d05vcG4xUmdLeHZhUFlxemNHcmxDRjd2dGVvU2pGMk5xVDhaWERMcGo5aWxLWlBYUndXU2lhY0pDMENxbGRPVzFzaFFTaFJsTWQ5bE82WQ?oc=5,Google News: Revelio Labs,2026-07-30T19:36:57Z,2026-08-10T08:31:02Z,google_news_rss,"(""Prodrive"" OR ""Prodrive Technologies"") (""press release"" OR ""investor relations"" OR earnings OR announcement OR investment OR expansion OR acquisition OR partnership OR Korea) when:30d",fallback,90,
11,Air Products,Air Products Reports Fiscal 2026 Third Quarter Results - PR Newswire,https://news.google.com/rss/articles/CBMirwFBVV95cUxPQkQ1MHhwQW1kX0JsRlZrWGtfcWUzX3lNd2dTVTA4SmJ4aFZkQkh2TDdPSjlRdjFNTEFjLVluUFVuc2RtZUpMZ2cyS3NrNDJINkhXeV83aklFcXlQTjFYdnl4VHdWRHFrVU82R1FIS1dQTDl5YkxxZVdYd2pRaW4wcjhIZkRVLWNOX042WVFnUGZZcUVJaDYzcW5Hd1U5NV9xS3FsTXp0YWhNOTdkOGZr?oc=5,Google News: PR Newswire,2026-07-30T10:00:00Z,2026-08-10T08:31:02Z,google_news_rss,"(""Air Products"" OR ""Air Products and Chemicals"") (""press release"" OR ""investor relations"" OR earnings OR announcement OR investment OR expansion OR acquisition OR partnership OR Korea) when:30d",fallback,90,
4,Charles River,Charles River Prepares to Report Q2 Earnings: What's in Store? - finance.yahoo.com,https://news.google.com/rss/articles/CBMimAFBVV95cUxPZUpqcHlLOG40YWwtMnhtanRQazVlU1dsQWlXc1l5d0lKNDVGQ1Z5c1NOdlYxS0ZGM21pWmY0VEp0SFhleW5wTjV6Q1M0b1V1eGNDVnNBekQ5S3NrTTNxUC01ZnpzU1cxLUpkeXdSajdKd1JqMUFtbDI3cllHazVZTnZja2hkc1pBRTluU2FGaUlKaGI1anRWdw?oc=5,Google News: finance.yahoo.com,2026-07-30T07:00:00Z,2026-08-10T08:31:02Z,google_news_rss,"(""Charles River"" OR ""Charles River Laboratories"") (""press release"" OR ""investor relations"" OR earnings OR announcement OR investment OR expansion OR acquisition OR partnership OR Korea) when:30d",fallback,90,
15,Thermo Fisher,The Top 5 Analyst Questions From Thermo Fisher’s Q2 Earnings Call - finance.yahoo.com,https://news.google.com/rss/articles/CBMimwFBVV95cUxPMm1JUXQ5UUdhMkFPRWE3UWo1Z1BOTU5ITldkLXY0Rjl2bHhzTFd3XzZ1N1lNODJBa2wyNzdkSEVadkdUZ2JDWG1PRzZRd256WFpaOHpiTjROQkJHMmxfQWZoMEtHV2h2RDZfQ2ZWT2ZIMG9XbVhTTGRNYmRjT1RVbUluZm5sSXVVSW9FRlpRUDJMd0xYb25Wd3VIUQ?oc=5,Google News: finance.yahoo.com,2026-07-30T07:00:00Z,2026-08-10T08:31:02Z,google_news_rss,"(""Thermo Fisher"" OR ""Thermo Fisher Scientific"") (""press release"" OR ""investor relations"" OR earnings OR announcement OR investment OR expansion OR acquisition OR partnership OR Korea) when:30d",fallback,90,
16,Amkor Technology,Amkor Technology (AMKR) Stock Still Looks Cheap Following Fresh AI Expansion News - simplywall.st,https://news.google.com/rss/articles/CBMi2AFBVV95cUxOekRRQ2otR3NRcGpwWkh4SlpjZ0FGQ2hvbDJNZXJ1UWZaQmpDd2FJQXh5WDBheUpfY2tFOFREb09wV1NEV0lzRVVmRVlVWnpvQ2MxNHFPbFBZSnRJYl9xNXVKLUlhVC10aUx1OUFRdkZ5LXRSVFN0SHVucWEtX01WQTF2Tk94ZWV1M2YzTDRaOG94RFp2UnhtYmMtMnZhNFpkN09GekFlNzZadDNsTUlvZ19QVWprNnZETHZnbUlKQWZzdmExQXBfVWdWMWlXRGh6RVRFazZIcXDSAd4BQVVfeXFMTmFQTTlIUDFsQkY5WE52OUYyQ0VZa2xBRFY4Vkg4WFBLcWtFbXEzeE5OZjRYR1pmZVJqcTlBNFV4Sjk3RlB2UjRFYTNJR2RqdlVfQ085cDBfVF9JUGhBM092WVJrY05zVl8tWVNWTVk0MDVmSmpWYjZsY05Ec21xQzJ4SXBTWlJ6Y3hNbjdpUzhmT3hHMzlKdU0temE4aEFnQTBjMU1sMXVfSGlRQ2MtczNXTmZOS1BLOUExXzJHSDVVYUxsX3lTbGRFSHJndEI3WDBkbzk3RHNmWnZwRGxn?oc=5,Google News: simplywall.st,2026-07-30T07:00:00Z,2026-08-10T08:31:02Z,google_news_rss,"""Amkor Technology"" (""press release"" OR ""investor relations"" OR earnings OR announcement OR investment OR expansion OR acquisition OR partnership OR Korea) when:30d",fallback,90,
18,Qualcomm,Qualcomm Stock: Why the Chip Maker Is Falling After Earnings - Barron's,https://news.google.com/rss/articles/CBMie0FVX3lxTFBUU3pfbzd5NTRxRW5oQ3R5cXFvVU1Eb2dWSk9VWEo5V0tyMnNIVVJocGZ5RDZxZlNfczdPdW1PMzVfNkVBMkMzQ1Q0anRNNFEzNVZuT3UtTllYVXJfSjRFZmdXY3FOZDZZU2ZiT285TkVHOW1feXV4WGdlaw?oc=5,Google News: Barron's,2026-07-30T07:00:00Z,2026-08-10T08:31:02Z,google_news_rss,"(""Qualcomm"" OR ""Qualcomm Incorporated"") (""press release"" OR ""investor relations"" OR earnings OR announcement OR investment OR expansion OR acquisition OR partnership OR Korea) when:30d",fallback,90,
62,Arkema,Arkema SA (ARKAF) (H1 2026) Earnings Call Highlights: Strong EBITDA Growth Driven by Pricing ... - finance.yahoo.com,https://news.google.com/rss/articles/CBMikgFBVV95cUxPQzlMV0JtZjIyUnJ2cWpJY2xibUViNlpLM09GUW5WaFhmWVdCQkZXaTVvSVA0NHUtbkI2dHhZZkFfM3pkdlJHOHpFbDFaT1JlY183SEc1aWs2cWpBS1dJX3FEYUgxYmE4aUpjc21ZZk5NX0k5ZGlzczQ0bnFVRnhaRkNaeXVEM0VaRnVSNks4SE1Edw?oc=5,Google News: finance.yahoo.com,2026-07-30T07:00:00Z,2026-08-10T08:31:02Z,google_news_rss,"""Arkema"" (""press release"" OR ""investor relations"" OR earnings OR announcement OR investment OR expansion OR acquisition OR partnership OR Korea) when:30d",fallback,90,
2,Cognex,Cognex to Present at the KeyBanc Technology Leadership Forum - PR Newswire,https://news.google.com/rss/articles/CBMitwFBVV95cUxNMUE2Z0h1ZFFZZDNGT0V3azd6NVlGXy1WMVlNR1dqVFdUWS1jVl9oanN4MmtQd3ZzTnp0U3dFWHpzZ2h0YXhac2FzX2FldnhpU3B0cWo5U2RzSWpiNVdRR01QaWdTSFJFWU5KZnFmQkJDTU9wWXdFT01uMkdwcGNrbDR4blg5NDZDMGtPcGg3TkVOOWhLQ0h1bjlhbjBUeTdrLVl1d0RkWnJGcjdUOVlfQ1VTaVRnLTg?oc=5,Google News: PR Newswire,2026-07-29T12:00:00Z,2026-08-10T08:31:02Z,google_news_rss,"(""Cognex"" OR ""Cognex Corporation"") (""press release"" OR ""investor relations"" OR earnings OR announcement OR investment OR expansion OR acquisition OR partnership OR Korea) when:30d",fallback,90,
7,West Pharmaceutical,The 5 Most Interesting Analyst Questions From West Pharmaceutical Services’s Q2 Earnings Call - StockStory,https://news.google.com/rss/articles/CBMi6wFBVV95cUxQdTRTVl96dUh4QzZWZ3NxcU4waWUwdkVjUVRGanN6TC1yNTlBQ3JqRjlVSktkc0N3Y1VLQndmODhFalFOUGYxZVBtNjNpTE14MV9WdVJ4b3V1cXYzcTRGYnBySEZVaUx5VVFnaWd0QzhEQmJ0NmxRUFoyZWp5Smg0b19VWEEtSDRlcEpDS0NqVTF6UzE0RzhRS2s1TmlnamRxeUVtdFJURVZCZzlrMnFFYmtaNU0wekVpZ1E2dkJkUEJlY2dURjBEQ2luc0JmTkNQczhtdHd2Rk1Xb0x2eUhtZEhia1FHTGx6enBr?oc=5,Google News: StockStory,2026-07-29T07:00:00Z,2026-08-10T08:31:02Z,google_news_rss,"(""West Pharmaceutical"" OR ""West Pharmaceutical Services"") (""press release"" OR ""investor relations"" OR earnings OR announcement OR investment OR expansion OR acquisition OR partnership OR Korea) when:30d",fallback,90,
8,Dupont,"Dupont Hospital to see birthplace expansion, growing population trend - WANE 15",https://news.google.com/rss/articles/CBMipAFBVV95cUxQdHo4ZFl1SGdHZ3NRNU9TT0VDdG5nQzhEemd2d1pHejhDTE9YaWMyVkF6ZDZ5MG9OOFhtZnUxelM4ZEtubHNwcmUyM1ZGSzcyTnNmU3Q5d0xuM2tFZFRxLWtUSG1yMU9xSFU3NV9vRVVpSk1rdmV6Q2QxZFM1ZE5uOVdHZWlWWHE1SlNSZTg1bENVM2M1d3hZR09nczNoVXFqRFg4QtIBqgFBVV95cUxPOFdrYV9FWHVuRVFYbUF1U0QyRE1teDQ3QmpxcXFFeGlUOGl5Y3BfNmVGbzcwczNLMmx3dEtOc1hXSWlDR3VhcGtfRzRQWmVZeWlXbGhDOXlJQUlObXVIOUFEXzZqSXVUdXhITVBHWjFmTEp4M2VqM2pHWW1YRlpXcFRMN0xoSUN6VFNtbUhoMmc3R1NOZDdNMGVlMnp4Tm5BOTMzWDJEeTEwdw?oc=5,Google News: WANE 15,2026-07-29T07:00:00Z,2026-08-10T08:31:02Z,google_news_rss,"""DuPont"" (""press release"" OR ""investor relations"" OR earnings OR announcement OR investment OR expansion OR acquisition OR partnership OR Korea) when:30d",fallback,90,
15,Thermo Fisher,The Top 5 Analyst Questions From Thermo Fisher’s Q2 Earnings Call - StockStory,https://news.google.com/rss/articles/CBMiwwFBVV95cUxOOTNhNDZzNTlWWW9KaVY2RVNSOEc1U194RkdyVDNVN29MSTdFNFpUXzJUQjRVLXZSTC1NeFAzNG43VFB4WlZWRjBqUnFMcWlfMXVDVU5ldlhmOENtNTIwSEEwcUZ5TnBvOXJKRG1MTmJWemZzaFBtUFdBNFdRVEctT3htM3ZtdTlFU1FRX2ctUDEzbFBySmtkUHZ0c0FDemN5RGdPTldYdmZfQ3EzLTBwS0lJcnhNV2dmbm9aNGJfZGdsbFU?oc=5,Google News: StockStory,2026-07-29T07:00:00Z,2026-08-10T08:31:02Z,google_news_rss,"(""Thermo Fisher"" OR ""Thermo Fisher Scientific"") (""press release"" OR ""investor relations"" OR earnings OR announcement OR investment OR expansion OR acquisition OR partnership OR Korea) when:30d",fallback,90,
18,Qualcomm,Qualcomm to raise prices during memory crunch as chipmaker issues light earnings guidance - CNBC,https://news.google.com/rss/articles/CBMigAFBVV95cUxQdFJGSE9razJkU3ZYQXRtUlduTEUtVTdGTGJZRHZNLUZsczdCZDFsWUtQLTU3ZFFqdTdiSEhtY2V1U0xiYU10Qkw0OGxabjRBcnFvZ1BHMFJvY3phQWs4dzJSZVlpQjFSeUNHSHJnNnpma19RYVdmUktDS0JlX1N6Y9IBhgFBVV95cUxQUVAzWF9zVTMxbVRZVnNjT1hWS0JKWTAxakFnVDBubXFzejFWeWZHSjBzUjgxYXRwd3hzRWI5b1J3cnVDdDhHM2E1UVd6bnJWaF9EdVZ0WTBSbjNoSDJURXZjek4zLXVWbHBhT1R5bndZSS1MY2hmSURHMWtzTHY4V0JrcXduQQ?oc=5,Google News: CNBC,2026-07-29T07:00:00Z,2026-08-10T08:31:02Z,google_news_rss,"(""Qualcomm"" OR ""Qualcomm Incorporated"") (""press release"" OR ""investor relations"" OR earnings OR announcement OR investment OR expansion OR acquisition OR partnership OR Korea) when:30d",fallback,90,
45,Solvay,Solvay SA (SLVYY) Q2 2026 Earnings Call Highlights: Navigating Challenges and Strategic Positioning - finance.yahoo.com,https://news.google.com/rss/articles/CBMikgFBVV95cUxNZjUtbVhTeUhuMG9CU0tqN0NpSV9RaDlucXpDTWRtalJaYjJhcU9IRmpJcmhkWjJDT3ZvM2VPY0RmcVFsMVNSTGFtQjY3NFIwaWE5LUE4Vm9rdzhyTnNJdVZyZksxeWJfdXAzTGxBeW5NWWFIMkdVVkZPNVk4OEIzbV9iMndkMlpvbHV6MXc0MzdvQQ?oc=5,Google News: finance.yahoo.com,2026-07-29T07:00:00Z,2026-08-10T08:31:02Z,google_news_rss,"(""Solvay"" OR ""Solvay SA"") (""press release"" OR ""investor relations"" OR earnings OR announcement OR investment OR expansion OR acquisition OR partnership OR Korea) when:30d",fallback,90,
45,Solvay,Solvay second quarter 2026 results - GlobeNewswire,https://news.google.com/rss/articles/CBMiqgFBVV95cUxNNEhPUldCcHB6MmF6WDdBQWR2U01sQkVtcExqOEVjclE3MmZYa21Ga0RtcmYzTlFfZ1JPdWxyblJ5eVB3NmxrREdmSlJaaVVQTHl2VFNQWmVvaDRGOTFHLW1mbHc4QTBiYVp2YXBkenJJdVF4T0NIRFBLRTUxNVFzaTcxbEV1M0xxWjJfLU1ZT2dZUWMxX3VmY0FSWVlPVGtmVXE2NEhOT0JQUQ?oc=5,Google News: GlobeNewswire,2026-07-29T07:00:00Z,2026-08-10T08:31:02Z,google_news_rss,"(""Solvay"" OR ""Solvay SA"") (""press release"" OR ""investor relations"" OR earnings OR announcement OR investment OR expansion OR acquisition OR partnership OR Korea) when:30d",fallback,90,
46,Syensqo,Syensqo second quarter 2026 results - finance.yahoo.com,https://news.google.com/rss/articles/CBMiogFBVV95cUxNb1YtY0hySG9tT0FYZ0VKZkZ1Q0wzSnNHUC1lcElDdTg2WHg4Q2pnR0UtMXQtcW9mQzRxd21RSFBPd3JYYmo1OFVUOWxJcGtEWmE3Zk50TDR4OFBoLWlzWjB0TTRtdFQ5SVBGaTRPeTl1Q04yZGJFVXp2a1dGamw1amtUVzVKbWczak9CZ1BUYWJrQ0k1c05razRFQ1FxVVU3Rmc?oc=5,Google News: finance.yahoo.com,2026-07-29T07:00:00Z,2026-08-10T08:31:02Z,google_news_rss,"""Syensqo"" (""press release"" OR ""investor relations"" OR earnings OR announcement OR investment OR expansion OR acquisition OR partnership OR Korea) when:30d",fallback,90,
49,Maxon,Maxon Receives Award for Supply Chain Performance - American Drycleaner,https://news.google.com/rss/articles/CBMiVEFVX3lxTE9SVHdGZ0x2aUlPWjB6T0lUNDJTLVFudjhCYk9aRy1lVExJNVIzaEpZaHM5SzJiSUdNVEFOS0JQY1RzX3NyRml2N0NiVHVERFZkTEl2LQ?oc=5,Google News: American Drycleaner,2026-07-29T07:00:00Z,2026-08-10T08:31:02Z,google_news_rss,"(""Maxon"" OR ""maxon group"") (""press release"" OR ""investor relations"" OR earnings OR announcement OR investment OR expansion OR acquisition OR partnership OR Korea) when:30d",fallback,90,
73,Sumitomo Chemical,Sumitomo Chemical Number of Employees 2026 | Employee Count & Headcount Data - Revelio Labs,https://news.google.com/rss/articles/CBMic0FVX3lxTE02TFBBamhROEozNld1TTRGTS1feUpGeHloS000d2F3QVZLc2ZxZmNxYkVKeU9xZERRQ0pFUTk0RmlyV1BjNEZJdDBqNGJxRWt6OElMRGRITzBIaFJjbWhSWUt5cmJVeFRBbm03b2RWVW82cjg?oc=5,Google News: Revelio Labs,2026-07-29T00:12:44Z,2026-08-10T08:31:02Z,google_news_rss,"""Sumitomo Chemical"" (""press release"" OR ""investor relations"" OR earnings OR announcement OR investment OR expansion OR acquisition OR partnership OR Korea) when:30d",fallback,90,
35,Schmalz,Charles D. Schmalz Discloses Investment at EWSB Bancorp with 9.9% Stake - TradingView,https://news.google.com/rss/articles/CBMiywFBVV95cUxNRlM1dXQ1dTZYTFNVbXdKVzhlLXp5WC1WdmpZWXpTNFN0NmNrY28xRWVBVkxEVDRzVTNFSThWLXNLT3VRR3dkTlVweWxEVXM0WDFUSFhMTG93aEE4NmNuckJIUEllTmJ3YWhNbEp4QmpZc0wyTGl2dkI3VTJ3QXNBSkhPRmhDTnB0LW5ZY1dNcXNvRWlIWnBBaVZpQl9JMlF0YVJMMWNFU1RsQ0I2NkhHVXo3Q2MyT1ZGS3JRbk5BenNmbk9KZE90NG5hUQ?oc=5,Google News: TradingView,2026-07-28T18:56:03Z,2026-08-10T08:31:02Z,google_news_rss,"(""Schmalz"" OR ""J. Schmalz"") (""press release"" OR ""investor relations"" OR earnings OR announcement OR investment OR expansion OR acquisition OR partnership OR Korea) when:30d",fallback,90,
3,Corning,"Corning tumbles 12% after earnings, leading rout in optical stocks - CNBC",https://news.google.com/rss/articles/CBMic0FVX3lxTE4yT1pobmh3Y3Q0bThNTlYtY3ZkQ2l4UnNPMThIbUlhdzFsbWFMUHBQc3J4WnVQUmNxZDRIdnU0RjQtRWhTM04yZnZJQUo0dGJFeTVQc3h0UW00ZWdlU1NpRzlwd2t2XzVMZEloZlRBWmxNNzg?oc=5,Google News: CNBC,2026-07-28T07:00:00Z,2026-08-10T08:31:02Z,google_news_rss,"(""Corning"" OR ""Corning Incorporated"") (""press release"" OR ""investor relations"" OR earnings OR announcement OR investment OR expansion OR acquisition OR partnership OR Korea) when:30d",fallback,90,
3,Corning,Why Corning Stock Had Its Worst Day in Four Months After Earnings - Barron's,https://news.google.com/rss/articles/CBMiekFVX3lxTE5OUGRCR28wd3dTNDNaQ3cwcVAtOUw0MjlqcjdfWjhQODBUeVQ5VGxHUGVzX3EyWEsxQlFGVjJsd04wbkQ1UG4zNUltRXpKQUdFdnZMR0EtR19RNXVOLTljUUFKdEUyQ3NENHJGYXU2QjhqSEttMVpLcXNn?oc=5,Google News: Barron's,2026-07-28T07:00:00Z,2026-08-10T08:31:02Z,google_news_rss,"(""Corning"" OR ""Corning Incorporated"") (""press release"" OR ""investor relations"" OR earnings OR announcement OR investment OR expansion OR acquisition OR partnership OR Korea) when:30d",fallback,90,
16,Amkor Technology,"Amkor Technology, Inc. Q2 2026 Earnings Call Summary - finance.yahoo.com",https://news.google.com/rss/articles/CBMimAFBVV95cUxQZnI4RHlzdHZ6UEl5SWR4RDlfUXdiRmNmeGdScTFrUVNnMWE3X05vc3dUbzVBejd3WjdlazZfV0Y4dGh3Yk1jQlpCZXNERVBXVlU1ZVN1M2paZW5LVFJOckp2SFpMakotd21tNFFNLU43MVpiZ2VReGR6Nmx2akUxWjN4MkJ6VWEyNFdxaklaVWo5Zl93M3p1Vw?oc=5,Google News: finance.yahoo.com,2026-07-28T07:00:00Z,2026-08-10T08:31:02Z,google_news_rss,"""Amkor Technology"" (""press release"" OR ""investor relations"" OR earnings OR announcement OR investment OR expansion OR acquisition OR partnership OR Korea) when:30d",fallback,90,
19,Skyworks,Skyworks Solutions Q3 Earnings Call Highlights - MarketBeat,https://news.google.com/rss/articles/CBMiogFBVV95cUxPQVlPNEVWRVFORlVvVkNlU1hpeUpxRHlocklrTVF1RFdXbnRobkZuclJZNVA5WGpOamh1Tmlwb2tDdmVISDU5RGx6bHR5RktQLTJzblF1UmdCT1pFaUw3RUxOY0Mxd3hNZXcxQnByQVROVVY4eEVhWmNuVFFSZUFtODJjaFI4MGdpejhuVmk3elprbHNIQUlycEtoZ2E3RzZRWXc?oc=5,Google News: MarketBeat,2026-07-28T07:00:00Z,2026-08-10T08:31:02Z,google_news_rss,"(""Skyworks"" OR ""Skyworks Solutions"") (""press release"" OR ""investor relations"" OR earnings OR announcement OR investment OR expansion OR acquisition OR partnership OR Korea) when:30d",fallback,90,
30,NXP,NXP Semiconductors Fails To Impress With Beat-And-Raise Report - Investor's Business Daily,https://news.google.com/rss/articles/CBMikwFBVV95cUxQdkdiZEw1YllNNTlOUllUb0hCRC1Uelo1VU53RFE0TFRGVHpxQ1gxVnBuejhzTFNoSERxcEw1bERCaHVYV245em5BVGRHT25hR2RyejBraTFiMHJFSE1WRkRzOEdzMHd6U3pYb1NzeTBIazJNalo1T1Z1TTBHbWhNck5oVUJQa0E5aVRKejZ5el83akE?oc=5,Google News: Investor's Business Daily,2026-07-28T07:00:00Z,2026-08-10T08:31:02Z,google_news_rss,"(""NXP"" OR ""NXP Semiconductors"") (""press release"" OR ""investor relations"" OR earnings OR announcement OR investment OR expansion OR acquisition OR partnership OR Korea) when:30d",fallback,90,
30,NXP,"NXP Semiconductors Second-Quarter Profit, Revenue Climb on Growth Across End Markets - WSJ",https://news.google.com/rss/articles/CBMiygFBVV95cUxQaVlLSFJhbEhDVDFpQVpHYjRTandrejllMHZIR0VYWmhFQk1yZV9jT0ZsYWFhZG5vbWN5TUJnUUZ1b1RnRl9jX1ROSXRvNUFRVW40dFhwMWNud0pwYjZ5bm5OajhXUF9pT2JRc1FnWk53a0Jqay1KcWlXUm1mSThYMVJhVVlBUkJyUWxiaF9HQkgzbXMyUjRVNFpqTHlHVzhYOGduTU84ZkNjeE5tQ1dwdG9BTWJUUTRQN3JUQ0NocFJ1dGZJYWNfWlFn?oc=5,Google News: WSJ,2026-07-28T07:00:00Z,2026-08-10T08:31:02Z,google_news_rss,"(""NXP"" OR ""NXP Semiconductors"") (""press release"" OR ""investor relations"" OR earnings OR announcement OR investment OR expansion OR acquisition OR partnership OR Korea) when:30d",fallback,90,
51,Renishaw,Essentra H1 Earnings Call Highlights - finance.yahoo.com,https://news.google.com/rss/articles/CBMiowFBVV95cUxNeFZwTllfMm9PM1ZUVkZBNlFBSW9JcDJrM2d6b242RHE5MVBNdGdnTV8xeVA5ZG11TVVKNHk2dHBET3l4MS1teVFBY3dMTExFWENkdTVpMGRlVlBrdGR4T1dkYkJoUnB1NGRrU3p4Uzdkd3FmWlJqT2JiaEVpMEsxbE9JZUlpQUJ6c1JtWklrdXRRZE1DOXlCVmZtMm1QZzZPRXRF?oc=5,Google News: finance.yahoo.com,2026-07-28T07:00:00Z,2026-08-10T08:31:02Z,google_news_rss,"(""Renishaw"" OR ""Renishaw plc"") (""press release"" OR ""investor relations"" OR earnings OR announcement OR investment OR expansion OR acquisition OR partnership OR Korea) when:30d",fallback,90,
61,Air Liquide,"H1 2026 Results: with an acceleration in the second quarter, Air Liquide combines growth with continuous performance improvement - Air Liquide",https://news.google.com/rss/articles/CBMi7wFBVV95cUxOOHJvbU5kSW1wWFlNTzJOakl1RW43UVVrdzUwcW1oY1Btdk9RQ2NOZ2VGU2NrYVFfc3Z4eUtZby1vUkJyVENpMUwzYTRlNnNXakp5MlBNeVpCQUxUemE2Wk13WldrZTd5RGlaenR1WUttUEVha1puZ3BEVHRYS1hwMU02SVlfMUQxblF5MXMwTUphS3M5b2xxUENDUkJFUExKTVdDNU5CSHVFSkp0alBkQ2UzSmNnTTFtNVA0T3l6MkhOTm1DSGNuZWhUbGV2WnB6VW1YOFNReTFNMWxIN01zVmJTdnFLSUE5ZXNxOUZoQQ?oc=5,Google News: Air Liquide,2026-07-28T07:00:00Z,2026-08-10T08:31:02Z,google_news_rss,"""Air Liquide"" (""press release"" OR ""investor relations"" OR earnings OR announcement OR investment OR expansion OR acquisition OR partnership OR Korea) when:30d",fallback,90,
61,Air Liquide,Air Liquide SA (AIQUF) (Q2 2026) Earnings Call Highlights: Strong Growth Amid Currency Challenges - finance.yahoo.com,https://news.google.com/rss/articles/CBMikgFBVV95cUxPWjB1RklzTUoySy12X0lteVB2eXhNMGYwNkZvVGdDZ2NubnM1Z0phc19zVW9NOTAyUFlCUDlaS200N2F0R3dOM2lWR0ptMXJtTmhuQktYOWtpdzNJRk1Da21NNW4wNlNnTkpBcm9OeWl0V3hDWlpTYjlsQjlKTlR4cGVvbEN6OUNidEhBTzRnZFlpQQ?oc=5,Google News: finance.yahoo.com,2026-07-28T07:00:00Z,2026-08-10T08:31:02Z,google_news_rss,"""Air Liquide"" (""press release"" OR ""investor relations"" OR earnings OR announcement OR investment OR expansion OR acquisition OR partnership OR Korea) when:30d",fallback,90,
54,HyproMag,HyProMag USA to Establish Early Magnet Finishing Capability as Part of Phased Texas Hub Development - ACCESS Newswire,https://news.google.com/rss/articles/CBMi5AFBVV95cUxQV0pmcE9CaFFKZndIckVzMnJuM0JrNkNCMi0xdUFVUTl0ZlgxTWZJQ1JTTlgxU01nV1dwSmNzLVZlLUN1aXdKbUU2ZXAtbkFWQS1JWmpmSnpGckNUMHp0T1lrNzVUVXdDZkxJbUJ4MG1qaXh0akR0YkZCUG1sS3Nhd1dMSFQ1VGwwbmNwaXAtdVktUUVWbDhnMjVzMWgwQmd6bEtGWGo2LWZWMlZOOEZzZ0Q0ZGdOaUltcU5tRW92TnVVMGZVN1c0US1XcEU0RXNqTmthTHptWFNQbzJ4YWprd0dockY?oc=5,Google News: ACCESS Newswire,2026-07-27T11:06:23Z,2026-08-10T08:31:02Z,google_news_rss,"""HyProMag"" (""press release"" OR ""investor relations"" OR earnings OR announcement OR investment OR expansion OR acquisition OR partnership OR Korea) when:30d",fallback,90,
54,HyproMag,Mkango Resources Limited Announces Hypromag USA to Establish Early Magnet Finishing - Yahoo! Finance Canada,https://news.google.com/rss/articles/CBMilwFBVV95cUxPc3ZidGZZRFgzUW0xTHNKNVVYMGUyVFBTdnpnemc3UmlvREVNN1I3NzdEdlh2WEhKMmYzNm9MaklqT213ZHFMWkhrRXVONnFOR3F4ajFkamkxUFRUTzNYTzdGbWljN3VSRkc2U29zVU5KeEQyV3d3QTlnZlgtMnpHdy1CVlppWktreE5yOHFKTUU0T0NZX21z?oc=5,Google News: Yahoo! Finance Canada,2026-07-27T09:10:00Z,2026-08-10T08:31:02Z,google_news_rss,"""HyProMag"" (""press release"" OR ""investor relations"" OR earnings OR announcement OR investment OR expansion OR acquisition OR partnership OR Korea) when:30d",fallback,90,
16,Amkor Technology,Amkor Technology Reports Financial Results for the Second Quarter 2026 - Business Wire,https://news.google.com/rss/articles/CBMixgFBVV95cUxPQlhhQjVIUEZEOF9oVFp6bXRtS0t4WlliX1ZRVkNmNEdET0lpNmZ2RzQwbDlLNklSSjM3SjlnelNBZzZ5Y0oyMjhJZExRQXZPRmZRNzJvaHgtNzZhalBLSnJkcGlGaFR5bTU2UVktWXFJUXRWVnVoTGdVWkdwTUJ0aU5nUXhkV3N4MVFfVHBZbzBKUEhLZXJrUDM4TVI4MWxlWUJTWWU4SEloOWRzTVhtS3M2a0g0dXBHU3RaeFF3VlI4ZHhIQkE?oc=5,Google News: Business Wire,2026-07-27T07:00:00Z,2026-08-10T08:31:02Z,google_news_rss,"""Amkor Technology"" (""press release"" OR ""investor relations"" OR earnings OR announcement OR investment OR expansion OR acquisition OR partnership OR Korea) when:30d",fallback,90,
64,Hitachi Metals,"Japanese firm to invest RS 2,250-cr in rare earth magnet plant near - BizzBuzz",https://news.google.com/rss/articles/CBMiqgFBVV95cUxQZ05ZMkRPZGhPaFAwblExLUstdXJ0ZHVzc0JhTktld0NnQzVHdlZPNkoySWhLVnFQMl9xb2d5QVRsenhueHc4bHlmbFJGRkVJdkRvWEJnZ2ZCck56MDRwaDd0VU5QTC1kcFR1N3c1Ri1MOUZyR1hEaF9SeWQyMFhERzZlbHdfNzh3anZGRVpiRFhGeVhXejBRX2FYY1loMlJ2Tko4MDRjSWs1dw?oc=5,Google News: BizzBuzz,2026-07-26T16:40:56Z,2026-08-10T08:31:02Z,google_news_rss,"(""Hitachi Metals"" OR ""Proterial"") (""press release"" OR ""investor relations"" OR earnings OR announcement OR investment OR expansion OR acquisition OR partnership OR Korea) when:30d",fallback,90,
66,Nabtesco,"Asia Pacific Precision Gearbox Market Size, Forecasts 2035 - Global Market Insights Inc.",https://news.google.com/rss/articles/CBMiigFBVV95cUxQM0hITlQwQm9JcGxieUoySWJxOEl6emhQTnRuN1YyeVJTcnItUjR2VndRSFo2cjdsYkpvOElMNFRiTmc4NExERmNiek1WaDFnZ3dwbm1UUzloVnRQVUpvbGE3VVVwcXo2TXZvR0pIVWhFYjAzRFNpZHA2TGItSjNWLTVUYUJJQXpDN3c?oc=5,Google News: Global Market Insights Inc.,2026-07-24T11:29:09Z,2026-08-10T08:31:02Z,google_news_rss,"(""Nabtesco"" OR ""Nabtesco Corporation"") (""press release"" OR ""investor relations"" OR earnings OR announcement OR investment OR expansion OR acquisition OR partnership OR Korea) when:30d",fallback,90,
19,Skyworks,Skyworks to Report Q3 Earnings: What's in Store for the Stock? - finance.yahoo.com,https://news.google.com/rss/articles/CBMinwFBVV95cUxNVDMzcGV1WDVyVHNnR2FGTFdqMWk2UEZ2bGtqZDdPbElhblJZeVVkR0ZtUHhjZjkyQVY2WVFRbjYzNFA4czUxRU1LelhvUDRCRGRlelZqTjlNUUk0SUZOX2FoX3NUMms1RWV6bjZvT2hJckdsY1N4STlKOVkzZ3ZqWVVvZXRNeWlnaS1qY04tY3F1SVMxaEZfSUk0LVJ2ckk?oc=5,Google News: finance.yahoo.com,2026-07-24T07:00:00Z,2026-08-10T08:31:02Z,google_news_rss,"(""Skyworks"" OR ""Skyworks Solutions"") (""press release"" OR ""investor relations"" OR earnings OR announcement OR investment OR expansion OR acquisition OR partnership OR Korea) when:30d",fallback,90,
57,Texcell,ABL Diagnostics Selected By Évry Commercial Court To Acquire TEXCELL’s Operations - pulse2.com,https://news.google.com/rss/articles/CBMiogFBVV95cUxPZkJPUVBiZXhMOGdoMlNxcVFBanVMYkhiTFQ0M3pXUkRCWEdzeFhrWUJpMHk3Y0haemxDMndCOTB6MlFlZGpUR2JwbUhUUEdXVGFkMEFMTlhyWW0zRFdVSTdxMzdqSktrc2FjR3lYN09udkVVWDFwdHV0WXY3WUItR3FuY25jMnRqRUdNNEdRUEctUDV6Y0pOQ1l0STFXRXVwSmfSAacBQVVfeXFMUHNiTEx3UG9UMTNQV0ExSmo2ejRrT2lPQmRqb3VuMGFiRVNaNU42cVFPVVJHQ01qVFAybjg5VWZhSU9GSllJVUVQaGY5MzhwWFc3U0xzZlZhSGViWVU2RXdETm1NWmVJU1NGUUExWHFIUDBVZVlJSzJWcV9lNi1pRjc1RlZ6NHJkZGFfam85Q1pUM1RTVDFzd1Jxc01TRWdGdWJvcng0VFE?oc=5,Google News: pulse2.com,2026-07-24T07:00:00Z,2026-08-10T08:31:02Z,google_news_rss,"""Texcell"" (""press release"" OR ""investor relations"" OR earnings OR announcement OR investment OR expansion OR acquisition OR partnership OR Korea) when:30d",fallback,90,
49,Maxon,Maxon earns Wabash Platinum Award for supply chain performance - FleetOwner,https://news.google.com/rss/articles/CBMikwJBVV95cUxPMlF0azBlYjdTczZtOWlweUt2WWdzNjBTeDVaMEJMMmlXWXEyY0dBVVFZdWRuUHo5ZnR5Q0VJNlBjZWZxM3RuUlFiUnl4YkU5WGI3ZTE2eWZweVNheEZDWjBDYXc2VFhCbHhJbWFkcko2NWVVTVNNc2NQTm9YRTZTSW9maWQwQ2liVmEwdFM1SFZFR0xXT05STW5vaUdkSVV2THZ6NEk5ZHc0Q2tIdGhJZFdzUGVsVlFjQTFFTTB5UkRzY1c1cklqZl9FYkN4R1AweFdGOGZ6NTlVdGtJeFVuV2w0Sk9wX1BVamE3UzNHNHVuNUY0U0tUV2l1X1ZyV04xOE4yTXdhSzR4RmJ0WDFEbDRXYw?oc=5,Google News: FleetOwner,2026-07-23T12:35:10Z,2026-08-10T08:31:02Z,google_news_rss,"(""Maxon"" OR ""maxon group"") (""press release"" OR ""investor relations"" OR earnings OR announcement OR investment OR expansion OR acquisition OR partnership OR Korea) when:30d",fallback,90,
7,West Pharmaceutical,West Pharmaceutical Services (WST) Q2 Earnings and Revenues Top Estimates - finance.yahoo.com,https://news.google.com/rss/articles/CBMiogFBVV95cUxQa3R6Y0VFRUQ4ek0tUTZzemVpLUhGcGxXOFBHTXQxbG5wWlRJbWlXcHh6WVlUUDFDYTdLZThUTU1ydU1BcG9tQzVBcjBEVW13aDk4Yl9Ja1JjZ2huTmo4eUFQN3pfeXVYbkZoY19KMTNBQmxkbFZHMVl5WE44cDFCTjBlY0p2RUZxcEQyXzNibWpmeXlkQmpZS0JTZ29iNEJiQ3c?oc=5,Google News: finance.yahoo.com,2026-07-23T07:00:00Z,2026-08-10T08:31:02Z,google_news_rss,"(""West Pharmaceutical"" OR ""West Pharmaceutical Services"") (""press release"" OR ""investor relations"" OR earnings OR announcement OR investment OR expansion OR acquisition OR partnership OR Korea) when:30d",fallback,90,
20,Eli Lilly and Company,"Lilly's triple agonist, retatrutide, successful in two additional Phase 3 obesity trials, delivering significant improvements in weight and A1C - Eli Lilly and Company",https://news.google.com/rss/articles/CBMivgFBVV95cUxPUllrSmxTN1JPMlRDcjh5Z1BldWM0Y1lqVFFPeklfcmpBUUlJaE5yRk91bjJpZG1hZW1KYUxzeUMyX0h6M1ZZU1RfSFYyekJtaWxNVk1iT3VYWnZVSlJUNXBvY1dKYVhFRVNlTmdlM0dxaFV1MWk4SS1wVXV6NVJCVklqSWdSVGowLU5MQXlGY3lYZXR0UmRGeXNKT2R2akJUSkhJUUFSLTEtbzVtWW5OX01BUmYxRjNLVmtDeHpB?oc=5,Google News: Eli Lilly and Company,2026-07-23T07:00:00Z,2026-08-10T08:31:02Z,google_news_rss,"(""Eli Lilly and Company"" OR ""Eli Lilly"") (""press release"" OR ""investor relations"" OR earnings OR announcement OR investment OR expansion OR acquisition OR partnership OR Korea) when:30d",fallback,90,
49,Maxon,Maxon Lift Awarded the Wabash Platinum Award for Supply Chain Performance - Work Truck Online,https://news.google.com/rss/articles/CBMirwFBVV95cUxQQnJGYjBFRGpMaVp3SXc1Z3d2VUNxZnJkOWZqZWtCVTZaODZUdXFuUW5faGRqUWR4WUVaQXdlRl9TWFo1YVFNNjN5czYxaGExbDgxVFNLaTlUWVo0WWUxRWVvSHhjRTJvQ3FrR2R5dEZQSldsc0Job09XMFMzTDNudF90MDJEMnJBaXI0WHphNWxfR3A4Vy03VnhBanlJQ083Z0x2cGxJUm1DT3FfSmhF?oc=5,Google News: Work Truck Online,2026-07-22T18:41:37Z,2026-08-10T08:31:02Z,google_news_rss,"(""Maxon"" OR ""maxon group"") (""press release"" OR ""investor relations"" OR earnings OR announcement OR investment OR expansion OR acquisition OR partnership OR Korea) when:30d",fallback,90,
7,West Pharmaceutical,Investors brace for West Pharmaceutical earnings after Q1 beat By Investing.com - Investing.com,https://news.google.com/rss/articles/CBMitgFBVV95cUxQQWlyNlBIclR3b2kyeG9DM09KV0RGRW90UlpDa0NPQ0RnWkpsdVJwZ2hBWk42OS1PRktYOW1URHp4ajdaSEMxSzhZY0RUa3RVTjlaVWE1bWRtV1QwNTFOVWtkVlhFMVl4amZuNENJUV9hOXl2MlJOMEpCRzBrZTJSaGZhUlRIeERNTGFTd0tINm1oTmdFV3Y4cy1mYlRnRzRHUUFSbDZHYm1BcVRzRUNmRWtrQzJBUQ?oc=5,Google News: Investing.com,2026-07-22T07:00:00Z,2026-08-10T08:31:02Z,google_news_rss,"(""West Pharmaceutical"" OR ""West Pharmaceutical Services"") (""press release"" OR ""investor relations"" OR earnings OR announcement OR investment OR expansion OR acquisition OR partnership OR Korea) when:30d",fallback,90,
18,Qualcomm,"Qualcomm and Samsung Expand Collaboration with Snapdragon Powering the New Galaxy Lineup Across Smartphones, Watches, and Intelligent Eyewear - qualcomm.com",https://news.google.com/rss/articles/CBMisAFBVV95cUxQOWxaZXNkcUJabWtOU0xLenZIdW9aVW9sTGNzczEyS1BnZFlaNXg1Mkt0UXloUEg3ME9JUldSRWdodTVmcGVtdG94b0ktMmoybGRrQkdNWnJXTWhmQWx4dUZwQ25rVUJPeG9mWG81SWdMTUxjQkh4dVFVOFpfc3pHdUJrS2dYWk42cEVKdktzeW9lUXJkVVJNcFp1d0ZfY1VSVEJHck52cVVzemcwR01CcQ?oc=5,Google News: qualcomm.com,2026-07-22T07:00:00Z,2026-08-10T08:31:02Z,google_news_rss,"(""Qualcomm"" OR ""Qualcomm Incorporated"") (""press release"" OR ""investor relations"" OR earnings OR announcement OR investment OR expansion OR acquisition OR partnership OR Korea) when:30d",fallback,90,
27,Prodrive,Prodrive in talks with multiple manufacturers after Dacia’s Dakar exit - Motorsport.com,https://news.google.com/rss/articles/CBMiugFBVV95cUxNODl4dTRNZTlKQmpwb3dvb0FFQnZ1Si1jendQQ2NkU1pMWkRIZ2szVEdTbmxRa0lrVDhpYlZETnhDdW5mVUNoWTQtZ1U2d2lyb004aThrYlRxWkdNOGtRTU5KdWp4dTIxVm1CdkRIaVQxMzdXMGVrd0JoU2Z0ZHY5TzROUldwdC16UExZUG1kd0YzRHlTUmFEaWFoUHdUOFNiVnlmNXhfeHBrc3BocGs3dklmdzVPbmM2QkE?oc=5,Google News: Motorsport.com,2026-07-22T07:00:00Z,2026-08-10T08:31:02Z,google_news_rss,"(""Prodrive"" OR ""Prodrive Technologies"") (""press release"" OR ""investor relations"" OR earnings OR announcement OR investment OR expansion OR acquisition OR partnership OR Korea) when:30d",fallback,90,
38,Schott Pharma,SCHOTT Pharma polymer cartridge platform compatible with large-volume SHL Medical autoinjectors - Manufacturing Chemist,https://news.google.com/rss/articles/CBMimwFBVV95cUxPUklXdmlzbFZfOGE2d1NBR0pHQS1NUnJETnE0ZlE3bjRCdmdOZ1E2elc1R29DbHNaLTBkRVZ1MkxzdnY0aGVOV0FLM1JYbk1laDJCRkNJWXRXQ0dPNUNPbDJhWWFqZnVzeVJxYVU3UDBFWlNOS05tRERkVFg4NmFRU1pQaFJfZDhfcnBHWG9xb1VTWHhRRW5PNXBRaw?oc=5,Google News: Manufacturing Chemist,2026-07-22T07:00:00Z,2026-08-10T08:31:02Z,google_news_rss,"""SCHOTT Pharma"" (""press release"" OR ""investor relations"" OR earnings OR announcement OR investment OR expansion OR acquisition OR partnership OR Korea) when:30d",fallback,90,
38,Schott Pharma,Pen Injector Platform with Sterile Cartridge System From: SCHOTT Pharmaceutical Packaging - Healthcare Packaging,https://news.google.com/rss/articles/CBMiggJBVV95cUxPQ18yaGpSdy1KY0J1OXlzel82TG5HYlBZeGFSUWxmVjVOZVYybUlaZERwM2dsdTlxb0RRTV9Kanl5b0ZLamhsUkxibmJYTHVvU2QxcUpjblg0WUxKdUhHazdPR3BlZjUxYXhMMkphMXJPNFNjNWk0WG9IaGRwNHlUSzdkQ2hYOXFLcUhSVG1uUk9fZUpKTmtIaTlWcmJmZFExWWZtcWZxTHBpQUV6SWdRZDhDMF9LUGdwclZ3Z3dGUUFMUWotZW1pc2prY2E2aTBKRGZYb1NiYXVqWHRQWnV4X1NQUmZqMGhZbWloZ3A0Ym9QcFBvUVh4dktwc2YtRHJKTHc?oc=5,Google News: Healthcare Packaging,2026-07-21T17:15:51Z,2026-08-10T08:31:02Z,google_news_rss,"""SCHOTT Pharma"" (""press release"" OR ""investor relations"" OR earnings OR announcement OR investment OR expansion OR acquisition OR partnership OR Korea) when:30d",fallback,90,
11,Air Products,Air Products to Expand Integrated Gas Supply Network for Semiconductor Manufacturer in Taiwan - Air Products,https://news.google.com/rss/articles/CBMi2wFBVV95cUxNZHJWRzMzU0JiMS1hV3Fsa2VPZXIxcFhvTFR3SU1MTWNZbWpXeUxUS2xJNV9jbktpYW1Nc2tmY251aTdieGlZUUhiYjh5ME9CZG5pTWh6ZWNxY1NzNlJDdlgtbk9WWUhZcG5RSVh3YkRlWUpFYWNKNHVNOEpyZlkwSmN3LS0zV1JfcDBOaFRzQzZBc2Fkem83NkM2TERuZDhzNUdHenNTVElBa0tEZUNsd0dGVmtVYWpoMHk5YjI5M3lYaTRHcnhPM2lXTExWUEE2NmNhWE02ck5aNFk?oc=5,Google News: Air Products,2026-07-21T07:00:00Z,2026-08-10T08:31:02Z,google_news_rss,"(""Air Products"" OR ""Air Products and Chemicals"") (""press release"" OR ""investor relations"" OR earnings OR announcement OR investment OR expansion OR acquisition OR partnership OR Korea) when:30d",fallback,90,
32,Vestas,Vestas Wind Systems (CPSE:VWS) As Energy Security Tailwinds Keep Its Valuation In Focus - finance.yahoo.com,https://news.google.com/rss/articles/CBMijgFBVV95cUxNNFZLTnZleXE4VHFJTHMwQXJfS1NVcFF3a291SmFxMm1HOWF3ZUlzWUtSMDRXQnRXcHE0VW94MkZNZTYtaEJDamtOOTFieW5uZl8xUHhEeUJfdW9Nb2JJUHVOSjFXTWV5aVFMN19OWllLZ3F5Wld1bFlNSGkydjhGQVlVaWp1VjVjWVZwODFR?oc=5,Google News: finance.yahoo.com,2026-07-21T07:00:00Z,2026-08-10T08:31:02Z,google_news_rss,"(""Vestas"" OR ""Vestas Wind Systems"") (""press release"" OR ""investor relations"" OR earnings OR announcement OR investment OR expansion OR acquisition OR partnership OR Korea) when:30d",fallback,90,
55,EVG,EVG secures Maniry mining permits - The Australian,https://news.google.com/rss/articles/CBMimgJBVV95cUxNSHRJcVJSaUZqVFFRbmlQQUtlWFFvN2hmRGRpZE5RczZhRGVXb2JUU1hNQmpUNE1adXA5dVZWejhqempWaDh4RUxMcHdrRXF0NEdXTmtFRlFJbUlrOEYtNWVKM0tpUmFOd2ttQjNZaHdPQWxqYzVZX3c0NTNYNEhGOXRXZldvRmd1anRzY0ZoazNMSy00UWFqd2hCRVZIYjhKS0ZRTkswTEJnbUdDTXdFUEpmWVh4WHVKbkJkMF83aTVOc2V6ZFdIeHRXZjRFbzNnZ1E5OVZmUjUxQ2NsNGh3NVNNNkE5ZG81RF82RjBKWUo1dlVDSE9Td2VFa1lJS3lhaWhZQ2ZSMVQ5OU9POW9GcEpjQjdSY1Y2SXfSAZ8CQVVfeXFMUHVqQ3gwWjNFQ1FJS0UyZVN5bmlHTWluS05scTB1UXBIYkZWWXVXeXk2NjNiWlRkbmZSbTRsTXpwNUVxNVhIUVNELTlGckFrWWxISGRPU3JIazg3ZkFMQ1lTbTdDRS0wRVItdGVaNm9CamhsTUJVNURLcklSbUhoS2MycFM0UlZycGktMkdnamZUMFhZelpGVF9PMmpuX1U1OEkza3B3T2Z2bnNyNnBUZzc1dVVMNkIzQ0x4UDVfa0Q1T3hrNWZid0VPNmdVVGxXR0M3Qm9Cd2lhdEdjaHdKYUZzWXNucU40MUk2Yk9vaXNFNThuOEk4VEFNaUZ2TFVYT0RGNkl1MVF3RlJabWZWellOSzJEZGFnWFJEMnU0UHc?oc=5,Google News: The Australian,2026-07-21T07:00:00Z,2026-08-10T08:31:02Z,google_news_rss,"(""EVG"" OR ""EV Group"") (""press release"" OR ""investor relations"" OR earnings OR announcement OR investment OR expansion OR acquisition OR partnership OR Korea) when:30d",fallback,90,
55,EVG,EVG:ASX Announcement - Application for quotation of securities - EVG - 21 Jul 2026 - Market Index,https://news.google.com/rss/articles/CBMiqgFBVV95cUxNNXlzaTRfdW9aQkFiNWlDMGtfVzk4djlxemJ4a2NaZ1htM1VRY1JLdy1La3RVSnNndTRNWjR6azNjb1BKWklpX01XSndmTnlyYXFCZ01ld2F5TmZzUTlOemRNc0N3QlB1MDV4c2VlYnZ4dnZqNVhSYnRYOVpIOGtTNjRya1dVbjZLbUo5SV9HU0czSjZWeGNRUm5idmxqTEdqQXRMX1ZyQjFXdw?oc=5,Google News: Market Index,2026-07-21T07:00:00Z,2026-08-10T08:31:02Z,google_news_rss,"(""EVG"" OR ""EV Group"") (""press release"" OR ""investor relations"" OR earnings OR announcement OR investment OR expansion OR acquisition OR partnership OR Korea) when:30d",fallback,90,
19,Skyworks,"Skyworks/Qorvo: SAMR, Harboring Concerns, Likely to Launch Phase 3 Review of Radio Frequency Chip Tie-up - The Capitol Forum",https://news.google.com/rss/articles/CBMiygFBVV95cUxOS3V1REZJc0tMMXNBVHBmOG9ZRWJDdmZlU0tQNUpvR0d0dmFicVZocDluWHVRdkRhY29PajdOTHRWMGZDZmx0d2dfNEYxVHV0SUt1N2pLckpERkptM0hlalpvdTJTQTlJbDR3WHJ1VDQ4bHFhajR1d0NwTndsU1pzZEtpaVRGQ1BiOWdYX0w1RjgxdThqYnUxQU1DbGZMNzN2TGNnU0Z4VzQ2WWhqSFNnZXZPLVFrX1hMdnpBWXBzOVA2X3dPb1NLOHln?oc=5,Google News: The Capitol Forum,2026-07-20T07:00:00Z,2026-08-10T08:31:02Z,google_news_rss,"(""Skyworks"" OR ""Skyworks Solutions"") (""press release"" OR ""investor relations"" OR earnings OR announcement OR investment OR expansion OR acquisition OR partnership OR Korea) when:30d",fallback,90,
68,JSR,CuspAI Launches ‘AI Materials Foundry’ a Global Network to Accelerate Breakthrough Discoveries - Business Wire,https://news.google.com/rss/articles/CBMi4wFBVV95cUxQQU1tWVNlb0h5UERCamo1WkVDWUdmWFF3RUNSZUhmQjRUSmg4QnJNc1pRanpXU0c4M0s0Q1R1R2FGZVRMMkVvcU96TGNGczlVRW9VZG80R1loeTE0eS00YnRldThGek5EZmR5aWJsYzk0M2FYOXd0eU9DcXZ3QWZ4WVh3U1FMcmVXSUE1OWxFaXVCU1ZDQ1Z1VHdhUnhteHR2OVNUMlFJVVVoUElxRXJOeFFyeThCTmVQZFlkMWh0UUR2OUprRHFFRlRGb2lsZDFVYWljaEFsanlEaG5tdUJEZnFxVQ?oc=5,Google News: Business Wire,2026-07-20T07:00:00Z,2026-08-10T08:31:02Z,google_news_rss,"(""JSR"" OR ""JSR Corporation"") (""press release"" OR ""investor relations"" OR earnings OR announcement OR investment OR expansion OR acquisition OR partnership OR Korea) when:30d",fallback,90,
72,Mitsubishi Chemical,"Responding to relentless expansion in China, South Korea and Japan keep shrinking ethylene capacity - Chemical & Engineering News",https://news.google.com/rss/articles/CBMimwFBVV95cUxPM19zX2NHeURkQWowOWphWWJ3UHNPWDJWMGtYSk5hUFl5Q0NfS3ctdk1SSndHdGtaaFRkS3E5dG4zdThHdHpwb2ZOVkRNV0VTVE5lTllGbC1SMkxQeXRmT1AwOUliNFlraE9vdFpXbVRWM3ljVjA5OTVSSDNzQTdSMXdaT0dyaVEwQndxYW5WZ1UxdVMwb0pGb19fSQ?oc=5,Google News: Chemical & Engineering News,2026-07-20T07:00:00Z,2026-08-10T08:31:02Z,google_news_rss,"(""Mitsubishi Chemical"" OR ""Mitsubishi Chemical Group"") (""press release"" OR ""investor relations"" OR earnings OR announcement OR investment OR expansion OR acquisition OR partnership OR Korea) when:30d",fallback,90,
2,Cognex,Cognex Announces Second Quarter 2026 Earnings Release and Conference Call Dates - finance.yahoo.com,https://news.google.com/rss/articles/CBMiowFBVV95cUxNVnQ2eTJlcFVOQnpvNkV1U3VTeTFhSFgyQU9ZSDl6d1BSVTVrLWJwSlNWZ0JuaEI2Y191cTctbF9LTWZqZ0RfU2dyZG1ZV1B2WjlveGw3dUJsUUdQTjcwdm5YQTNSdFhEaFNiNVktVUFkdWM1MTN1Tm4weGdUV2RsbkdOaEo4YnNvNWNiRXJfS25wNndCRmx2R0xWdXZoN0xDM2hF?oc=5,Google News: finance.yahoo.com,2026-07-16T07:00:00Z,2026-08-10T08:31:02Z,google_news_rss,"(""Cognex"" OR ""Cognex Corporation"") (""press release"" OR ""investor relations"" OR earnings OR announcement OR investment OR expansion OR acquisition OR partnership OR Korea) when:30d",fallback,90,
5,Cytiva,GC Biopharma deepens Cytiva partnership to secure Korea bioproduction supplies - CHOSUNBIZ - Chosunbiz,https://news.google.com/rss/articles/CBMigAFBVV95cUxPQ3BFUW13ZVpzM2trdzkxLUNhNUNiWFJIZ0xCcXIzdTBRVHpXZ3pEVDRXZklXa2wwVTdNSVk1RjRrdzg1U29JSlZETHAwdjlNM1N0TFh1RVFwUURKNTNycnpFX09lcTNkVEhkX01EVlUtOUZwNHFXakpDM2hnbGtCU9IBlAFBVV95cUxONV9NdU5ZTVFZWHI5c0xfV05YWnUxWXNmNWt5SW1WTDN1Sl82d1lPM0I0UXNnVnpUbVRsS3V4LUUwNkRGc0hXT2RUZ1BwNDQ1U3A4MzRwdjBXdkt2V3Blb0ZSdF9CR3RUR3RJN0lNQkluX21MRndXd3IxRWxDbTNNVHF6ejBJN2Zlc3JHVzVMS3ZZNTB1?oc=5,Google News: Chosunbiz,2026-07-16T07:00:00Z,2026-08-10T08:31:02Z,google_news_rss,"""Cytiva"" (""press release"" OR ""investor relations"" OR earnings OR announcement OR investment OR expansion OR acquisition OR partnership OR Korea) when:30d",fallback,90,
15,Thermo Fisher,"Thermo Fisher Scientific’s Paul Jorjorian Discusses Genetic Medicine Diversification, Partnership Trust, and Raw Material Risk in Biopharma Development - BioPharm International",https://news.google.com/rss/articles/CBMiyAFBVV95cUxOMnkyMlhyVHZUWmUtMlZiWEI3aTBMcmJuVFI0VFFxbk4wOGtZZjMtOVJQQWs4Sl9Lamx3UWE5ank4WkFXcVRQTTdNMV80RmhOUGlGZGpmb19zNFJoeGdOWEpyV2cyUzNxajlMTm5nYmppbC1FS2FUWmQxdTIxbVAxZmJMLWE2NGlURWlyQzY5dkFoNk9USFFndlFPWHlBZFZsQlJwcVNlYk5Yd3lvU0dqTkxSb1Y3QXVzQi1HZEZuUV9YZjhxRGNwdw?oc=5,Google News: BioPharm International,2026-07-16T07:00:00Z,2026-08-10T08:31:02Z,google_news_rss,"(""Thermo Fisher"" OR ""Thermo Fisher Scientific"") (""press release"" OR ""investor relations"" OR earnings OR announcement OR investment OR expansion OR acquisition OR partnership OR Korea) when:30d",fallback,90,
20,Eli Lilly and Company,Eli Lilly to buy psychedelics maker AtaiBeckley for $2.8 billion as experimental treatments gain traction - CNBC,https://news.google.com/rss/articles/CBMiogFBVV95cUxPYmtnNzNheEZDZEFwLXY5UFBDc0FHeGc4OXZJUGgzeFNRVjE3RGtsOVhSMGFWRTRMNmpQdGRFZDNTWVhMcWR4MUNaOHB6X2g3LUloUE03NVZhZkxkeXFzeEV4ZnRYRWNaenBFZnAyT1BtNXNmU2NxS0VVcDU3SlZFLXFmYkRmOEZyRUdoQXltMkQyTmtLZ2tFejM1bHkxcDRmM1HSAacBQVVfeXFMUDYzb21fTEcxTXZjNWpnZ3IwT3VWclhOcXd3UkczSjdwTVozNDZ3RlpIZmxDVE5fYllfYURKT3dzLW1fWVNUdkc2M1dzUURiSHNKaEEzREljamltVDEwUVVNSG1WaUlnYVIxQzAybGF2LVJseE9nWnFYWkJnU0stZDM1Q3NiWXBhRTQtdWVLTElDaTNud09kQ2Nfa2wwaHF4UjE5SnkzNUk?oc=5,Google News: CNBC,2026-07-16T07:00:00Z,2026-08-10T08:31:02Z,google_news_rss,"(""Eli Lilly and Company"" OR ""Eli Lilly"") (""press release"" OR ""investor relations"" OR earnings OR announcement OR investment OR expansion OR acquisition OR partnership OR Korea) when:30d",fallback,90,
20,Eli Lilly and Company,Lilly to acquire AtaiBeckley to advance therapies for treatment-resistant depression and other mental health conditions - PR Newswire,https://news.google.com/rss/articles/CBMihgJBVV95cUxPaFBnWWZZNFc0NjRKbll6YjVJazJ4RWtueG9EVzlFc3pUdk5PTndXQmNlZTlvaWNJNmNQMXBYWkt4bzg2anRoX2J1YjRHSjVJaDFidkMwM2ZVaUZfQkFBcGtkUzVjcE9famx1ZHNGall6bnIwaG9qbnE1MC1ONU5CeTVuSzdfd19XbHd5alRhejlCOWp0NEpZakpsQkt2cEtYSzVNM2pzOG8zOEZoNmY5alhZZE04Rzh6ajU0Y1NZc285ZDlJVEVMRTNkUUN1dzIwbmctanlOY3REdV8tcXp1dUxtODEyTEs2am8zcW9uZzJHX01IUGhVRTBIcEtSVlh6ejNIRDhR?oc=5,Google News: PR Newswire,2026-07-16T07:00:00Z,2026-08-10T08:31:02Z,google_news_rss,"(""Eli Lilly and Company"" OR ""Eli Lilly"") (""press release"" OR ""investor relations"" OR earnings OR announcement OR investment OR expansion OR acquisition OR partnership OR Korea) when:30d",fallback,90,
25,Applied Materials,Applied Materials (AMAT) Stock Looks Above Fair Value Even As Earnings Look About Right - finance.yahoo.com,https://news.google.com/rss/articles/CBMioAFBVV95cUxQVk9zT1N3TV9uTUc3VFBGVVctVGxWUHlkZklKNUtXaTZ6aDl6MmFDRHhlYVhLMUJfUUl4ekd3Sm9TaWRXRnJXenhLOHRIYWo1QlY4TlY0REVWTTVLUUhKYm1IdnhMR2JfM05tZ2lyWkVhak84NW56QXFreXZyNmRZMzBkR09XNDJ3OFI0NHFzUVhLUjllcml2TkdxRDJ4aWpl?oc=5,Google News: finance.yahoo.com,2026-07-16T07:00:00Z,2026-08-10T08:31:02Z,google_news_rss,"""Applied Materials"" (""press release"" OR ""investor relations"" OR earnings OR announcement OR investment OR expansion OR acquisition OR partnership OR Korea) when:30d",fallback,90,
34,Infineon,This AI Stock is Up 75% in 2026. Is the European Chipmaker a Buy Now? - Morningstar,https://news.google.com/rss/articles/CBMiowFBVV95cUxNdnNIN1Z4bHJKYXluQzVmR0lyRkRHaHNXRnYwLXpZRGhsRW5SQkZxVUFidHFzOEdseThDX0pVQjZGT3RWblZkbGViV1dFaEV5MTB5dEdCX19vYWZxZm9lSFRnTHBnMmd1YTdpcjk1aFJCLXNLaG1TNWNXRnJqdjRYQVZqdEV0ejVNM1lIMkxRM3kybXhJc3pRcEljQVdacG5JbEpz?oc=5,Google News: Morningstar,2026-07-16T07:00:00Z,2026-08-10T08:31:02Z,google_news_rss,"(""Infineon"" OR ""Infineon Technologies"") (""press release"" OR ""investor relations"" OR earnings OR announcement OR investment OR expansion OR acquisition OR partnership OR Korea) when:30d",fallback,90,
35,Schmalz,KeySeek App Helps Catholics Prepare for PAC27 Marian Congress With Interactive Game and First World Chalice of Faith Competition - Business Wire,https://news.google.com/rss/articles/CBMikwJBVV95cUxOdU5ldEFiTEk1VW4zOHY3OFZJb25IZ2xwU2d0T3IzZklLd3Y1TlZlcmt2Y0ZnbnVXWFUzcWxEQk5YNTJkc3IxSmtuX3lsWDBCMVhrTWcxYWh3NlptcUEwVjIzaGxoSWRpTVg2X25yb3l3LUktS3hoSUhMdzh4QVdBSlRXWGV3SU4taUoxSk9vYy1SbmR5dU1QWGJncjM5TVB5Zm5Ud2RWZkdHbzJ1QmszSHUxUG0xYTVtcVpfMzhEYzM4Y3VLemFiQTVGZUVTRnV6bUJYcmdEdmtkMFQ1b05rRHBsdDJMYzU4TkJTQ3A5V25oQlZRUWFnWm5NdmdUMGR3cXN6NHV2Ul85Y2V4blpKUjMySQ?oc=5,Google News: Business Wire,2026-07-16T07:00:00Z,2026-08-10T08:31:02Z,google_news_rss,"(""Schmalz"" OR ""J. Schmalz"") (""press release"" OR ""investor relations"" OR earnings OR announcement OR investment OR expansion OR acquisition OR partnership OR Korea) when:30d",fallback,90,
48,ABB,ABB expands automation offering with acquisition of Rotork - new.abb.com,https://news.google.com/rss/articles/CBMingFBVV95cUxOeVFtVmVfTmlqMHRUaVhNODN1TU9pZE9NUFNkVEI0TnNjRFdoNy1kb2ppNktzRnZkb0NMeENmZWlEWGdhcVBWcXVrRTdEYXlTQ29CNDg3dlFKTmotZTkzTTFQVFgxOEp6UThCby14VUNHUFBRekdPVTUyNzg0OUN5MkY5OHZIY2xEVWlWVXY1czlRemI2aVlWNG40aVFkQQ?oc=5,Google News: new.abb.com,2026-07-16T07:00:00Z,2026-08-10T08:31:02Z,google_news_rss,"(""ABB"" OR ""ABB Group"") (""press release"" OR ""investor relations"" OR earnings OR announcement OR investment OR expansion OR acquisition OR partnership OR Korea) when:30d",fallback,90,
48,ABB,ABB to press ahead with acquisitions after $5.5 billion Rotork deal - Reuters,https://news.google.com/rss/articles/CBMitwFBVV95cUxNOGZxR2JyXzVFbUdlbHJoQmt1ZWJCZW5nV2FTRmJnYVNub242R0RZSnBzSWdHRmdPT3JFOURnODk5bVFCTlN0Y2hmWkJFcjFXWTZNN09WRGx6VmFlbmtTZ2hiNGlUMkNyWjRjcTYyU2RPcWFNN0dDZGZaLXQyVDE3YVhuMlR4V29QZzZOWm1vWnlzZlFiandzZm00aEVJVS1YN19uUGRqMlpSdEV6cWxzRmtvZi1RcFU?oc=5,Google News: Reuters,2026-07-16T07:00:00Z,2026-08-10T08:31:02Z,google_news_rss,"(""ABB"" OR ""ABB Group"") (""press release"" OR ""investor relations"" OR earnings OR announcement OR investment OR expansion OR acquisition OR partnership OR Korea) when:30d",fallback,90,
48,ABB,ABB Expands Automation Offering With Acquisition of UK’s Rotork - Bloomberg.com,https://news.google.com/rss/articles/CBMitAFBVV95cUxQdy1hN1RtY2V0TFk2RjJGdEJHRk1FbmVCTHZCcFRYczY1QWNtX0xNMlNDVG4zOWtqaUVDeExuLTZpWXlaLXB1WGIxLTFOa2pyTV9WVHNjMUV0U0FkQ3ZDT0MyNERRRHhneDRpWmZKMldvMGhIUmNkQUtEZTVxTE1QcUQxRm96U3B4Mm5DdldwUWdOeE5vbXZ5bnc5TUgtRVNJOXoyZDltbVVwWWFnOXY3aDNZSUU?oc=5,Google News: Bloomberg.com,2026-07-16T07:00:00Z,2026-08-10T08:31:02Z,google_news_rss,"(""ABB"" OR ""ABB Group"") (""press release"" OR ""investor relations"" OR earnings OR announcement OR investment OR expansion OR acquisition OR partnership OR Korea) when:30d",fallback,90,
61,Air Liquide,Air Liquide invests over 160M USD in the U.S. to supply advanced chips manufacturing in Arizona - Air Liquide,https://news.google.com/rss/articles/CBMi3AFBVV95cUxOY2tLNEF3ZWRnUW90NXR2VHpSMzdXVFdKak9JNm5xUF9Mb1JWb1QxNzQ0eGl5X0ljMkxsUFlRa1M2UDZibm02eHZYMng1Z095NzQtXzB0OGdfd3ZLQWcwaFg0T1BpaF8yR1NQb1Z3aHRmVk5EelR1a2dteTJZYXN4bS1Kel9sWkdlYUVzUG4zaTQ3UUdtQUNTVzA0aVNSY2FzYm04d2lwQmRTWGtQeUIxZ3Y2TVRZelRvRUJJbnhKbnlwN1l6N0dPU2t5RGVEVDgteTdsS1Y5MTB6UG5k?oc=5,Google News: Air Liquide,2026-07-16T07:00:00Z,2026-08-10T08:31:02Z,google_news_rss,"""Air Liquide"" (""press release"" OR ""investor relations"" OR earnings OR announcement OR investment OR expansion OR acquisition OR partnership OR Korea) when:30d",fallback,90,
76,Cheng Uei Precision,Taiwan’s Foxlink Building Its First U.S. ‘AI Factory’ at AllianceTexas in Fort Worth - Dallas Innovates,https://news.google.com/rss/articles/CBMirgFBVV95cUxOWS1ZX1ZFXzZPNHZMenFDM3B3ckk3QjhkbjBXdjg0YUc5LXRFekFibzRwbFRCZlJ3WW1EVE56dnRzSm8zSk5GNmI2aWcycVZENUZFSHU3bTctcE42M1VTcWl6bmRER0ptRjB0OEROOUwxTldYZTU1dlR5U0xUdVlxSnFVS2NGaC1CX1J5TC10cFRYUm1iX1RIQ3AwOTRJYkZ0UDdMOS1nbmtHRzFEQmc?oc=5,Google News: Dallas Innovates,2026-07-16T07:00:00Z,2026-08-10T08:31:02Z,google_news_rss,"(""Cheng Uei Precision"" OR ""Foxlink"" OR ""Cheng Uei Precision Industry"") (""press release"" OR ""investor relations"" OR earnings OR announcement OR investment OR expansion OR acquisition OR partnership OR Korea) when:30d",fallback,90,
4,Charles River,Charles River Laboratories Schedules Second-Quarter 2026 Earnings Release and Conference Call - Business Wire,https://news.google.com/rss/articles/CBMi5AFBVV95cUxOVEl3VnQ0U0JNZms1Y0NSeDhJcmNTNGU4UG1UMTQ0Zlp0azVBR0JQWFpRVnhSbDB5b0t6d1FJTFVsSHN0My1KZVFaa0tCTTNPZ0RfbFdleDNYVzJ4U2E1LVBqSDJVWFJCcjZqbnotQkJDQ041TENMTTFyUngxU1JSSGpPSzlIWGM4WnRod3M0NGo4TkhBN0t0VF9xcWZsUmxZOXNrLVo0cDRxRGJuR3Z2T0hVNEtsenduMG9GVDhWMjhZQ29ydzg3cnkxU3hwaUljQXJOakJEMkVvazllN2k4dm0tX2o?oc=5,Google News: Business Wire,2026-07-15T07:00:00Z,2026-08-10T08:31:02Z,google_news_rss,"(""Charles River"" OR ""Charles River Laboratories"") (""press release"" OR ""investor relations"" OR earnings OR announcement OR investment OR expansion OR acquisition OR partnership OR Korea) when:30d",fallback,90,
11,Air Products,"Air Products to Broadcast Fiscal 2026 Third Quarter Earnings Teleconference on July 30, 2026 - finance.yahoo.com",https://news.google.com/rss/articles/CBMioAFBVV95cUxNaHJ2ckhBdVFlQ1VNcmlqYUQzTlkxQk9FVWZlaGptZHdnNmJSdmsyR3Ywdi1FRnczSjZRYmpxdi1BWE5fM3ZwczRXMy0wRlByR2I4TFc2NjFobGVtby12UWk4VFV3OTAyb0U3c0pNZGlURzU2aUV5TG4zeDBzUl9aRTdlTVRaV3VDQ084ZVVqTGpETG84UFhGVGVCdkI5Znpr?oc=5,Google News: finance.yahoo.com,2026-07-15T07:00:00Z,2026-08-10T08:31:02Z,google_news_rss,"(""Air Products"" OR ""Air Products and Chemicals"") (""press release"" OR ""investor relations"" OR earnings OR announcement OR investment OR expansion OR acquisition OR partnership OR Korea) when:30d",fallback,90,
76,Cheng Uei Precision,"FOXLINK GROUP LAUNCHES ITS FIRST U.S. AI FACTORY IN FORT WORTH, TEXAS, MARKING STRATEGIC SHIFT FROM EMS TO AI-POWERED MANUFACTURING - PR Newswire",https://news.google.com/rss/articles/CBMikAJBVV95cUxNMzExWG5oSktzTUp2UGZfRDZORjR1YWFaQmV5Qjk4aW5VUmZGVTRzRVYtMkFSY2k5b195RmtTbmhxVkVvaS1NQ2ZhVVdYb0R6Y2EwQmdIaks2QW9UamF0VGlfNFhiZDQzTGxPZzJOUml2TW5CWTNFcmhNQktRcXFZd1d2T0l0Mk53dzlIZ0VQLXU2TVJUc3hYV3F0ZFhzYWZENGdLbnJOWHJPMFFucmJocEpwbzRHaFUxd2c2ZTBENXRjLXdhV1NvSVdoaldLRExQWXp4eWhHY0JpZWlxakJvanJsZk8yMGJPdENDXzBjZUt5TkIyclNuU2VEcFgyanNGeFBrekRNNDhrUWRLWU5yTQ?oc=5,Google News: PR Newswire,2026-07-15T07:00:00Z,2026-08-10T08:31:02Z,google_news_rss,"(""Cheng Uei Precision"" OR ""Foxlink"" OR ""Cheng Uei Precision Industry"") (""press release"" OR ""investor relations"" OR earnings OR announcement OR investment OR expansion OR acquisition OR partnership OR Korea) when:30d",fallback,90,
76,Cheng Uei Precision,Taiwan tech giant Foxlink chooses Fort Worth for first U.S. AI factory - WFAA,https://news.google.com/rss/articles/CBMiywFBVV95cUxNLWhXQkpaSHJfLVRGcWdyRGFyOE5FWU9TZnVLVHVBQ3J3bzN5cFpIQUVvMXl0SEdrT3A1dHR4RV9ZajBRTTdQUVBabFdUZUIwQWVkOVFwelBpOElfaGNydzY4TlNSeTZmUXNTblRHUGFLZFRFaExOYUlpVTFobXpoVDlsTVZjSnIxdjRrVEI0OHNGcmVJZUhuU25zMElhMG5FaHlpNE5KamMxQWZQNDVMV195U0xqV0JBQm1VYkFFRnh3d1FDb2NsU05rTQ?oc=5,Google News: WFAA,2026-07-15T07:00:00Z,2026-08-10T08:31:02Z,google_news_rss,"(""Cheng Uei Precision"" OR ""Foxlink"" OR ""Cheng Uei Precision Industry"") (""press release"" OR ""investor relations"" OR earnings OR announcement OR investment OR expansion OR acquisition OR partnership OR Korea) when:30d",fallback,90,
3,Corning,Corning Earnings Preview: What to Expect - finance.yahoo.com,https://news.google.com/rss/articles/CBMinAFBVV95cUxPUW5uRm9MdlIyTzhYZk02NENLY3Ffc1g1ZEM2TGJXaTNNQzZrMjVRRnRIRXMxektnYktLRGxSM1FmQkxicU01UGZqZEJZeUlFaDNrbUY0Qk5xTkx0N3hwLWN1UG94V3hENExhaTFCRTFqMlZjcHFBOG9YeUNneEdaSU1OQTRJWEdLRWI2RlAxcE1FUzZnS1RWWFZQYkM?oc=5,Google News: finance.yahoo.com,2026-07-14T07:00:00Z,2026-08-10T08:31:02Z,google_news_rss,"(""Corning"" OR ""Corning Incorporated"") (""press release"" OR ""investor relations"" OR earnings OR announcement OR investment OR expansion OR acquisition OR partnership OR Korea) when:30d",fallback,90,
8,Dupont,DuPont Schedules Second Quarter 2026 Earnings Conference Call - finance.yahoo.com,https://news.google.com/rss/articles/CBMiowFBVV95cUxPOUlBc2JIZUFDS1daZU5PUU8tR2NBVDN2NXNFazdsQjBYYU13UlpKU1NrNVB2V0RaaVhFZTIzTGo1YUpzR2p1b3haYzZJUEt4MXBEWThjU3FnNXpZRXlRekRfWUlxa2wxbEpIUTktT29NbFBJbHZtbU1HSTBjQUdFX2kyZWt3amh2eXFLWUJWdDZtUllpc05ic0g5cEdBUmwzSnZj?oc=5,Google News: finance.yahoo.com,2026-07-14T07:00:00Z,2026-08-10T08:31:02Z,google_news_rss,"""DuPont"" (""press release"" OR ""investor relations"" OR earnings OR announcement OR investment OR expansion OR acquisition OR partnership OR Korea) when:30d",fallback,90,
50,Siemens-Gamesa,Siemens Energy begins preparations for the launch of an independent brand - Siemens Energy,https://news.google.com/rss/articles/CBMilwFBVV95cUxPZ0FfS2hSMVVBLUhycTNCZzh3NFJ6bDN3RHg0YThGY3l4NzRzcENfVHRsTlhPaFE1S3htMVJNYXQzdTQ0NUxzanpkVmZPOXpQYUVvQmE1bFVSR01zY1QwdXU4X3BFLTBJSjFCWnFnNDE5V2RKNzM2YmJVbUVpa2NseDk3bk01NXZTcTBqZDhFU2VlMU9rLUM0?oc=5,Google News: Siemens Energy,2026-07-14T07:00:00Z,2026-08-10T08:31:02Z,google_news_rss,"(""Siemens-Gamesa"" OR ""Siemens Gamesa"") (""press release"" OR ""investor relations"" OR earnings OR announcement OR investment OR expansion OR acquisition OR partnership OR Korea) when:30d",fallback,90,
56,Plansee,Stocks in play: Almonty Industries Inc. - The Globe and Mail,https://news.google.com/rss/articles/CBMiwAFBVV95cUxQLU81SGdzanExdjI1a0s1emFuN0ZIV3F5eDR5OFZnRzNxSTVSNW1Ta0Y4NHBkRS1YRmF2eDZtVzNqNGNKS1FaaVVVQ1hiWFlubkFHLUJDLUtESDFiU0NfZ3lKenhjc0Y2NWtMb2JkTDN0SjQ2Qm44WG01bkJTbEs0RU4yTjE5aVlwZFVZYUMwY21jQW9BVXpZRkhsRlgzU09kNGJIdWxsU0EyY2huWjFGY2JHOEh0bGo4c2lwZDkyWlc?oc=5,Google News: The Globe and Mail,2026-07-14T07:00:00Z,2026-08-10T08:31:02Z,google_news_rss,"(""Plansee"" OR ""Plansee Group"") (""press release"" OR ""investor relations"" OR earnings OR announcement OR investment OR expansion OR acquisition OR partnership OR Korea) when:30d",fallback,90,
46,Syensqo,Syensqo Expands US Manufacturing Footprint with Maryland Groundbreaking - CHEManager,https://news.google.com/rss/articles/CBMirgFBVV95cUxNcWpTWENNMFlaSDJmRzg1OWRuUEdEaURmT3RRUm4xN1JQTVhidXdTMEJLTHptcUtrbEZKNzlQVnhsMnlaUDlRUUxzdUtHVXF2M1BkYzFRTW0yUEQwYV9sQTJLV1c3QUx3OEtYamVYdlk3cmZxNm9tbHNJcFdvVTMxODRpMmRSeHNsRERQVVBqaHJYZTJHRlk2bTRXZXZHNmlVX2xzZFMwXzdFc0EySGc?oc=5,Google News: CHEManager,2026-07-13T07:00:00Z,2026-08-10T08:31:02Z,google_news_rss,"""Syensqo"" (""press release"" OR ""investor relations"" OR earnings OR announcement OR investment OR expansion OR acquisition OR partnership OR Korea) when:30d",fallback,90,
68,JSR,"Photoresist Chemicals Market Size, Share | Industry [2026-2034] - Fortune Business Insights",https://news.google.com/rss/articles/CBMigAFBVV95cUxPV0hDZEdMRTJ1OGowcWJxNVIwNTJDbURXNGN5LVdVV3ZmaEExWHV0WHlLOHI3OXJ3LWpSUXFkelZqd3hONlRvdVNGOVlKX2RTRVBMVEhzY1QyNm93cjNUNW5UUmwxV2haMXNBdDZidXoyaF9BZ1ppQTdRQmF6WGVGcQ?oc=5,Google News: Fortune Business Insights,2026-07-13T07:00:00Z,2026-08-10T08:31:02Z,google_news_rss,"(""JSR"" OR ""JSR Corporation"") (""press release"" OR ""investor relations"" OR earnings OR announcement OR investment OR expansion OR acquisition OR partnership OR Korea) when:30d",fallback,90,
