target_no,company,title,url,source,published_at,collected_at,collector,query
1,Australian Strategic Metals,"Australian Strategic Materials Says Federal Court to Hear Application for Approving Schemes for Proposed Acquisition by Energy Fuels Unit, Shares Fall 3% - marketscreener.com",https://news.google.com/rss/articles/CBMi6AFBVV95cUxOaDNoQTFEVlBaMTl0aHVta0t1dWNSb3YyLWF6a3ljT3RiNHhtUGVyRllpRHVRWjlkMDNDcEF0ZFJlLVI2ak5fZGJrOGFqcXo1aG53Q1dVSmlyd0N1T0Zna3psM3J2SExQWXByZ2xhb3VyMEJweks2aUdwWXJlVVVibUViM0N4eGVkSVZYQkgwM184LW1xWUJGMUlCRzB3ZmVVVVMwNWo1VTNrWjNTZTZFNXpzeGpYYUN1UFdJRHd5ZlA4WHRtZnkwSlg3dm9MTG9UcjNTWUdOT3Y4UDJxY1BnSzh4eGwwZl9B?oc=5,Google News: marketscreener.com,2026-08-06T02:39:25Z,2026-08-10T07:17:53Z,google_news_rss,"(""Australian Strategic Metals"" OR ""Australian Strategic Materials"") (""press release"" OR ""investor relations"" OR earnings OR announcement OR investment OR expansion OR acquisition OR partnership OR Korea) when:30d"
1,Australian Strategic Metals,Court Makes Orders Rescheduling Australian Strategic Materials Shareholder Meeting for Proposed Acquisition by Energy Fuels Unit - Moomoo,https://news.google.com/rss/articles/CBMixwFBVV95cUxPRGpBZ2NFSWxGNEI3ZXA0QlZvZFl3QkZHcVFjdjY4YUxaY2JMZkxvVXJKRTJ1a2RndkpMeGFpbEdna3IzTVpobHpRMjhoZnFRY1FWYXpxY1dNLXMwamxaVVVRMVg5bVNpYmg5UXhpNy05RlVNQ0NaajlLMlVkZmh2aGFKb2ltOHFsQXI5ZmlWeHh1UXd0c0VfZmc4ZFN3VFNKbEc3MXNYbUpsclppa2pwTWp6cDFPa281M0JKX1ZMUzR1U2lueDJj?oc=5,Google News: Moomoo,2026-07-27T07:00:00Z,2026-08-10T07:17:53Z,google_news_rss,"(""Australian Strategic Metals"" OR ""Australian Strategic Materials"") (""press release"" OR ""investor relations"" OR earnings OR announcement OR investment OR expansion OR acquisition OR partnership OR Korea) when:30d"
1,Australian Strategic Metals,Australian Strategic Materials Schedules Second Court Hearing for Energy Fuels Acquisition Schemes - kalkine.com.au,https://news.google.com/rss/articles/CBMi1wFBVV95cUxOZ0NEWk8tRENWQWp2ZHpwVkg1cnJtcWdHQWVVdHdXVHhsY1BRTmN0a280Slo2dzV0TzR1MENjSDA4azhIa2dENFJGWDROak1pS05FME4tWUlESEdpZmpvRHI5NDktdnkxcENyWmNJTk50MnNXbHhHVGhIcG1FNTI1Y2x1eTg4Tk1DOTM5dXhQc2ZuNVZJLVc5VzdjYVFYN1BiYk1BbUhpdGY3UTdfc3p4OWRBSjV4SF9lWDJkeFBLX21iaVhRWU5taGVrZFlYRmxPa1p4aV9yaw?oc=5,Google News: kalkine.com.au,2026-08-06T02:54:16Z,2026-08-10T07:17:53Z,google_news_rss,"(""Australian Strategic Metals"" OR ""Australian Strategic Materials"") (""press release"" OR ""investor relations"" OR earnings OR announcement OR investment OR expansion OR acquisition OR partnership OR Korea) when:30d"
2,Cognex,Cognex Announces Second Quarter 2026 Earnings Release and Conference Call Dates - Yahoo Finance,https://news.google.com/rss/articles/CBMiowFBVV95cUxNVnQ2eTJlcFVOQnpvNkV1U3VTeTFhSFgyQU9ZSDl6d1BSVTVrLWJwSlNWZ0JuaEI2Y191cTctbF9LTWZqZ0RfU2dyZG1ZV1B2WjlveGw3dUJsUUdQTjcwdm5YQTNSdFhEaFNiNVktVUFkdWM1MTN1Tm4weGdUV2RsbkdOaEo4YnNvNWNiRXJfS25wNndCRmx2R0xWdXZoN0xDM2hF?oc=5,Google News: Yahoo Finance,2026-07-16T07:00:00Z,2026-08-10T07:17:53Z,google_news_rss,"(""Cognex"" OR ""Cognex Corporation"") (""press release"" OR ""investor relations"" OR earnings OR announcement OR investment OR expansion OR acquisition OR partnership OR Korea) when:30d"
2,Cognex,Cognex Q2 Earnings Beat on Margin Gains Despite Revenue Miss - Zacks Investment Research,https://news.google.com/rss/articles/CBMiowFBVV95cUxPTmQzckw0dEx0bS1LNXg5RkVJb0k4YU10b1BqR0FzUC1UbW9CRDRQNHlVcjRERGVnTV9QX3NCM2tmUjB5emRRdmQ5ZmtSQ05MWkppcXRJMWVoYnZyS2lrMElqaXU1YWFUdnhJc0ZaTks3Mlh3Znl3OXhFVHE1bE50c3NyUVdWWGxvYUlfT3NVVkZYNC1MVUpFbUdOR0J6YlRmVUN3?oc=5,Google News: Zacks Investment Research,2026-08-06T15:00:29Z,2026-08-10T07:17:53Z,google_news_rss,"(""Cognex"" OR ""Cognex Corporation"") (""press release"" OR ""investor relations"" OR earnings OR announcement OR investment OR expansion OR acquisition OR partnership OR Korea) when:30d"
2,Cognex,Cognex to Present at the KeyBanc Technology Leadership Forum - PR Newswire,https://news.google.com/rss/articles/CBMitwFBVV95cUxNMUE2Z0h1ZFFZZDNGT0V3azd6NVlGXy1WMVlNR1dqVFdUWS1jVl9oanN4MmtQd3ZzTnp0U3dFWHpzZ2h0YXhac2FzX2FldnhpU3B0cWo5U2RzSWpiNVdRR01QaWdTSFJFWU5KZnFmQkJDTU9wWXdFT01uMkdwcGNrbDR4blg5NDZDMGtPcGg3TkVOOWhLQ0h1bjlhbjBUeTdrLVl1d0RkWnJGcjdUOVlfQ1VTaVRnLTg?oc=5,Google News: PR Newswire,2026-07-29T12:00:00Z,2026-08-10T07:17:53Z,google_news_rss,"(""Cognex"" OR ""Cognex Corporation"") (""press release"" OR ""investor relations"" OR earnings OR announcement OR investment OR expansion OR acquisition OR partnership OR Korea) when:30d"
3,Corning,Corning Earnings Preview: What to Expect - Yahoo Finance,https://news.google.com/rss/articles/CBMinAFBVV95cUxPUW5uRm9MdlIyTzhYZk02NENLY3Ffc1g1ZEM2TGJXaTNNQzZrMjVRRnRIRXMxektnYktLRGxSM1FmQkxicU01UGZqZEJZeUlFaDNrbUY0Qk5xTkx0N3hwLWN1UG94V3hENExhaTFCRTFqMlZjcHFBOG9YeUNneEdaSU1OQTRJWEdLRWI2RlAxcE1FUzZnS1RWWFZQYkM?oc=5,Google News: Yahoo Finance,2026-07-14T07:00:00Z,2026-08-10T07:17:53Z,google_news_rss,"(""Corning"" OR ""Corning Incorporated"") (""press release"" OR ""investor relations"" OR earnings OR announcement OR investment OR expansion OR acquisition OR partnership OR Korea) when:30d"
3,Corning,"Corning tumbles 12% after earnings, leading rout in optical stocks - CNBC",https://news.google.com/rss/articles/CBMic0FVX3lxTE4yT1pobmh3Y3Q0bThNTlYtY3ZkQ2l4UnNPMThIbUlhdzFsbWFMUHBQc3J4WnVQUmNxZDRIdnU0RjQtRWhTM04yZnZJQUo0dGJFeTVQc3h0UW00ZWdlU1NpRzlwd2t2XzVMZEloZlRBWmxNNzg?oc=5,Google News: CNBC,2026-07-28T07:00:00Z,2026-08-10T07:17:53Z,google_news_rss,"(""Corning"" OR ""Corning Incorporated"") (""press release"" OR ""investor relations"" OR earnings OR announcement OR investment OR expansion OR acquisition OR partnership OR Korea) when:30d"
3,Corning,Why Corning Stock Had Its Worst Day in Four Months After Earnings - Barron's,https://news.google.com/rss/articles/CBMiekFVX3lxTE5OUGRCR28wd3dTNDNaQ3cwcVAtOUw0MjlqcjdfWjhQODBUeVQ5VGxHUGVzX3EyWEsxQlFGVjJsd04wbkQ1UG4zNUltRXpKQUdFdnZMR0EtR19RNXVOLTljUUFKdEUyQ3NENHJGYXU2QjhqSEttMVpLcXNn?oc=5,Google News: Barron's,2026-07-28T07:00:00Z,2026-08-10T07:17:53Z,google_news_rss,"(""Corning"" OR ""Corning Incorporated"") (""press release"" OR ""investor relations"" OR earnings OR announcement OR investment OR expansion OR acquisition OR partnership OR Korea) when:30d"
4,Charles River,Charles River Prepares to Report Q2 Earnings: What's in Store? - Yahoo Finance,https://news.google.com/rss/articles/CBMimAFBVV95cUxPZUpqcHlLOG40YWwtMnhtanRQazVlU1dsQWlXc1l5d0lKNDVGQ1Z5c1NOdlYxS0ZGM21pWmY0VEp0SFhleW5wTjV6Q1M0b1V1eGNDVnNBekQ5S3NrTTNxUC01ZnpzU1cxLUpkeXdSajdKd1JqMUFtbDI3cllHazVZTnZja2hkc1pBRTluU2FGaUlKaGI1anRWdw?oc=5,Google News: Yahoo Finance,2026-07-30T07:00:00Z,2026-08-10T07:17:53Z,google_news_rss,"(""Charles River"" OR ""Charles River Laboratories"") (""press release"" OR ""investor relations"" OR earnings OR announcement OR investment OR expansion OR acquisition OR partnership OR Korea) when:30d"
4,Charles River,Charles River Laboratories Schedules Second-Quarter 2026 Earnings Release and Conference Call - Business Wire,https://news.google.com/rss/articles/CBMi5AFBVV95cUxOVEl3VnQ0U0JNZms1Y0NSeDhJcmNTNGU4UG1UMTQ0Zlp0azVBR0JQWFpRVnhSbDB5b0t6d1FJTFVsSHN0My1KZVFaa0tCTTNPZ0RfbFdleDNYVzJ4U2E1LVBqSDJVWFJCcjZqbnotQkJDQ041TENMTTFyUngxU1JSSGpPSzlIWGM4WnRod3M0NGo4TkhBN0t0VF9xcWZsUmxZOXNrLVo0cDRxRGJuR3Z2T0hVNEtsenduMG9GVDhWMjhZQ29ydzg3cnkxU3hwaUljQXJOakJEMkVvazllN2k4dm0tX2o?oc=5,Google News: Business Wire,2026-07-15T07:00:00Z,2026-08-10T07:17:53Z,google_news_rss,"(""Charles River"" OR ""Charles River Laboratories"") (""press release"" OR ""investor relations"" OR earnings OR announcement OR investment OR expansion OR acquisition OR partnership OR Korea) when:30d"
4,Charles River,Charles River Benefits From an Improving Demand Environment Despite No Moat - Morningstar,https://news.google.com/rss/articles/CBMixgFBVV95cUxQZXBrb0NQLVhMVjdoN1RJVTdxbUFPbGN0b3M3RHp2MHJXRnpWS1RXamU5Ny0zQUVPWUxOZjJqTVZBSmQzaFRCcGdlNElwRWs1Q3lLV25Ec0dlV05UNjM0N3Nfam1ZMVRMNjNQei04LThMNVkxSkN0bmlTT0lOdGpTaWUzOTlPY1Z1Z2lIZEJpS1N0WldnUVdGR1pvVV8zcmt5ZHdROU9TSm4ycC0yOWdYMElPUGI1djhjQldGRThJdG03Zi1falE?oc=5,Google News: Morningstar,2026-08-07T05:56:11Z,2026-08-10T07:17:53Z,google_news_rss,"(""Charles River"" OR ""Charles River Laboratories"") (""press release"" OR ""investor relations"" OR earnings OR announcement OR investment OR expansion OR acquisition OR partnership OR Korea) when:30d"
5,Cytiva,GC Biopharma deepens Cytiva partnership to secure Korea bioproduction supplies - CHOSUNBIZ - Chosunbiz,https://news.google.com/rss/articles/CBMigAFBVV95cUxPQ3BFUW13ZVpzM2trdzkxLUNhNUNiWFJIZ0xCcXIzdTBRVHpXZ3pEVDRXZklXa2wwVTdNSVk1RjRrdzg1U29JSlZETHAwdjlNM1N0TFh1RVFwUURKNTNycnpFX09lcTNkVEhkX01EVlUtOUZwNHFXakpDM2hnbGtCU9IBlAFBVV95cUxONV9NdU5ZTVFZWHI5c0xfV05YWnUxWXNmNWt5SW1WTDN1Sl82d1lPM0I0UXNnVnpUbVRsS3V4LUUwNkRGc0hXT2RUZ1BwNDQ1U3A4MzRwdjBXdkt2V3Blb0ZSdF9CR3RUR3RJN0lNQkluX21MRndXd3IxRWxDbTNNVHF6ejBJN2Zlc3JHVzVMS3ZZNTB1?oc=5,Google News: Chosunbiz,2026-07-16T07:00:00Z,2026-08-10T07:17:53Z,google_news_rss,"""Cytiva"" (""press release"" OR ""investor relations"" OR earnings OR announcement OR investment OR expansion OR acquisition OR partnership OR Korea) when:30d"
5,Cytiva,"Danaher Corporation (DHR) Stock Price, News, Quote & History - Yahoo! Finance Canada",https://news.google.com/rss/articles/CBMiUEFVX3lxTFBSaXg0bHNtZGNXVHQxSmNSTWFsV1Q2Ti1NdTJaa1pXYWpraXlPSTdzVkZ6dXJHSnB2b3Ryai1CWHlvdDVhVm9VTDdxMmY5LXg0?oc=5,Google News: Yahoo! Finance Canada,2026-08-08T18:51:17Z,2026-08-10T07:17:53Z,google_news_rss,"""Cytiva"" (""press release"" OR ""investor relations"" OR earnings OR announcement OR investment OR expansion OR acquisition OR partnership OR Korea) when:30d"
5,Cytiva,"BioHealth Capital Region – Regional Life Sciences Roundup – July 31st, 2026 - BioBuzz",https://news.google.com/rss/articles/CBMimwFBVV95cUxNa1g1Rk1GYjlWb01rbEVFWDJNOUsxaEpKSTdSNV9kVXJRWUV4eC13bGtLWUlFUjFCcDZWTnNNWk1nTzN1RHc0bFNvelA3SlJuZUd6b1NtNll3U2RtV0hDOTZQRmFGQm5oMGM1eEI4aVRRdDhLR0ZaNUx2NUVwNUF1dExuaUdMZk1NUFJUSXVFNkV5VUpMeDhDdXktaw?oc=5,Google News: BioBuzz,2026-07-31T12:58:01Z,2026-08-10T07:17:53Z,google_news_rss,"""Cytiva"" (""press release"" OR ""investor relations"" OR earnings OR announcement OR investment OR expansion OR acquisition OR partnership OR Korea) when:30d"
6,Moderna,Moderna Says Norovirus Vaccine Didn’t Meet Statistical Criteria for Early Success in Trial - WSJ,https://news.google.com/rss/articles/CBMiugFBVV95cUxOUGRzMENLMHh5X255MUNMMEVaUG1FbnFJUy1rb1Rpd3NWcG12QXhYZmNmeTVGM3k5YS0xVWQzZ2N4dXFKYzF4bGxuZm4tclR1MlZJLTMtSXBfX045WUhSVXZKSE9pdG9uWnBfMFlvdHBoaWU4TGdpS2FaV0tiUlFBWDhFbS1sN0NmNk9UZ1FOVDhSV2gyX210R2swOHhUWlZyQzRlVnhrdFpYUmJFZFdDV0k4X3c2ZmZsZEE?oc=5,Google News: WSJ,2026-07-31T07:00:00Z,2026-08-10T07:17:53Z,google_news_rss,"(""Moderna"" OR ""Moderna Inc"") (""press release"" OR ""investor relations"" OR earnings OR announcement OR investment OR expansion OR acquisition OR partnership OR Korea) when:30d"
6,Moderna,Moderna Q2 Earnings Call Highlights Cost Cuts and Pipeline Milestones - Yahoo Finance,https://news.google.com/rss/articles/CBMinAFBVV95cUxORUFlNnRwVGFYbXVkU05UZFBMSXQwRWVDRm5mSEJFY2hHLWxtZ05PcXlLblhiTEg2clQ4RWhNd0NnRVlST2Q5UUpOT3Z5VHVJeElJNDVNc2pVdnI3dUhfWHFrRGV6SmJJaDBjMElKRExvRFBvMmcyajY1RXZLTHdDYUNBOGNKSXNDMzhMWHBJbkQzcTVFcnYyUUNqWEw?oc=5,Google News: Yahoo Finance,2026-08-07T14:45:00Z,2026-08-10T07:17:53Z,google_news_rss,"(""Moderna"" OR ""Moderna Inc"") (""press release"" OR ""investor relations"" OR earnings OR announcement OR investment OR expansion OR acquisition OR partnership OR Korea) when:30d"
6,Moderna,Moderna Stock Has Doubled This Year. Can Earnings Keep the Rally Alive? - Barron's,https://news.google.com/rss/articles/CBMiekFVX3lxTE1UQ296emNQZE5ZTjdpdU5fWTR3bUktQnI1ZHF4aTBCbHBSaTFNelM5YTNIUUo4a19kM25rUmVUQ3JaU2dQdW1CWWphT1d1c2RoVmhtMnZxejJ3Z1NsRGtTcVNBaUhvbVc4a0p3LS11M2U1RDhIUnNZQlBR?oc=5,Google News: Barron's,2026-07-31T07:00:00Z,2026-08-10T07:17:53Z,google_news_rss,"(""Moderna"" OR ""Moderna Inc"") (""press release"" OR ""investor relations"" OR earnings OR announcement OR investment OR expansion OR acquisition OR partnership OR Korea) when:30d"
7,West Pharmaceutical,West Pharmaceutical Services (WST) Q2 Earnings and Revenues Top Estimates - Yahoo Finance,https://news.google.com/rss/articles/CBMiogFBVV95cUxQa3R6Y0VFRUQ4ek0tUTZzemVpLUhGcGxXOFBHTXQxbG5wWlRJbWlXcHh6WVlUUDFDYTdLZThUTU1ydU1BcG9tQzVBcjBEVW13aDk4Yl9Ja1JjZ2huTmo4eUFQN3pfeXVYbkZoY19KMTNBQmxkbFZHMVl5WE44cDFCTjBlY0p2RUZxcEQyXzNibWpmeXlkQmpZS0JTZ29iNEJiQ3c?oc=5,Google News: Yahoo Finance,2026-07-23T07:00:00Z,2026-08-10T07:17:53Z,google_news_rss,"(""West Pharmaceutical"" OR ""West Pharmaceutical Services"") (""press release"" OR ""investor relations"" OR earnings OR announcement OR investment OR expansion OR acquisition OR partnership OR Korea) when:30d"
7,West Pharmaceutical,The 5 Most Interesting Analyst Questions From West Pharmaceutical Services’s Q2 Earnings Call - StockStory,https://news.google.com/rss/articles/CBMi6wFBVV95cUxQdTRTVl96dUh4QzZWZ3NxcU4waWUwdkVjUVRGanN6TC1yNTlBQ3JqRjlVSktkc0N3Y1VLQndmODhFalFOUGYxZVBtNjNpTE14MV9WdVJ4b3V1cXYzcTRGYnBySEZVaUx5VVFnaWd0QzhEQmJ0NmxRUFoyZWp5Smg0b19VWEEtSDRlcEpDS0NqVTF6UzE0RzhRS2s1TmlnamRxeUVtdFJURVZCZzlrMnFFYmtaNU0wekVpZ1E2dkJkUEJlY2dURjBEQ2luc0JmTkNQczhtdHd2Rk1Xb0x2eUhtZEhia1FHTGx6enBr?oc=5,Google News: StockStory,2026-07-29T07:00:00Z,2026-08-10T07:17:53Z,google_news_rss,"(""West Pharmaceutical"" OR ""West Pharmaceutical Services"") (""press release"" OR ""investor relations"" OR earnings OR announcement OR investment OR expansion OR acquisition OR partnership OR Korea) when:30d"
7,West Pharmaceutical,Investors brace for West Pharmaceutical earnings after Q1 beat By Investing.com - Investing.com,https://news.google.com/rss/articles/CBMitgFBVV95cUxQQWlyNlBIclR3b2kyeG9DM09KV0RGRW90UlpDa0NPQ0RnWkpsdVJwZ2hBWk42OS1PRktYOW1URHp4ajdaSEMxSzhZY0RUa3RVTjlaVWE1bWRtV1QwNTFOVWtkVlhFMVl4amZuNENJUV9hOXl2MlJOMEpCRzBrZTJSaGZhUlRIeERNTGFTd0tINm1oTmdFV3Y4cy1mYlRnRzRHUUFSbDZHYm1BcVRzRUNmRWtrQzJBUQ?oc=5,Google News: Investing.com,2026-07-22T07:00:00Z,2026-08-10T07:17:53Z,google_news_rss,"(""West Pharmaceutical"" OR ""West Pharmaceutical Services"") (""press release"" OR ""investor relations"" OR earnings OR announcement OR investment OR expansion OR acquisition OR partnership OR Korea) when:30d"
8,Dupont,DuPont Schedules Second Quarter 2026 Earnings Conference Call - Yahoo Finance,https://news.google.com/rss/articles/CBMiowFBVV95cUxPOUlBc2JIZUFDS1daZU5PUU8tR2NBVDN2NXNFazdsQjBYYU13UlpKU1NrNVB2V0RaaVhFZTIzTGo1YUpzR2p1b3haYzZJUEt4MXBEWThjU3FnNXpZRXlRekRfWUlxa2wxbEpIUTktT29NbFBJbHZtbU1HSTBjQUdFX2kyZWt3amh2eXFLWUJWdDZtUllpc05ic0g5cEdBUmwzSnZj?oc=5,Google News: Yahoo Finance,2026-07-14T07:00:00Z,2026-08-10T07:17:53Z,google_news_rss,"""DuPont"" (""press release"" OR ""investor relations"" OR earnings OR announcement OR investment OR expansion OR acquisition OR partnership OR Korea) when:30d"
8,Dupont,"Dupont Hospital to see birthplace expansion, growing population trend - WANE 15",https://news.google.com/rss/articles/CBMipAFBVV95cUxQdHo4ZFl1SGdHZ3NRNU9TT0VDdG5nQzhEemd2d1pHejhDTE9YaWMyVkF6ZDZ5MG9OOFhtZnUxelM4ZEtubHNwcmUyM1ZGSzcyTnNmU3Q5d0xuM2tFZFRxLWtUSG1yMU9xSFU3NV9vRVVpSk1rdmV6Q2QxZFM1ZE5uOVdHZWlWWHE1SlNSZTg1bENVM2M1d3hZR09nczNoVXFqRFg4QtIBqgFBVV95cUxPOFdrYV9FWHVuRVFYbUF1U0QyRE1teDQ3QmpxcXFFeGlUOGl5Y3BfNmVGbzcwczNLMmx3dEtOc1hXSWlDR3VhcGtfRzRQWmVZeWlXbGhDOXlJQUlObXVIOUFEXzZqSXVUdXhITVBHWjFmTEp4M2VqM2pHWW1YRlpXcFRMN0xoSUN6VFNtbUhoMmc3R1NOZDdNMGVlMnp4Tm5BOTMzWDJEeTEwdw?oc=5,Google News: WANE 15,2026-07-29T07:00:00Z,2026-08-10T07:17:53Z,google_news_rss,"""DuPont"" (""press release"" OR ""investor relations"" OR earnings OR announcement OR investment OR expansion OR acquisition OR partnership OR Korea) when:30d"
8,Dupont,DuPont Reports Higher Profit as Sales Rise - WSJ,https://news.google.com/rss/articles/CBMikwFBVV95cUxOM2pJSUxQTWkwZFBZeHZkcjQ0SnZQQ1p3ck5rM0V0Vi1VZGRtMlZ6QzNJNHVNMVM3OTc1dGc1LXNyV3pza2RiOWQ0bTh6SklSWE5lUWhrTFppYTF3cnQ2U2Utc0RtbjBzeTd3cGxjcmtLMDE0T09xZlNJd1lWaHBlSjY4RkF4cUlBN1NyZTdVTmtQVE0?oc=5,Google News: WSJ,2026-08-04T10:25:00Z,2026-08-10T07:17:53Z,google_news_rss,"""DuPont"" (""press release"" OR ""investor relations"" OR earnings OR announcement OR investment OR expansion OR acquisition OR partnership OR Korea) when:30d"
9,Albemarle,"Albemarle Earnings Jump 3,300%. Commodity Prices Helped. - Barron's",https://news.google.com/rss/articles/CBMifEFVX3lxTFA4bExpYTdNVDFJZlFTV0N0NDFnNHRlWWJfTnVvaVVRWXJSQ016bU5KSzFBTGEwQW12X3pfZWdzNnlZZ3A4VktOYWxKLTcya3g0MWtod1hoSGhzeE5SY0hWN1FOazllR05HeWFxVlcyRXpjSFFWYTFCbV9vMWo?oc=5,Google News: Barron's,2026-08-06T14:24:00Z,2026-08-10T07:17:53Z,google_news_rss,"(""Albemarle"" OR ""Albemarle Corporation"") (""press release"" OR ""investor relations"" OR earnings OR announcement OR investment OR expansion OR acquisition OR partnership OR Korea) when:30d"
9,Albemarle,Albemarle Earnings: Shares Rally on Lithium Price Outlook - Morningstar,https://news.google.com/rss/articles/CBMikgFBVV95cUxQSG9ndHlpcXJZSzVocUlmWGJMTnpXYm5uMHhSMzQ0ZEhuQ1Z6b21LdEgzQndFdlVWS29XTWlvMGJydDZZakhRUUFTUkF5aHVna25EQ1plazY4Mm5wM1VzNTlHaHdmVXRIMTRjYmNoOVVWTThXbUVMeThra3ZuMWFWWkt3Q2dwTnBZYXhiTEVpYkdQQQ?oc=5,Google News: Morningstar,2026-08-06T21:34:36Z,2026-08-10T07:17:53Z,google_news_rss,"(""Albemarle"" OR ""Albemarle Corporation"") (""press release"" OR ""investor relations"" OR earnings OR announcement OR investment OR expansion OR acquisition OR partnership OR Korea) when:30d"
9,Albemarle,Do Rising Earnings Estimates Reframe Albemarle’s (ALB) Lithium Strategy as Discipline or Cyclicality? - Yahoo Finance,https://news.google.com/rss/articles/CBMirAFBVV95cUxQdzNQdUg3aUpKVTJtTUdZQkRTR2l5bjhsc0lTS3VDNHo2Q3A1Z25WZ2xSSVRSWEtXdzRPYk9nN2NUV2NQUHFqUThINHBkQkg0NV9rcHR3N2ZOUmRjS1Qyd3RsdHRkOUJtMkZCTTM1OXRwc0ZFekhyN1NVaDFKdF80THVpUFkyN0d2bmExVTUwLTlLUjJnYW5aNnhmYXFxZjJuNHR5dFRzMFNPU3Vu?oc=5,Google News: Yahoo Finance,2026-07-17T07:00:00Z,2026-08-10T07:17:53Z,google_news_rss,"(""Albemarle"" OR ""Albemarle Corporation"") (""press release"" OR ""investor relations"" OR earnings OR announcement OR investment OR expansion OR acquisition OR partnership OR Korea) when:30d"
11,Air Products,Air Products to Expand Integrated Gas Supply Network for Semiconductor Manufacturer in Taiwan - Air Products,https://news.google.com/rss/articles/CBMi2wFBVV95cUxNZHJWRzMzU0JiMS1hV3Fsa2VPZXIxcFhvTFR3SU1MTWNZbWpXeUxUS2xJNV9jbktpYW1Nc2tmY251aTdieGlZUUhiYjh5ME9CZG5pTWh6ZWNxY1NzNlJDdlgtbk9WWUhZcG5RSVh3YkRlWUpFYWNKNHVNOEpyZlkwSmN3LS0zV1JfcDBOaFRzQzZBc2Fkem83NkM2TERuZDhzNUdHenNTVElBa0tEZUNsd0dGVmtVYWpoMHk5YjI5M3lYaTRHcnhPM2lXTExWUEE2NmNhWE02ck5aNFk?oc=5,Google News: Air Products,2026-07-21T07:00:00Z,2026-08-10T07:17:53Z,google_news_rss,"(""Air Products"" OR ""Air Products and Chemicals"") (""press release"" OR ""investor relations"" OR earnings OR announcement OR investment OR expansion OR acquisition OR partnership OR Korea) when:30d"
11,Air Products,"Air Products to Broadcast Fiscal 2026 Third Quarter Earnings Teleconference on July 30, 2026 - Yahoo Finance",https://news.google.com/rss/articles/CBMioAFBVV95cUxNaHJ2ckhBdVFlQ1VNcmlqYUQzTlkxQk9FVWZlaGptZHdnNmJSdmsyR3Ywdi1FRnczSjZRYmpxdi1BWE5fM3ZwczRXMy0wRlByR2I4TFc2NjFobGVtby12UWk4VFV3OTAyb0U3c0pNZGlURzU2aUV5TG4zeDBzUl9aRTdlTVRaV3VDQ084ZVVqTGpETG84UFhGVGVCdkI5Znpr?oc=5,Google News: Yahoo Finance,2026-07-15T07:00:00Z,2026-08-10T07:17:53Z,google_news_rss,"(""Air Products"" OR ""Air Products and Chemicals"") (""press release"" OR ""investor relations"" OR earnings OR announcement OR investment OR expansion OR acquisition OR partnership OR Korea) when:30d"
11,Air Products,Air Products to build four ASUs in Taiwan tied to semiconductor expansion - gasworld,https://news.google.com/rss/articles/CBMivgFBVV95cUxNY3g4MnNoU0J6WXdIbjY5WW4xTERtVW9sZHdtdHNPV0xoNWdHSnBBUDY1NEhoUEU1aTJXekRjdlh4eEFsV3ZFbm9MaTVORnEwampVWWNqbnZJVENyTTVGUlFER3NLOTJHT05iY1VPcHd3SUEzeTdOMUV2b2dRd2Q4NTM0WC1yWVB6WDV5ck9DcElGNWV4QzVOdGx4b1FieUNlb0NFdXVjNjdEaXdKTC1jWHp1ZlFidGxNc214X1JB?oc=5,Google News: gasworld,2026-07-21T07:00:00Z,2026-08-10T07:17:53Z,google_news_rss,"(""Air Products"" OR ""Air Products and Chemicals"") (""press release"" OR ""investor relations"" OR earnings OR announcement OR investment OR expansion OR acquisition OR partnership OR Korea) when:30d"
12,Chemours,Chemours Announces Dates for Second Quarter 2026 Earnings Release and Webcast Conference Call - Yahoo Finance,https://news.google.com/rss/articles/CBMipwFBVV95cUxQdVRvVzVHLWdsQUswZ0l2QS1MSTFFSHowOE84ZFk1M01pNjNUT08zdkFzUnJHRGttQ085cFhlaV9uM29CNjdaTXdRTzRUb084M0RHU3VvZ2VXR2Jkc2lobnAxVnlnel9OSlBxWVdRaWp0YlpDRW91QjM4WTV6UmNyNHM0QWQ2MFpiT3ZUeEIwM2RFRTB5cjVjMFZzSG9Rb1U2U19wSlhhQQ?oc=5,Google News: Yahoo Finance,2026-07-23T07:00:00Z,2026-08-10T07:17:53Z,google_news_rss,"(""Chemours"" OR ""The Chemours Company"") (""press release"" OR ""investor relations"" OR earnings OR announcement OR investment OR expansion OR acquisition OR partnership OR Korea) when:30d"
12,Chemours,Chemours Q2 Earnings Call Highlights - MarketBeat,https://news.google.com/rss/articles/CBMilAFBVV95cUxPTDVwZ2R2R1RWdEV2QTBQZ0ktY3RMMmtYVlQxQmJVVEUzQlM3YnhkWVlZcTFEQ2ZEUUhRZWhqbUtybVVsRFpneEZWQm1HS19pd2w2bGxuR1hpc3ZtNC11T0NCYVQ2MTMyYzhVekw3UGVZMlFyNWtJcmQ2QzhSMzhvY2xQeWdZaXA1M0V6R1JlcW5vVlVQ?oc=5,Google News: MarketBeat,2026-08-05T21:39:26Z,2026-08-10T07:17:53Z,google_news_rss,"(""Chemours"" OR ""The Chemours Company"") (""press release"" OR ""investor relations"" OR earnings OR announcement OR investment OR expansion OR acquisition OR partnership OR Korea) when:30d"
12,Chemours,Chemours earnings on deck as company faces PFAS settlement costs By Investing.com - Investing.com Nigeria,https://news.google.com/rss/articles/CBMitwFBVV95cUxNWHpIVFViRkFHQW44WE8yQWJ1eV8wT1kxMl9LWGJOWllxZGU5dUF5N1pWWVJNM1VQTkluQkFHR3I1c1U0NV84LTFoU3I1a3czMlk2YTkyeE1tbWJtLVZEQkRXN0pfWGxrZUpLWDNsTVhGZ3hJMTg5UEtGS0N6dWNVNHhRelBHLWlqVnZvZnc4ZHV1NFRVYklvSHp5cVdZZV9PNjNzTHdTX3ZpdlZSS25XQ0xfcEJid2s?oc=5,Google News: Investing.com Nigeria,2026-08-04T17:35:57Z,2026-08-10T07:17:53Z,google_news_rss,"(""Chemours"" OR ""The Chemours Company"") (""press release"" OR ""investor relations"" OR earnings OR announcement OR investment OR expansion OR acquisition OR partnership OR Korea) when:30d"
13,BorgWarner,BorgWarner Secures Major Extension of Multiple High-Volume Inverter Programs with Major European OEM - BorgWarner,https://news.google.com/rss/articles/CBMi9AFBVV95cUxQME44b0xsaDlrVGV5QlhFSld4cmNVMEl3RXRoUi02MENabDJMWlpIbHlKMXVpQm5UX29hSVE1U0hFeE9tZ0l2Q1I5dW11cU82WE40YVgxSVo1Rm5CRVM0UFBtZlBVUHAwQVNEbHZzMzRSNVNEblBZN0xwWWhOaWpzRXZoT3kyeVowN2hqMU5XSWVZUE0zVW5ZYy1XWXNMVGxaem1wN2ZkbDMxMmRmX296OWE5anlKR3RRSzJPNGNoWUVOcXpYQ0dWV01nS1lEdUtScGNhYUdoS0dHeERjMVpwbWVnN3c0R040d3gzRTRvN3I5Zjh4?oc=5,Google News: BorgWarner,2026-08-03T12:02:17Z,2026-08-10T07:17:53Z,google_news_rss,"(""BorgWarner"" OR ""BorgWarner Inc"") (""press release"" OR ""investor relations"" OR earnings OR announcement OR investment OR expansion OR acquisition OR partnership OR Korea) when:30d"
13,BorgWarner,BorgWarner Gears Up to Report Q2 Earnings: What's in the Cards? - Yahoo Finance,https://news.google.com/rss/articles/CBMiogFBVV95cUxPZUVPb1JzZjBHd3dKZFg0YWZLMllrZXFlQkZfdWtjRU5mT3M4c1NNSVdaUmtiRTh1LW9lWlZTcVNvbE5yYVhjUm9WMXpzX2w3YVhLYmhiLU5zTjdDbGh2ejQxTDZEbktNamdxRGk1ekdXMnZHbWN3QU9pRzNUZWFnNzRyVkpScVBUVVd0NkhOdFRIaXFCTm1uWXVHTVlKNUd6MlE?oc=5,Google News: Yahoo Finance,2026-08-03T15:27:00Z,2026-08-10T07:17:53Z,google_news_rss,"(""BorgWarner"" OR ""BorgWarner Inc"") (""press release"" OR ""investor relations"" OR earnings OR announcement OR investment OR expansion OR acquisition OR partnership OR Korea) when:30d"
13,BorgWarner,"BorgWarner earnings beat by $0.15, revenue topped estimates - Investing.com",https://news.google.com/rss/articles/CBMipwFBVV95cUxQN0NFdEcwUExWcGt6dWZQRTZ2azlOb09YZU9rNlN0MDZmQlgwekVrRzluOHJlekktczdncXVvX0ZNak5UMFQ4RkRyc0VZb01OMHhiLXB0aDBmM1NncVV3MmxET3ZuU1czcng3Mjl0QS1jSTlsREFFZWxQd1NkQk9aSGZfRk1UM3JTNFVucjRnNFVXNEs5U20zZ3Q5WktFQTNTaDV0bVh3VQ?oc=5,Google News: Investing.com,2026-08-05T10:41:28Z,2026-08-10T07:17:53Z,google_news_rss,"(""BorgWarner"" OR ""BorgWarner Inc"") (""press release"" OR ""investor relations"" OR earnings OR announcement OR investment OR expansion OR acquisition OR partnership OR Korea) when:30d"
14,DOW,Forging the Arsenal of Freedom: Department of War Suspends CMMC Phase II Requirements - U.S. Department of War (.gov),https://news.google.com/rss/articles/CBMi1AFBVV95cUxNZjZhZnJrbHlzeU4zSk91aXZ2cW44bzJ5eHN3U0J2T3JkbzRVYWQ2ajlrNDJpQVg0ZDJfRklfODU3d0xsY1VBbWoxZzlBSmY5MmpRZVNuenpQS1lwTWhwS3lWNi1nalBKMWlVQlhyS25kbTY4emNUMEtUY1gzZjNGRm40cnpIcTYzQmQzNUVab0ZyNjAwMUdrLUpxMzlVaWduTDJmT1piM0NVa2Fscnk5R3NEZGt4bV9pSElsY3ItQnJGaFktRUt2bE95TDlEdWU2bnd6Yg?oc=5,Google News: U.S. Department of War (.gov),2026-07-13T07:00:00Z,2026-08-10T07:17:53Z,google_news_rss,"(""DOW"" OR ""Dow Inc"") (""press release"" OR ""investor relations"" OR earnings OR announcement OR investment OR expansion OR acquisition OR partnership OR Korea) when:30d"
14,DOW,Dow Swings to a Profit on Higher Prices as Sales Grow - WSJ,https://news.google.com/rss/articles/CBMikwFBVV95cUxNbnNCTi1LbGtrVnZvSFdFcHVLNG1mSGpvb3dtRWx0YW5DMUlNMzMwZWE4MkhtdnZJanhDQ1hTUWpGRjBCcmRIbWpsN0I0WGM1d2xhaEhJdElvT3JmbXRNaV9LUzdlSnFvY0R4MFBVQnBjTGVHZF9yc1FySlFrOXhmQmhCb21palVvUjY2NWFWWS0wTFU?oc=5,Google News: WSJ,2026-07-23T07:00:00Z,2026-08-10T07:17:53Z,google_news_rss,"(""DOW"" OR ""Dow Inc"") (""press release"" OR ""investor relations"" OR earnings OR announcement OR investment OR expansion OR acquisition OR partnership OR Korea) when:30d"
14,DOW,Dow Q2 Earnings Call Focuses on Cost Actions and Portfolio Shift - Yahoo Finance,https://news.google.com/rss/articles/CBMimAFBVV95cUxNZnFydHE3dWNyMVBRX0JCbmJ3Q3hEeXVYMXZReWpMR0lTcy1NX2hRcmE3ZXZvY3hHZTFhZjUyTnp5MDZJWmc1VG9vU2tIS0tEYjBVaUdUUnVsczhlTElkM3J3dkNOMXJkTUQ1cWVob0I1emt5RUhDOVBGUnNSS09wQjNieFZOUGp4Q2lPdGtVZzR2NHlBbzdkNw?oc=5,Google News: Yahoo Finance,2026-07-24T07:00:00Z,2026-08-10T07:17:53Z,google_news_rss,"(""DOW"" OR ""Dow Inc"") (""press release"" OR ""investor relations"" OR earnings OR announcement OR investment OR expansion OR acquisition OR partnership OR Korea) when:30d"
15,Thermo Fisher,Thermo Fisher Scientific (TMO) Surpasses Q2 Earnings and Revenue Estimates - Yahoo Finance,https://news.google.com/rss/articles/CBMipgFBVV95cUxQazhTeHpRZXdHYlh2YUdWekFJSUY4MFQwRDVUcmxEeFRidGJwcjZxV0VtbFQ3VnhvdVM2ZXZjOGlKYkZRcV8xNGU1QnotMUE0X1EyNW5kNE9RUDBTQmcxalFabGVpTWI4bVBNM3FWWlBxQ2UyalJDbHZlQUN1RDZfRG1WZjhOaUNZT3RCNDhmR3FxRkRIQ18yUlBBbVVaN3hXUUp0ZG5B?oc=5,Google News: Yahoo Finance,2026-07-23T07:00:00Z,2026-08-10T07:17:53Z,google_news_rss,"(""Thermo Fisher"" OR ""Thermo Fisher Scientific"") (""press release"" OR ""investor relations"" OR earnings OR announcement OR investment OR expansion OR acquisition OR partnership OR Korea) when:30d"
15,Thermo Fisher,"Thermo Fisher Scientific’s Paul Jorjorian Discusses Genetic Medicine Diversification, Partnership Trust, and Raw Material Risk in Biopharma Development - BioPharm International",https://news.google.com/rss/articles/CBMiyAFBVV95cUxOMnkyMlhyVHZUWmUtMlZiWEI3aTBMcmJuVFI0VFFxbk4wOGtZZjMtOVJQQWs4Sl9Lamx3UWE5ank4WkFXcVRQTTdNMV80RmhOUGlGZGpmb19zNFJoeGdOWEpyV2cyUzNxajlMTm5nYmppbC1FS2FUWmQxdTIxbVAxZmJMLWE2NGlURWlyQzY5dkFoNk9USFFndlFPWHlBZFZsQlJwcVNlYk5Yd3lvU0dqTkxSb1Y3QXVzQi1HZEZuUV9YZjhxRGNwdw?oc=5,Google News: BioPharm International,2026-07-16T07:00:00Z,2026-08-10T07:17:53Z,google_news_rss,"(""Thermo Fisher"" OR ""Thermo Fisher Scientific"") (""press release"" OR ""investor relations"" OR earnings OR announcement OR investment OR expansion OR acquisition OR partnership OR Korea) when:30d"
15,Thermo Fisher,The Top 5 Analyst Questions From Thermo Fisher’s Q2 Earnings Call - StockStory,https://news.google.com/rss/articles/CBMiwwFBVV95cUxOOTNhNDZzNTlWWW9KaVY2RVNSOEc1U194RkdyVDNVN29MSTdFNFpUXzJUQjRVLXZSTC1NeFAzNG43VFB4WlZWRjBqUnFMcWlfMXVDVU5ldlhmOENtNTIwSEEwcUZ5TnBvOXJKRG1MTmJWemZzaFBtUFdBNFdRVEctT3htM3ZtdTlFU1FRX2ctUDEzbFBySmtkUHZ0c0FDemN5RGdPTldYdmZfQ3EzLTBwS0lJcnhNV2dmbm9aNGJfZGdsbFU?oc=5,Google News: StockStory,2026-07-29T07:00:00Z,2026-08-10T07:17:53Z,google_news_rss,"(""Thermo Fisher"" OR ""Thermo Fisher Scientific"") (""press release"" OR ""investor relations"" OR earnings OR announcement OR investment OR expansion OR acquisition OR partnership OR Korea) when:30d"
16,Amkor Technology,Amkor Technology Reports Financial Results for the Second Quarter 2026 - Business Wire,https://news.google.com/rss/articles/CBMixgFBVV95cUxPQlhhQjVIUEZEOF9oVFp6bXRtS0t4WlliX1ZRVkNmNEdET0lpNmZ2RzQwbDlLNklSSjM3SjlnelNBZzZ5Y0oyMjhJZExRQXZPRmZRNzJvaHgtNzZhalBLSnJkcGlGaFR5bTU2UVktWXFJUXRWVnVoTGdVWkdwTUJ0aU5nUXhkV3N4MVFfVHBZbzBKUEhLZXJrUDM4TVI4MWxlWUJTWWU4SEloOWRzTVhtS3M2a0g0dXBHU3RaeFF3VlI4ZHhIQkE?oc=5,Google News: Business Wire,2026-07-27T07:00:00Z,2026-08-10T07:17:53Z,google_news_rss,"""Amkor Technology"" (""press release"" OR ""investor relations"" OR earnings OR announcement OR investment OR expansion OR acquisition OR partnership OR Korea) when:30d"
16,Amkor Technology,"Amkor Technology, Inc. Q2 2026 Earnings Call Summary - Yahoo Finance",https://news.google.com/rss/articles/CBMimAFBVV95cUxQZnI4RHlzdHZ6UEl5SWR4RDlfUXdiRmNmeGdScTFrUVNnMWE3X05vc3dUbzVBejd3WjdlazZfV0Y4dGh3Yk1jQlpCZXNERVBXVlU1ZVN1M2paZW5LVFJOckp2SFpMakotd21tNFFNLU43MVpiZ2VReGR6Nmx2akUxWjN4MkJ6VWEyNFdxaklaVWo5Zl93M3p1Vw?oc=5,Google News: Yahoo Finance,2026-07-28T07:00:00Z,2026-08-10T07:17:53Z,google_news_rss,"""Amkor Technology"" (""press release"" OR ""investor relations"" OR earnings OR announcement OR investment OR expansion OR acquisition OR partnership OR Korea) when:30d"
16,Amkor Technology,Amkor Technology (AMKR) Stock Still Looks Cheap Following Fresh AI Expansion News - simplywall.st,https://news.google.com/rss/articles/CBMi2AFBVV95cUxOekRRQ2otR3NRcGpwWkh4SlpjZ0FGQ2hvbDJNZXJ1UWZaQmpDd2FJQXh5WDBheUpfY2tFOFREb09wV1NEV0lzRVVmRVlVWnpvQ2MxNHFPbFBZSnRJYl9xNXVKLUlhVC10aUx1OUFRdkZ5LXRSVFN0SHVucWEtX01WQTF2Tk94ZWV1M2YzTDRaOG94RFp2UnhtYmMtMnZhNFpkN09GekFlNzZadDNsTUlvZ19QVWprNnZETHZnbUlKQWZzdmExQXBfVWdWMWlXRGh6RVRFazZIcXDSAd4BQVVfeXFMTmFQTTlIUDFsQkY5WE52OUYyQ0VZa2xBRFY4Vkg4WFBLcWtFbXEzeE5OZjRYR1pmZVJqcTlBNFV4Sjk3RlB2UjRFYTNJR2RqdlVfQ085cDBfVF9JUGhBM092WVJrY05zVl8tWVNWTVk0MDVmSmpWYjZsY05Ec21xQzJ4SXBTWlJ6Y3hNbjdpUzhmT3hHMzlKdU0temE4aEFnQTBjMU1sMXVfSGlRQ2MtczNXTmZOS1BLOUExXzJHSDVVYUxsX3lTbGRFSHJndEI3WDBkbzk3RHNmWnZwRGxn?oc=5,Google News: simplywall.st,2026-07-30T07:00:00Z,2026-08-10T07:17:53Z,google_news_rss,"""Amkor Technology"" (""press release"" OR ""investor relations"" OR earnings OR announcement OR investment OR expansion OR acquisition OR partnership OR Korea) when:30d"
17,Onsemi,onsemi (ON) Earnings Date and Reports 2026 $ON - MarketBeat,https://news.google.com/rss/articles/CBMiY0FVX3lxTE9JS2c4aDVTaWF2bGE4ZEJmdExzRzZEbkdaUWV1c1dacjZzRTgwekFJM3pNS2c2Ry1RdzN3blgxQnYyS1Ftd1h0ZUhaUkQ3Snk2S2lZVTc2a1JOSUE4Mmg1bmpTMA?oc=5,Google News: MarketBeat,2026-08-03T07:00:00Z,2026-08-10T07:17:53Z,google_news_rss,"""onsemi"" (""press release"" OR ""investor relations"" OR earnings OR announcement OR investment OR expansion OR acquisition OR partnership OR Korea) when:30d"
17,Onsemi,"Should You Buy, Sell or Hold onsemi Stock Before Q2 Earnings? - Yahoo Finance",https://news.google.com/rss/articles/CBMilgFBVV95cUxQMlp0VGdwWnp2Vk1sMHBfZk43dU1IT2F0YVdvUDNUczJ5bWg1bnctU1k1THVIUEFwWWRpUGZwbnlfZXRUekRPSzJzS3dlUkxqd0VtWEFvZ2RESHhlbng3a2V1NjdWV0tkY0NCWnJ3TUNjRnNTTjh5RzZ6ak1BWm5ueVNwSllTdjBvcEduOXMzYzFzRE16emc?oc=5,Google News: Yahoo Finance,2026-07-30T07:00:00Z,2026-08-10T07:17:53Z,google_news_rss,"""onsemi"" (""press release"" OR ""investor relations"" OR earnings OR announcement OR investment OR expansion OR acquisition OR partnership OR Korea) when:30d"
17,Onsemi,"Earnings call transcript: ON Semiconductor beats Q2 2026 estimates, shares jump after hours - Investing.com",https://news.google.com/rss/articles/CBMi3gFBVV95cUxPRGloTG1tODFCcDlZY20zWnN6dE9jdUpKOTZ3R3BOQUJNWndHcVlrZzlQbDFENkpvTGRFNDZjY0hoUEljM3ZXdnRvSTBmYmFhQVFGU2xFZG9CVmdSLWpZUjNTVnBtVzRSMExyV3g2aE92TWszMFF1MFRaWE1xWTRwdUZybjV5M2xsMUJCelpQcXgxZC1GQ1RBSmZadWVxS2lUTnpSOTdSOFFZZjFuc0IxRE5NRGR4a2RXTURWRkxPOVhERGJRcTZLb2c2eVY4cmllSUZsMUI1QmRLMUpUUFE?oc=5,Google News: Investing.com,2026-08-03T22:31:45Z,2026-08-10T07:17:53Z,google_news_rss,"""onsemi"" (""press release"" OR ""investor relations"" OR earnings OR announcement OR investment OR expansion OR acquisition OR partnership OR Korea) when:30d"
18,Qualcomm,"Qualcomm and Samsung Expand Collaboration with Snapdragon Powering the New Galaxy Lineup Across Smartphones, Watches, and Intelligent Eyewear - qualcomm.com",https://news.google.com/rss/articles/CBMisAFBVV95cUxQOWxaZXNkcUJabWtOU0xLenZIdW9aVW9sTGNzczEyS1BnZFlaNXg1Mkt0UXloUEg3ME9JUldSRWdodTVmcGVtdG94b0ktMmoybGRrQkdNWnJXTWhmQWx4dUZwQ25rVUJPeG9mWG81SWdMTUxjQkh4dVFVOFpfc3pHdUJrS2dYWk42cEVKdktzeW9lUXJkVVJNcFp1d0ZfY1VSVEJHck52cVVzemcwR01CcQ?oc=5,Google News: qualcomm.com,2026-07-22T07:00:00Z,2026-08-10T07:17:53Z,google_news_rss,"(""Qualcomm"" OR ""Qualcomm Incorporated"") (""press release"" OR ""investor relations"" OR earnings OR announcement OR investment OR expansion OR acquisition OR partnership OR Korea) when:30d"
18,Qualcomm,Qualcomm to raise prices during memory crunch as chipmaker issues light earnings guidance - CNBC,https://news.google.com/rss/articles/CBMigAFBVV95cUxQdFJGSE9razJkU3ZYQXRtUlduTEUtVTdGTGJZRHZNLUZsczdCZDFsWUtQLTU3ZFFqdTdiSEhtY2V1U0xiYU10Qkw0OGxabjRBcnFvZ1BHMFJvY3phQWs4dzJSZVlpQjFSeUNHSHJnNnpma19RYVdmUktDS0JlX1N6Y9IBhgFBVV95cUxQUVAzWF9zVTMxbVRZVnNjT1hWS0JKWTAxakFnVDBubXFzejFWeWZHSjBzUjgxYXRwd3hzRWI5b1J3cnVDdDhHM2E1UVd6bnJWaF9EdVZ0WTBSbjNoSDJURXZjek4zLXVWbHBhT1R5bndZSS1MY2hmSURHMWtzTHY4V0JrcXduQQ?oc=5,Google News: CNBC,2026-07-29T07:00:00Z,2026-08-10T07:17:53Z,google_news_rss,"(""Qualcomm"" OR ""Qualcomm Incorporated"") (""press release"" OR ""investor relations"" OR earnings OR announcement OR investment OR expansion OR acquisition OR partnership OR Korea) when:30d"
18,Qualcomm,Qualcomm Stock: Why the Chip Maker Is Falling After Earnings - Barron's,https://news.google.com/rss/articles/CBMie0FVX3lxTFBUU3pfbzd5NTRxRW5oQ3R5cXFvVU1Eb2dWSk9VWEo5V0tyMnNIVVJocGZ5RDZxZlNfczdPdW1PMzVfNkVBMkMzQ1Q0anRNNFEzNVZuT3UtTllYVXJfSjRFZmdXY3FOZDZZU2ZiT285TkVHOW1feXV4WGdlaw?oc=5,Google News: Barron's,2026-07-30T07:00:00Z,2026-08-10T07:17:53Z,google_news_rss,"(""Qualcomm"" OR ""Qualcomm Incorporated"") (""press release"" OR ""investor relations"" OR earnings OR announcement OR investment OR expansion OR acquisition OR partnership OR Korea) when:30d"
19,Skyworks,Skyworks to Report Q3 Earnings: What's in Store for the Stock? - Yahoo Finance,https://news.google.com/rss/articles/CBMinwFBVV95cUxNVDMzcGV1WDVyVHNnR2FGTFdqMWk2UEZ2bGtqZDdPbElhblJZeVVkR0ZtUHhjZjkyQVY2WVFRbjYzNFA4czUxRU1LelhvUDRCRGRlelZqTjlNUUk0SUZOX2FoX3NUMms1RWV6bjZvT2hJckdsY1N4STlKOVkzZ3ZqWVVvZXRNeWlnaS1qY04tY3F1SVMxaEZfSUk0LVJ2ckk?oc=5,Google News: Yahoo Finance,2026-07-24T07:00:00Z,2026-08-10T07:17:53Z,google_news_rss,"(""Skyworks"" OR ""Skyworks Solutions"") (""press release"" OR ""investor relations"" OR earnings OR announcement OR investment OR expansion OR acquisition OR partnership OR Korea) when:30d"
19,Skyworks,"Skyworks/Qorvo: SAMR, Harboring Concerns, Likely to Launch Phase 3 Review of Radio Frequency Chip Tie-up - The Capitol Forum",https://news.google.com/rss/articles/CBMiygFBVV95cUxOS3V1REZJc0tMMXNBVHBmOG9ZRWJDdmZlU0tQNUpvR0d0dmFicVZocDluWHVRdkRhY29PajdOTHRWMGZDZmx0d2dfNEYxVHV0SUt1N2pLckpERkptM0hlalpvdTJTQTlJbDR3WHJ1VDQ4bHFhajR1d0NwTndsU1pzZEtpaVRGQ1BiOWdYX0w1RjgxdThqYnUxQU1DbGZMNzN2TGNnU0Z4VzQ2WWhqSFNnZXZPLVFrX1hMdnpBWXBzOVA2X3dPb1NLOHln?oc=5,Google News: The Capitol Forum,2026-07-20T07:00:00Z,2026-08-10T07:17:53Z,google_news_rss,"(""Skyworks"" OR ""Skyworks Solutions"") (""press release"" OR ""investor relations"" OR earnings OR announcement OR investment OR expansion OR acquisition OR partnership OR Korea) when:30d"
19,Skyworks,Skyworks Solutions Q3 Earnings Call Highlights - MarketBeat,https://news.google.com/rss/articles/CBMiogFBVV95cUxPQVlPNEVWRVFORlVvVkNlU1hpeUpxRHlocklrTVF1RFdXbnRobkZuclJZNVA5WGpOamh1Tmlwb2tDdmVISDU5RGx6bHR5RktQLTJzblF1UmdCT1pFaUw3RUxOY0Mxd3hNZXcxQnByQVROVVY4eEVhWmNuVFFSZUFtODJjaFI4MGdpejhuVmk3elprbHNIQUlycEtoZ2E3RzZRWXc?oc=5,Google News: MarketBeat,2026-07-28T07:00:00Z,2026-08-10T07:17:53Z,google_news_rss,"(""Skyworks"" OR ""Skyworks Solutions"") (""press release"" OR ""investor relations"" OR earnings OR announcement OR investment OR expansion OR acquisition OR partnership OR Korea) when:30d"
20,Eli Lilly and Company,Eli Lilly to buy psychedelics maker AtaiBeckley for $2.8 billion as experimental treatments gain traction - CNBC,https://news.google.com/rss/articles/CBMiogFBVV95cUxPYmtnNzNheEZDZEFwLXY5UFBDc0FHeGc4OXZJUGgzeFNRVjE3RGtsOVhSMGFWRTRMNmpQdGRFZDNTWVhMcWR4MUNaOHB6X2g3LUloUE03NVZhZkxkeXFzeEV4ZnRYRWNaenBFZnAyT1BtNXNmU2NxS0VVcDU3SlZFLXFmYkRmOEZyRUdoQXltMkQyTmtLZ2tFejM1bHkxcDRmM1HSAacBQVVfeXFMUDYzb21fTEcxTXZjNWpnZ3IwT3VWclhOcXd3UkczSjdwTVozNDZ3RlpIZmxDVE5fYllfYURKT3dzLW1fWVNUdkc2M1dzUURiSHNKaEEzREljamltVDEwUVVNSG1WaUlnYVIxQzAybGF2LVJseE9nWnFYWkJnU0stZDM1Q3NiWXBhRTQtdWVLTElDaTNud09kQ2Nfa2wwaHF4UjE5SnkzNUk?oc=5,Google News: CNBC,2026-07-16T07:00:00Z,2026-08-10T07:17:53Z,google_news_rss,"(""Eli Lilly and Company"" OR ""Eli Lilly"") (""press release"" OR ""investor relations"" OR earnings OR announcement OR investment OR expansion OR acquisition OR partnership OR Korea) when:30d"
20,Eli Lilly and Company,"Lilly's triple agonist, retatrutide, successful in two additional Phase 3 obesity trials, delivering significant improvements in weight and A1C - Eli Lilly and Company",https://news.google.com/rss/articles/CBMivgFBVV95cUxPUllrSmxTN1JPMlRDcjh5Z1BldWM0Y1lqVFFPeklfcmpBUUlJaE5yRk91bjJpZG1hZW1KYUxzeUMyX0h6M1ZZU1RfSFYyekJtaWxNVk1iT3VYWnZVSlJUNXBvY1dKYVhFRVNlTmdlM0dxaFV1MWk4SS1wVXV6NVJCVklqSWdSVGowLU5MQXlGY3lYZXR0UmRGeXNKT2R2akJUSkhJUUFSLTEtbzVtWW5OX01BUmYxRjNLVmtDeHpB?oc=5,Google News: Eli Lilly and Company,2026-07-23T07:00:00Z,2026-08-10T07:17:53Z,google_news_rss,"(""Eli Lilly and Company"" OR ""Eli Lilly"") (""press release"" OR ""investor relations"" OR earnings OR announcement OR investment OR expansion OR acquisition OR partnership OR Korea) when:30d"
20,Eli Lilly and Company,Lilly to acquire AtaiBeckley to advance therapies for treatment-resistant depression and other mental health conditions - PR Newswire,https://news.google.com/rss/articles/CBMihgJBVV95cUxPaFBnWWZZNFc0NjRKbll6YjVJazJ4RWtueG9EVzlFc3pUdk5PTndXQmNlZTlvaWNJNmNQMXBYWkt4bzg2anRoX2J1YjRHSjVJaDFidkMwM2ZVaUZfQkFBcGtkUzVjcE9famx1ZHNGall6bnIwaG9qbnE1MC1ONU5CeTVuSzdfd19XbHd5alRhejlCOWp0NEpZakpsQkt2cEtYSzVNM2pzOG8zOEZoNmY5alhZZE04Rzh6ajU0Y1NZc285ZDlJVEVMRTNkUUN1dzIwbmctanlOY3REdV8tcXp1dUxtODEyTEs2am8zcW9uZzJHX01IUGhVRTBIcEtSVlh6ejNIRDhR?oc=5,Google News: PR Newswire,2026-07-16T07:00:00Z,2026-08-10T07:17:53Z,google_news_rss,"(""Eli Lilly and Company"" OR ""Eli Lilly"") (""press release"" OR ""investor relations"" OR earnings OR announcement OR investment OR expansion OR acquisition OR partnership OR Korea) when:30d"
21,GE Healthcare,"GE HealthCare, Catholic Health strike 10-year, $500M technology partnership - Fierce Healthcare",https://news.google.com/rss/articles/CBMiuAFBVV95cUxOT0dtQ3hfMjdGWFhselhGdUpQTHhYMnBJQk96VkZRS24yZ0U0MG5wcVA0ek9LbldSWGhBbkstcnpHd1lnb3lvT1ladWIyQmoyYkFmZzdNenJDcnZvSXNmWVI1ZE9yR2c0cE1jcFZaRUhYRnppWmw2Z1BmcHhabU5XV2RNcWlQMkpEWGNFNTNXaWFkQy1vZDl3TWFJc0hnMi1aQmpZYXlCQWZPWHNWbzFvOFdfQ0ZpM0tJ?oc=5,Google News: Fierce Healthcare,2026-07-16T07:00:00Z,2026-08-10T07:17:53Z,google_news_rss,"""GE HealthCare"" (""press release"" OR ""investor relations"" OR earnings OR announcement OR investment OR expansion OR acquisition OR partnership OR Korea) when:30d"
21,GE Healthcare,GE HealthCare Stock Soars After Earnings—and It’s Suddenly the Best Performing GE - Barron's,https://news.google.com/rss/articles/CBMimgFBVV95cUxQUnlUekwyVDViZjI2bW01cmh6QzNLbnJCM3lGNFNYdE55SG1XaEVVcF9tX3Z1T2JfcjRkZmV1RUVXVkNERERxY1FIT2x4Uk9YaVBNMkVUeDhvTGpYc1dTNVR2djRPZU5oNEFtbmpuTzFFelNPTDlTNU9hTGlzbkc3UjlRc3JibVF0ZmE5U0tUX0Z2Z19Rd3hvTXNR?oc=5,Google News: Barron's,2026-07-29T07:00:00Z,2026-08-10T07:17:53Z,google_news_rss,"""GE HealthCare"" (""press release"" OR ""investor relations"" OR earnings OR announcement OR investment OR expansion OR acquisition OR partnership OR Korea) when:30d"
21,GE Healthcare,"GE HealthCare Says Increased Orders, Healthy Demand Lifted Revenue - WSJ",https://news.google.com/rss/articles/CBMirAFBVV95cUxQZTRVbDQtS3Y3MnJudXNUbUowXzVTdzUzUnk3VGU0TFZneXRQMkhxaFo3ZkkyX0pYODlneTIxRnRxREVpRDBtZnZFNkRidGxOcUU4ejVycGFPUEpSNWJUS01RbW1Jek5Hdk8xR2VKWk9aM20tV0ZfUWNsa0hVOV9CN3M1VE5XME1vamJsRHFIZmJucXFrRmoyZjVNOGtNemoxQWJlZmk5UHdpeGMz?oc=5,Google News: WSJ,2026-07-30T07:00:00Z,2026-08-10T07:17:53Z,google_news_rss,"""GE HealthCare"" (""press release"" OR ""investor relations"" OR earnings OR announcement OR investment OR expansion OR acquisition OR partnership OR Korea) when:30d"
22,Boeing,Boeing posts wider loss than expected as Air Force One costs weigh on results - CNBC,https://news.google.com/rss/articles/CBMicEFVX3lxTE1JMW5uRGo2LUE3NnViemtQLTQyUXAtaG9mNmdncHQ0NGNiVHBhN24tSFNsclpCRC1qeUZlejQtQkdZX0haUmZIX2p0anR6MTF2TTRaNUhjMU9sR3VJSGhRd20tVTVmZDBTTmhqTHNGa0XSAXZBVV95cUxOYlItR3Zqd2YtaVJ2aHkwcnpxb0hrRk80Si1UTzZZMWpWcVNMaTRqUUMzWXBFVzYwLUhsQnZxazZpUElNRTQ0N0R5VXRaZnZtVEtHVnF4Ukd0a3RqdVA5blNZMjdTd01rR0luRGtHbDdrOHRLMWtB?oc=5,Google News: CNBC,2026-07-28T07:00:00Z,2026-08-10T07:17:53Z,google_news_rss,"(""Boeing"" OR ""The Boeing Company"") (""press release"" OR ""investor relations"" OR earnings OR announcement OR investment OR expansion OR acquisition OR partnership OR Korea) when:30d"
22,Boeing,Uganda Airlines Places First Boeing Order for 737 MAX and 787 Dreamliner Jets - investors.boeing.com,https://news.google.com/rss/articles/CBMi8wFBVV95cUxPR0M3c3A2R20tLWZ1YWdiWEJFOHp6b3VNNjFhaWxrNUxEM3JMMVRMOHRPeGlEb01QRWczWUJWdTd6eVNRWXFvNWJDWVZCZnZQa3g2d2dWUG9tbU1IWGU1WjhJYzcxMS1PUFNKV25pbFB1TVA1N1Bzcm5GNVJ0am5YYk1ndV9zV1psM19YX3gwbjN3ckVGSXNrYzdNVVVxMmprdjVxRWh0NTJKVFJkcXRlb0hzNVhqaU53NU5pTVh2NkZpWElLeTM5MTdLVXItMW9GcHN1N1Bla3RpMnhaU3FSd0RDbE1oNk1acVVub2JKYUJ2TE0?oc=5,Google News: investors.boeing.com,2026-07-21T07:00:00Z,2026-08-10T07:17:53Z,google_news_rss,"(""Boeing"" OR ""The Boeing Company"") (""press release"" OR ""investor relations"" OR earnings OR announcement OR investment OR expansion OR acquisition OR partnership OR Korea) when:30d"
22,Boeing,Air Force greenlights long-range JDAM production - Boeing Newsroom,https://news.google.com/rss/articles/CBMic0FVX3lxTE1yX2dOVG5XWmN6ckpBeHpQMGdXZHYtZXJfUjEtV19zakNKU09JZUZha2poeG5tVDlSclhrLTY4VHh5REN4LU1fQjhWMC12S3lzZ2kxUWJFTnlwbmhBUUpvZFpIZHdDT3JLYmowb2gxMk9ISzQ?oc=5,Google News: Boeing Newsroom,2026-08-07T17:19:00Z,2026-08-10T07:17:53Z,google_news_rss,"(""Boeing"" OR ""The Boeing Company"") (""press release"" OR ""investor relations"" OR earnings OR announcement OR investment OR expansion OR acquisition OR partnership OR Korea) when:30d"
23,3M,3M and Microsoft announce strategic partnership to advance AI data center infrastructure and enterprise transformation - Microsoft Source,https://news.google.com/rss/articles/CBMi9wFBVV95cUxPdkpKZnFhMTNSaXZPNXBwOWdoUTctc1RrTFJKbzhBVlNtRmNyYThSRi1ocFkzYnJLNkF3Nkl6eTRKUFFqVE43N3BRS0xWYzY1SWN1Vm1MRy1MMHhiU0RNVWlrRURTcFFkYnNta0NCblZycDFabGdKQUthcnBQWDFpWWtJTkpQemJWbjlGdTlvSDhXWUFJWjg0RWNrOUlXWDVRaTJybHJTNVNVLWtVX0YzUEtBTmdOa25aNkk1cTd0VkV6a2RVdXpfSnlyNG41Znh3eU45dThCOUhYaGRmd2lzUlFkNWQ4QWpsQS1KT2JUV0NZUnNwdEJ3?oc=5,Google News: Microsoft Source,2026-07-15T07:00:00Z,2026-08-10T07:17:53Z,google_news_rss,"(""3M"" OR ""3M Company"") (""press release"" OR ""investor relations"" OR earnings OR announcement OR investment OR expansion OR acquisition OR partnership OR Korea) when:30d"
23,3M,3M Reports Second-Quarter 2026 Results; Increases Full-Year Guidance - PR Newswire,https://news.google.com/rss/articles/CBMiwAFBVV95cUxPY1ZHY05PaDk0UnQ2N251QWZ5VHpEeDJhQzNkY0lybmRHOXMtU21wSHdjTzNkUVY0TzhfWDdSN2V4Z2x0MUVuTlhiWVVkdjZ3aXBPeDhzWGV4VTRNclJDMFozTVIwRjNwMVhrQ0R0SThBZm9VbEF3X0hVemNVc2EzQXprUWRoUmVrREpJWng5YXZqc0RaUzhUY3Fmemk0cmV4MVMxamV1MmEtTnp0MkZJWFlnSnhfWXJXQUVvU1lQYmY?oc=5,Google News: PR Newswire,2026-07-21T07:00:00Z,2026-08-10T07:17:53Z,google_news_rss,"(""3M"" OR ""3M Company"") (""press release"" OR ""investor relations"" OR earnings OR announcement OR investment OR expansion OR acquisition OR partnership OR Korea) when:30d"
23,3M,"3M and PING: Driving performance through technology, precision, performance and collaboration - 3M News Center",https://news.google.com/rss/articles/CBMisgFBVV95cUxOZk5hUVAtdVFjX3hTclZsOEM5OGxkVUNEOExscGFvd05FODdzdWhPQ2lpZFkzekdRenZGZ2UxTHo4QnNHTkRsMkREVXpUNGV6eW5qc0MzdnhuNGVxRnRRVHhYV0ltZW9oNzlmcDlWVGtxRi1Fc21lQ3dCbUZJUEF6MkpMUlQyT2hrMXBvTGlzbzlaUmYtaVJ5UVl1S3N6VEhHT1VQYlB1cDdNUUs3NEJYNmdR?oc=5,Google News: 3M News Center,2026-08-03T12:34:07Z,2026-08-10T07:17:53Z,google_news_rss,"(""3M"" OR ""3M Company"") (""press release"" OR ""investor relations"" OR earnings OR announcement OR investment OR expansion OR acquisition OR partnership OR Korea) when:30d"
24,Ouster,Ouster Announces Results for Second Quarter 2026 - Business Wire,https://news.google.com/rss/articles/CBMiqAFBVV95cUxOczJZcW9vdzF0U1lCdXdHUmtuZ1YzQW5pVDRxdmp1ZV9WRFBsU2tqQmtnRXlUXzBDMlJVUkdqc3FxcWhkRmtncEg4ejBuM29XMXl2eVJNZ3EyYVdoTXVZamdubzA0S3BER0k0clBuNzdVc01pWXRiU3pxLWV6R2I2UXhRTGprb3p3NDQ0UnBiNXl5YmVlT292RXdRaDBVXzR5QkM0Nnl1SGg?oc=5,Google News: Business Wire,2026-08-06T20:05:00Z,2026-08-10T07:17:53Z,google_news_rss,"(""Ouster"" OR ""Ouster Inc"") (""press release"" OR ""investor relations"" OR earnings OR announcement OR investment OR expansion OR acquisition OR partnership OR Korea) when:30d"
24,Ouster,Ouster Q2 Earnings Surpass Expectations on Sensor Growth - Yahoo Finance,https://news.google.com/rss/articles/CBMipwFBVV95cUxNVGxybWNTa3hlOGMzX0FNbGVOV051aXlMTFczbU5DNDlZckttbGV0LVU4ZkJFQkFuZ3BLUUpObV85WGcxelBxUGVBaXdXeHBmR3B5ZHkzUTZZTDB6TnNQM0JlSVFvRGkxWEhfM0F1UlJCWlIzQzZJenVsaGxYSDNCek9xWWFOU3gzMHRGVzhBV1oxNjYteUwzWUNISUg0MjgxTzYxX1FYYw?oc=5,Google News: Yahoo Finance,2026-08-07T14:51:00Z,2026-08-10T07:17:53Z,google_news_rss,"(""Ouster"" OR ""Ouster Inc"") (""press release"" OR ""investor relations"" OR earnings OR announcement OR investment OR expansion OR acquisition OR partnership OR Korea) when:30d"
24,Ouster,Ouster: Important Considerations Ahead Of The Q2 Earnings Event (NASDAQ:OUST) - Seeking Alpha,https://news.google.com/rss/articles/CBMipgFBVV95cUxQQm1JT2pubjlFWFpxWldYd0hnczBlWEhjeUdIWGdwc1dWclNSVWxfYlZFaTRnTFQ4NUhpbFlSaHZjQ1V5ODUxeUJULTBYOHNpb1RETjZ5ZHVJZjA5SXFyY1RWTWxRTTdOMDIxS1VsTlo2ZDZvYzJnWFR3ZUxKXzNqRkQ2QXVpdWxxdFNUcFItTTlSTm5CNE9sUTdub2p1ZzRoT3dzN2x3?oc=5,Google News: Seeking Alpha,2026-08-03T20:39:42Z,2026-08-10T07:17:53Z,google_news_rss,"(""Ouster"" OR ""Ouster Inc"") (""press release"" OR ""investor relations"" OR earnings OR announcement OR investment OR expansion OR acquisition OR partnership OR Korea) when:30d"
25,Applied Materials,Applied Materials (AMAT) Stock Looks Above Fair Value Even As Earnings Look About Right - Yahoo Finance,https://news.google.com/rss/articles/CBMioAFBVV95cUxQVk9zT1N3TV9uTUc3VFBGVVctVGxWUHlkZklKNUtXaTZ6aDl6MmFDRHhlYVhLMUJfUUl4ekd3Sm9TaWRXRnJXenhLOHRIYWo1QlY4TlY0REVWTTVLUUhKYm1IdnhMR2JfM05tZ2lyWkVhak84NW56QXFreXZyNmRZMzBkR09XNDJ3OFI0NHFzUVhLUjllcml2TkdxRDJ4aWpl?oc=5,Google News: Yahoo Finance,2026-07-16T07:00:00Z,2026-08-10T07:17:53Z,google_news_rss,"""Applied Materials"" (""press release"" OR ""investor relations"" OR earnings OR announcement OR investment OR expansion OR acquisition OR partnership OR Korea) when:30d"
25,Applied Materials,Applied Materials is about to report earnings. How to trade the AI picks-and-shovels play ahead of results - CNBC,https://news.google.com/rss/articles/CBMitgFBVV95cUxNV3JoNFVTWGFJM1lWUGZnZFRyOExGdlB2OFExSXEwcE83a0VZQVNITEpyVTBEOVJRRG9XV1YxVUwzUWYzZkFJM3dYQm5ZYmVkZGZOeG52VkFxZXlLS2ZiNXp4TVpkN1dIcFFiTGRLZzlENGZiLUktRDNsN1dtR0pFMC1KV0I5aUJiOFMwT1dkYjBGbHRxTVQ0NWhOdzN6UFdwcUhFcndBbUJQeGRvSUFLbFRxZjdEUQ?oc=5,Google News: CNBC,2026-08-07T15:41:16Z,2026-08-10T07:17:53Z,google_news_rss,"""Applied Materials"" (""press release"" OR ""investor relations"" OR earnings OR announcement OR investment OR expansion OR acquisition OR partnership OR Korea) when:30d"
25,Applied Materials,"Dear Applied Materials Stock Fans, Mark Your Calendars for August 13 - barchart.com",https://news.google.com/rss/articles/CBMisAFBVV95cUxNU1J0WnlYNXFFR2FVNGtaeF81YURIQnFCZE5WTVJoVXZidXJRS2x5c0Q2bmhxVkd1MFdLMlJ5VlVORGV4dDFOVmVzRk5UQUtrcjQ3a2o0QUdGM290c3M4SHZkcElIQUFOb0NkS3lZN3VULVdpTXc5WmtPOENaWktsVXFqTG1neDNTT2lyVjdoREFkTWF0N19naXhpR3dsWnBkVVBrdVp2STN6MTI5bHI1cw?oc=5,Google News: barchart.com,2026-08-06T13:49:30Z,2026-08-10T07:17:53Z,google_news_rss,"""Applied Materials"" (""press release"" OR ""investor relations"" OR earnings OR announcement OR investment OR expansion OR acquisition OR partnership OR Korea) when:30d"
27,Prodrive,Prodrive Ltd. Number of Employees 2026 | Employee Count & Headcount Data - Revelio Labs,https://news.google.com/rss/articles/CBMibEFVX3lxTFBlLTNVb0dsREdQU1hjcXlpWjZTWlo0d05vcG4xUmdLeHZhUFlxemNHcmxDRjd2dGVvU2pGMk5xVDhaWERMcGo5aWxLWlBYUndXU2lhY0pDMENxbGRPVzFzaFFTaFJsTWQ5bE82WQ?oc=5,Google News: Revelio Labs,2026-07-30T19:36:57Z,2026-08-10T07:17:53Z,google_news_rss,"(""Prodrive"" OR ""Prodrive Technologies"") (""press release"" OR ""investor relations"" OR earnings OR announcement OR investment OR expansion OR acquisition OR partnership OR Korea) when:30d"
27,Prodrive,Prodrive in talks with multiple manufacturers after Dacia’s Dakar exit - motorsport.com,https://news.google.com/rss/articles/CBMiugFBVV95cUxNODl4dTRNZTlKQmpwb3dvb0FFQnZ1Si1jendQQ2NkU1pMWkRIZ2szVEdTbmxRa0lrVDhpYlZETnhDdW5mVUNoWTQtZ1U2d2lyb004aThrYlRxWkdNOGtRTU5KdWp4dTIxVm1CdkRIaVQxMzdXMGVrd0JoU2Z0ZHY5TzROUldwdC16UExZUG1kd0YzRHlTUmFEaWFoUHdUOFNiVnlmNXhfeHBrc3BocGs3dklmdzVPbmM2QkE?oc=5,Google News: motorsport.com,2026-07-22T07:00:00Z,2026-08-10T07:17:53Z,google_news_rss,"(""Prodrive"" OR ""Prodrive Technologies"") (""press release"" OR ""investor relations"" OR earnings OR announcement OR investment OR expansion OR acquisition OR partnership OR Korea) when:30d"
27,Prodrive,JCB Hydromax Nears Record Attempt at Bonneville - Prodrive,https://news.google.com/rss/articles/CBMif0FVX3lxTE1QX21PbDRjekUtaXU4WVNXNXF1YmRHVWVJaWJqdnB3T0lDNVN6UFpLOE40ZWkySDFndlBnbG9NelBOcDExT3lwaXZkdlJuQ1dvR1lJNThoSmRhXzZqNUxHMkNDVUdLNzZ4Rmo3VDFQWFBBM21kYk5iQTVhSVREV1E?oc=5,Google News: Prodrive,2026-08-05T08:00:00Z,2026-08-10T07:17:53Z,google_news_rss,"(""Prodrive"" OR ""Prodrive Technologies"") (""press release"" OR ""investor relations"" OR earnings OR announcement OR investment OR expansion OR acquisition OR partnership OR Korea) when:30d"
28,ASML,ASML shares fall after hiking sales forecast for second time this year on strong AI chip demand - CNBC,https://news.google.com/rss/articles/CBMieEFVX3lxTE9ONk5EcFhJVFp0WWpsV0dvckdvbzlyVS1vN1hIY0tvTUYweVdiVG1FNkZPOXV2NlA5djgyeU5pMFpaUHBnbVhBZi0zUFFjbWgyd2xpa19DQ3hMT0F5Nm9PRXp6andPZEQwcS1BcFNaeTRPajgtMS01SNIBfkFVX3lxTFBqNDRfNDNHZk9XMWZrX0ZFVlM1dF9NV2VZeW9uRkNucFotOHk3bkxjX2NhS2N3djZkZ2trbHlUOU5BQ05BNmk4RFVUNi1UbXBiTW5zYWswUDVFRS0wY1Z2alJMcjdFN2w5S3dZMkIteUlzaUh6QW9kRThDNmhBZw?oc=5,Google News: CNBC,2026-07-15T07:00:00Z,2026-08-10T07:17:53Z,google_news_rss,"(""ASML"" OR ""ASML Holding"") (""press release"" OR ""investor relations"" OR earnings OR announcement OR investment OR expansion OR acquisition OR partnership OR Korea) when:30d"
28,ASML,ASML Q2 Earnings Call Highlights - Yahoo Finance,https://news.google.com/rss/articles/CBMingFBVV95cUxNV1owcGJrOFVYVHR1UVdqSTZIQ0cwZmtoZEt1bmszeXRWaW56U3VxQXpQdnpjWS12aUlPRmNlU0RvbHFvY010S1BUVUQxNlZzcE15RV9OTmJSM09rckZ2aDQ1T2RIcXplTnNwc01mYUJRdWk3dHlIYmxlVHJLSVZzQl8wS1VGZUNRa05lcXUwQ01LVUM4LW1DRjRCNEQwUQ?oc=5,Google News: Yahoo Finance,2026-07-14T07:00:00Z,2026-08-10T07:17:53Z,google_news_rss,"(""ASML"" OR ""ASML Holding"") (""press release"" OR ""investor relations"" OR earnings OR announcement OR investment OR expansion OR acquisition OR partnership OR Korea) when:30d"
28,ASML,ASML Stock Gains as Earnings Ride the Wave of AI Spending - Barron's,https://news.google.com/rss/articles/CBMidkFVX3lxTE1pXzhqd3RmelZWQV94U19DQlUzMVhaV0xYQjhhMWNNeUlYSGZpSkJQNDlHTV9VLTBfYWN3SlhfSDFIYTRfcjBHRkFMS09nY3EzNVZYeElJZVd3WHFaWU1OdFJBMGpSb2FYdmx4UEFlRXN3T2l5SUE?oc=5,Google News: Barron's,2026-07-15T07:00:00Z,2026-08-10T07:17:53Z,google_news_rss,"(""ASML"" OR ""ASML Holding"") (""press release"" OR ""investor relations"" OR earnings OR announcement OR investment OR expansion OR acquisition OR partnership OR Korea) when:30d"
29,Besi,BE Semiconductor Industries NV (BESIY) Q2 2026 Earnings Call Highlights: Record Growth and ... - Yahoo Finance,https://news.google.com/rss/articles/CBMiowFBVV95cUxOc2pwbGpwZG0wci0yMGRUMFd5Smt4bkhmZWJrY0V5NEFlQldZejZYbVY1VmZtZ0M3WjV3ejFzQ2pqSWFrVFo1TnREeEhPMkllSF9QZTdRUmRncjhEdXg0eTYwbHJTMEc3M3FnekpsYjJoNGVUYm5BMEdhR1JLWHJiVXVvYWZvbEhpaGJ6Yi1jN3kxN2JtOHNhTFZuV0tnemtTSnlZ?oc=5,Google News: Yahoo Finance,2026-07-23T07:00:00Z,2026-08-10T07:17:53Z,google_news_rss,"(""Besi"" OR ""BE Semiconductor Industries"") (""press release"" OR ""investor relations"" OR earnings OR announcement OR investment OR expansion OR acquisition OR partnership OR Korea) when:30d"
29,Besi,BE Semiconductor Industries N.V. 2026 Q2 - Results - Earnings Call Presentation (OTCMKTS:BESIY) 2026-07-27 - Seeking Alpha,https://news.google.com/rss/articles/CBMitgFBVV95cUxQUkZMRGdTZTZhRzg5THZaZlpRZnhEdUY5YVBfSDNXa01qOUp6cFRxU3IxWGdydERpU3h6TVFxQVoxNTUxbmN1bnJqekVBMmpoR3VhM1NlUm53bVVGakgtaFNpVEV1UGFhREQySmdsVlhMQXRpSk5YWk9adDkzbGxzV09sbXptaXE0d05zRWFXNEl5U19RNHNydzFaUEF1SWYyX3FlUzlxb01pekFaSllBVlJCdk9pQQ?oc=5,Google News: Seeking Alpha,2026-07-27T07:00:00Z,2026-08-10T07:17:53Z,google_news_rss,"(""Besi"" OR ""BE Semiconductor Industries"") (""press release"" OR ""investor relations"" OR earnings OR announcement OR investment OR expansion OR acquisition OR partnership OR Korea) when:30d"
29,Besi,The BE Semiconductor Industries N.V. (AMS:BESI) Second-Quarter Results Are Out And Analysts Have Published New Forecasts - simplywall.st,https://news.google.com/rss/articles/CBMi7AFBVV95cUxQb3dSV3BUV04wbUY5bVBFTzBnbkZ4dV9Xa0VyaFhaQURPbDhPeGJVQzUzMGNHaEJYVVY1YlBqOUhZT2plal9LNUh4TTk5cXM5Um9XNTJSY3pjemdPWFlMdU5kbEtWd2tQT0c0RzZWUndkYl9iZ3lsQ2xBaGVlUzE3ekVDRGJKMVU4Yjg4U0JvU1dwemIxTDVrMHo2SnNZdklEVWRVSWpaMk52Q1JaMk15R3hZTW5zeXpTUUwzaGw4WTJEZEc4aUJkcmRka3VtRzdFbk9sRFdCV3g5NU5SWlN4T2pOZUZ3Z3ZjV09ZSNIB8gFBVV95cUxNSjc0anZQXzRlQTFhVWh1MEZOUlVCbDRnSjF0UGhwQ3p0cm92VmJ5UHF3UTF3NHBKeVotei1SWks5VHFtaTFIczBRQ1BzQ2pWYVNPV3g5Y0IyUXpaSTUyZms0RTNUeTJwYW05TmZabkd4WUdkSEFWTlFyUWtLYV83UVFNMVhGX3Brc1lqVFhoNmJLcnBnNDdCVkt5NkREMGVDNTdiYlp3SzhOdGkyZG5qX2JJYVN4dzZuTmZxOUUzYjRMM0tpLVY4Tk9pY3JKTGJaYWRfR0pNSXdZY0wwR1kwOU1GWUhYMWg2RzUtM3dmTnRsQQ?oc=5,Google News: simplywall.st,2026-07-26T07:00:00Z,2026-08-10T07:17:53Z,google_news_rss,"(""Besi"" OR ""BE Semiconductor Industries"") (""press release"" OR ""investor relations"" OR earnings OR announcement OR investment OR expansion OR acquisition OR partnership OR Korea) when:30d"
30,NXP,"Ambarella reportedly in talks to be acquired by NXP Semiconductors, shares spike - Yahoo Finance",https://news.google.com/rss/articles/CBMipwFBVV95cUxPX3ZpZXhVMVFyZERkSmZPNjJHU2ZTSjAwYXRQdDN0UzdQNDFzVm45V21pNTFMSEVVdHU3WnRDeWdUU3dGLVM0MGM0TU55WUt6SHNsbkJfRkRXLTFRandtQy1xWF91Ry1OVUVTNWRQYjlqZU1idXd5UzhtTmRCTzJVWmt2SjhKWEVZdDAtMGo2NlhrRFZEbGlBMkpEcERVTHpzZ2VTSlRsYw?oc=5,Google News: Yahoo Finance,2026-07-31T07:00:00Z,2026-08-10T07:17:53Z,google_news_rss,"(""NXP"" OR ""NXP Semiconductors"") (""press release"" OR ""investor relations"" OR earnings OR announcement OR investment OR expansion OR acquisition OR partnership OR Korea) when:30d"
30,NXP,NXP Semiconductors Fails To Impress With Beat-And-Raise Report - Investor's Business Daily,https://news.google.com/rss/articles/CBMikwFBVV95cUxQdkdiZEw1YllNNTlOUllUb0hCRC1Uelo1VU53RFE0TFRGVHpxQ1gxVnBuejhzTFNoSERxcEw1bERCaHVYV245em5BVGRHT25hR2RyejBraTFiMHJFSE1WRkRzOEdzMHd6U3pYb1NzeTBIazJNalo1T1Z1TTBHbWhNck5oVUJQa0E5aVRKejZ5el83akE?oc=5,Google News: Investor's Business Daily,2026-07-28T07:00:00Z,2026-08-10T07:17:53Z,google_news_rss,"(""NXP"" OR ""NXP Semiconductors"") (""press release"" OR ""investor relations"" OR earnings OR announcement OR investment OR expansion OR acquisition OR partnership OR Korea) when:30d"
30,NXP,"NXP Semiconductors Second-Quarter Profit, Revenue Climb on Growth Across End Markets - WSJ",https://news.google.com/rss/articles/CBMiygFBVV95cUxQaVlLSFJhbEhDVDFpQVpHYjRTandrejllMHZIR0VYWmhFQk1yZV9jT0ZsYWFhZG5vbWN5TUJnUUZ1b1RnRl9jX1ROSXRvNUFRVW40dFhwMWNud0pwYjZ5bm5OajhXUF9pT2JRc1FnWk53a0Jqay1KcWlXUm1mSThYMVJhVVlBUkJyUWxiaF9HQkgzbXMyUjRVNFpqTHlHVzhYOGduTU84ZkNjeE5tQ1dwdG9BTWJUUTRQN3JUQ0NocFJ1dGZJYWNfWlFn?oc=5,Google News: WSJ,2026-07-28T07:00:00Z,2026-08-10T07:17:53Z,google_news_rss,"(""NXP"" OR ""NXP Semiconductors"") (""press release"" OR ""investor relations"" OR earnings OR announcement OR investment OR expansion OR acquisition OR partnership OR Korea) when:30d"
31,Norsk Hydro,Norsk Hydro ASA (NHYDY) Q2 2026 Earnings Call Highlights: Strong Operational Performance Amid ... - Yahoo Finance,https://news.google.com/rss/articles/CBMikwFBVV95cUxPdEFpTmQ4Q2NyQk14QXU2VTVPd1E2bDVfQkNEYmRxRFpyTVk4RC10UWkwczBwM1VaYzVydkg4R2R5NTZUN0hwVEFLWHQxMi1hNXRKSE00TVVwT21RclQ5WFdkOXB5VUtULXRsZnFOVzJtM2M3bmZTaFRBREdGZ2Rfc0hvdjBJSTFGYzRnanI0c3U1UGs?oc=5,Google News: Yahoo Finance,2026-07-22T07:00:00Z,2026-08-10T07:17:53Z,google_news_rss,"""Norsk Hydro"" (""press release"" OR ""investor relations"" OR earnings OR announcement OR investment OR expansion OR acquisition OR partnership OR Korea) when:30d"
31,Norsk Hydro,Norsk Hydro ASA ADR 2026 Q2 - Results - Earnings Call Presentation (OTCMKTS:NHYDY) 2026-07-22 - Seeking Alpha,https://news.google.com/rss/articles/CBMipgFBVV95cUxNN2JkRkhPWWpaVnZ2aUNsV0FaQW1jNXJiY1lBZllHS1ZBbHFJQ0VpdXA0QjN1aElmcGp4NlV5MVd4QWMyVlZVN3dDWS1yMnFFTEdfNVEtc0lKaDJKcFVIeGVzMmgzRlZMNW1nemZXcjFlbGV3cUhKUUFJX1dTV2hPZXI0d0F0c2NVaFROVkN1eEREWFhUVWg0MGFaM05ScExRWFBwc0d3?oc=5,Google News: Seeking Alpha,2026-07-22T07:00:00Z,2026-08-10T07:17:53Z,google_news_rss,"""Norsk Hydro"" (""press release"" OR ""investor relations"" OR earnings OR announcement OR investment OR expansion OR acquisition OR partnership OR Korea) when:30d"
31,Norsk Hydro,"Norsk Hydro ASA (OTCMKTS:NHYDY) Releases Earnings Results, Beats Estimates By $0.01 EPS - MarketBeat",https://news.google.com/rss/articles/CBMi0AFBVV95cUxOSVpkWGplNmdscTVGckNTN3pBaEgtVHJfck9yMXMyakg5am5ZWjVvSlNzaWRpU2p4MDRvVkRxckFuOWdVcmRCS2JOVk9XeXNaM0o4dUNiTXl4MWJ2Y3hSSllrOTQya2dwdmdodURaZkdKNjViRTRzMWJKcVVCZzRIYUpFUXk5aExlQ2pmUEtNNEl4SE1mSFJzSm9ocTViSmpXTnVVb09TaVd6YXJxRFJtc2lWempJVF9Ga0VOZ3owVXpHZm1SUGZnM21UYkRKYXZu?oc=5,Google News: MarketBeat,2026-07-22T07:00:00Z,2026-08-10T07:17:53Z,google_news_rss,"""Norsk Hydro"" (""press release"" OR ""investor relations"" OR earnings OR announcement OR investment OR expansion OR acquisition OR partnership OR Korea) when:30d"
32,Vestas,Consensus estimates as of 28 July 2026 - Vestas,https://news.google.com/rss/articles/CBMiV0FVX3lxTE84bmp2d3o4Z1ZhVTBnQWhCZFpJZnlQdTR1azFCOXpTMUN0a01rb1FjODB0U3JnUVNrdkJrX3hmNzNDVUxmcUFVTTRhQ295SjRqQlhmcE5sMA?oc=5,Google News: Vestas,2026-08-07T15:10:01Z,2026-08-10T07:17:53Z,google_news_rss,"(""Vestas"" OR ""Vestas Wind Systems"") (""press release"" OR ""investor relations"" OR earnings OR announcement OR investment OR expansion OR acquisition OR partnership OR Korea) when:30d"
32,Vestas,Vestas Wind Systems AS (VWDRY) Projected to Release Earnings on Wednesday - MarketBeat,https://news.google.com/rss/articles/CBMiwwFBVV95cUxPZmtmOGxKOUVTR0dFY2hCR2pyNkgyTTNlRjkyb0ZZMW1mYmhWUXctUVdKbzVIUUNSazdxX3h1b3FjRXZwZlMzSWlBNXRJZUN2UTRFSThOaUpVWVZjS1J5UXN5eFB0M1hTRVVnTHhnWXhXZUVTblE4UUdnMWVRY3VBTFVINER4UzE3ZFJ6VFpfNmJ0eWVkeHg2dXZnbW9sNlYxRGc1MmtGVnpMT1UxbUhOWi10WGUtZ1M1dHRCN0s5VG5oWFk?oc=5,Google News: MarketBeat,2026-08-05T13:41:09Z,2026-08-10T07:17:53Z,google_news_rss,"(""Vestas"" OR ""Vestas Wind Systems"") (""press release"" OR ""investor relations"" OR earnings OR announcement OR investment OR expansion OR acquisition OR partnership OR Korea) when:30d"
32,Vestas,Vestas Wind Systems (CPSE:VWS) As Energy Security Tailwinds Keep Its Valuation In Focus - Yahoo Finance,https://news.google.com/rss/articles/CBMijgFBVV95cUxNNFZLTnZleXE4VHFJTHMwQXJfS1NVcFF3a291SmFxMm1HOWF3ZUlzWUtSMDRXQnRXcHE0VW94MkZNZTYtaEJDamtOOTFieW5uZl8xUHhEeUJfdW9Nb2JJUHVOSjFXTWV5aVFMN19OWllLZ3F5Wld1bFlNSGkydjhGQVlVaWp1VjVjWVZwODFR?oc=5,Google News: Yahoo Finance,2026-07-21T07:00:00Z,2026-08-10T07:17:53Z,google_news_rss,"(""Vestas"" OR ""Vestas Wind Systems"") (""press release"" OR ""investor relations"" OR earnings OR announcement OR investment OR expansion OR acquisition OR partnership OR Korea) when:30d"
34,Infineon,Chip Maker Infineon Forecasts Strong Revenue Growth on Booming AI Demand - WSJ,https://news.google.com/rss/articles/CBMiuwFBVV95cUxQRFpiRzVlLWZUbjFjem1ja3F0RloyYXAyRzFYSTJtVm9lQnhIdzk5SzlDdUk4U2tfdXZreVZocWlMdlNlb1ctOEZ4OUlXUWNNSUtjQ1M0ZWkxbFh1c09DYkppYmdmYUt3LTBMTGtQVTFwYjFiUFI5X0ZPM0QybXo0ZUVNMU5GSzVCTENqN0dwdDVLMUJ5OVdya1VDY29jal9YQlBvSXFBWEhsS3VPWTI1OXBVNHNPdy04a2Mw?oc=5,Google News: WSJ,2026-08-05T08:03:00Z,2026-08-10T07:17:53Z,google_news_rss,"(""Infineon"" OR ""Infineon Technologies"") (""press release"" OR ""investor relations"" OR earnings OR announcement OR investment OR expansion OR acquisition OR partnership OR Korea) when:30d"
34,Infineon,This AI Stock is Up 75% in 2026. Is the European Chipmaker a Buy Now? - Morningstar,https://news.google.com/rss/articles/CBMiowFBVV95cUxNdnNIN1Z4bHJKYXluQzVmR0lyRkRHaHNXRnYwLXpZRGhsRW5SQkZxVUFidHFzOEdseThDX0pVQjZGT3RWblZkbGViV1dFaEV5MTB5dEdCX19vYWZxZm9lSFRnTHBnMmd1YTdpcjk1aFJCLXNLaG1TNWNXRnJqdjRYQVZqdEV0ejVNM1lIMkxRM3kybXhJc3pRcEljQVdacG5JbEpz?oc=5,Google News: Morningstar,2026-07-16T07:00:00Z,2026-08-10T07:17:53Z,google_news_rss,"(""Infineon"" OR ""Infineon Technologies"") (""press release"" OR ""investor relations"" OR earnings OR announcement OR investment OR expansion OR acquisition OR partnership OR Korea) when:30d"
34,Infineon,INFINEON TECHNOLOGIES AG N (IFX.HM) Q3 FY2026 (Media) earnings call transcript - Yahoo Finance,https://news.google.com/rss/articles/CBMikgFBVV95cUxNVTBMNHF1UE9JUXg4N2dULUhQV1lfTVJnZnBmOFNnbXdRTWNXeWRibFJ4VGlfQ1YzODM2c1NYM1RVeldITmZvak1fNTBnU3ViVVdUbkVyd2RhRGR4cWNFaUhGQkJiMWo3Qm9qUlk3OTFydGZNTWlzY053TmYyeUxWMUpKRFJvSnpLQThIMi1JTTM2Zw?oc=5,Google News: Yahoo Finance,2026-08-05T06:00:00Z,2026-08-10T07:17:53Z,google_news_rss,"(""Infineon"" OR ""Infineon Technologies"") (""press release"" OR ""investor relations"" OR earnings OR announcement OR investment OR expansion OR acquisition OR partnership OR Korea) when:30d"
35,Schmalz,Charles D. Schmalz Discloses Investment at EWSB Bancorp with 9.9% Stake - TradingView,https://news.google.com/rss/articles/CBMiywFBVV95cUxNRlM1dXQ1dTZYTFNVbXdKVzhlLXp5WC1WdmpZWXpTNFN0NmNrY28xRWVBVkxEVDRzVTNFSThWLXNLT3VRR3dkTlVweWxEVXM0WDFUSFhMTG93aEE4NmNuckJIUEllTmJ3YWhNbEp4QmpZc0wyTGl2dkI3VTJ3QXNBSkhPRmhDTnB0LW5ZY1dNcXNvRWlIWnBBaVZpQl9JMlF0YVJMMWNFU1RsQ0I2NkhHVXo3Q2MyT1ZGS3JRbk5BenNmbk9KZE90NG5hUQ?oc=5,Google News: TradingView,2026-07-28T18:56:03Z,2026-08-10T07:17:53Z,google_news_rss,"(""Schmalz"" OR ""J. Schmalz"") (""press release"" OR ""investor relations"" OR earnings OR announcement OR investment OR expansion OR acquisition OR partnership OR Korea) when:30d"
35,Schmalz,Machinex names western region sales manager - Recycling Today,https://news.google.com/rss/articles/CBMinAFBVV95cUxPajc1cE5Jc3hsVUpNWjFNeXlvekg3bXlCa1ZCYU1DYmxCMkQtN2tBZ2ZsUzFnSnR2S2NqUDNiX0RqcWl1VUFlY2hnMXNhMW1kSVB3Y0prbXcyZlNxTjZzTFRLVEkyTGVYRUg4ZTlCWXJjOGNKWDkwQ212WTJEZE9NTndNeFZlNHRfRmRHX204ODQ2V1JQTWU2am1LWk4?oc=5,Google News: Recycling Today,2026-07-30T17:46:00Z,2026-08-10T07:17:53Z,google_news_rss,"(""Schmalz"" OR ""J. Schmalz"") (""press release"" OR ""investor relations"" OR earnings OR announcement OR investment OR expansion OR acquisition OR partnership OR Korea) when:30d"
35,Schmalz,WMW | Personnel: Machinex appoints Madison Schmalz as Western Region Sales Manager - Waste Management World,https://news.google.com/rss/articles/CBMitgFBVV95cUxNblVTYmhZM1JLR0RMQWZORnRGak8yQkpwajF3N1RCODlVamhXZHRJZXN1Y1VUdlJTUFZlX1ZDWnFLVzNpSGlNMko5SS1DZGVSWVUwOGxIRVVJcDI4VFBWMWFwMUpQMXc1MlU2ZEY4NjFuWXg2T2FHdWk5ak5wTDVnZ3I1dHdEQTdRQ3VNeDlnQVgxc01SdnZaQWJHSlZWYVozM2hSVFQ1bkN5NEdGQnYycVBTNEZLUQ?oc=5,Google News: Waste Management World,2026-07-31T07:07:00Z,2026-08-10T07:17:53Z,google_news_rss,"(""Schmalz"" OR ""J. Schmalz"") (""press release"" OR ""investor relations"" OR earnings OR announcement OR investment OR expansion OR acquisition OR partnership OR Korea) when:30d"
36,Bayer,"Bayer operationally on track, decisive progress on strategic priorities - Bayer",https://news.google.com/rss/articles/CBMiqAFBVV95cUxNQTBIOXcyNUJCMEdTU3lhVHFhSW9HWmFxTGc4SG5BUE5BN1FIUHY0bDF5aFBrRGo2VVlZaUtCN2lfeTdBdnZxNjB6aEh5UzNidXI3Sms3LVVHWlh3YmZVYkpRR2FmbkhiamNBdE9WVndUeDJjV0loWUdyb1NtNXdrejlWbnpiZTdYT0lJcC1UQmwtUlJ4Rk8yWUdVZ1Zfb3NhSjNXdzNtVDc?oc=5,Google News: Bayer,2026-08-04T05:30:00Z,2026-08-10T07:17:53Z,google_news_rss,"(""Bayer"" OR ""Bayer AG"") (""press release"" OR ""investor relations"" OR earnings OR announcement OR investment OR expansion OR acquisition OR partnership OR Korea) when:30d"
36,Bayer,Bayer CEO Rules out Group Breakup for Now - WSJ,https://news.google.com/rss/articles/CBMipgFBVV95cUxPVURRYTFSdmNIWWdVY3ZJeUlyNHhkR1ZRZ19mMXNQc0xzS21IWlEwSVV4TDNwQ3ljaWpoSHRmY0tGZDA3MDZxbWczbFJaRkVUNmFuUDJMZnJWYlNWSlkxdUhWTDRudXhoYVRua2pwOE54NEFYMndGQnQxbXhTc25heHg3YTIwWDdZN3dUdGZ4TWJLd3ZoSmpzZXdpRk1nSE41WGhmVHRB?oc=5,Google News: WSJ,2026-08-04T13:43:00Z,2026-08-10T07:17:53Z,google_news_rss,"(""Bayer"" OR ""Bayer AG"") (""press release"" OR ""investor relations"" OR earnings OR announcement OR investment OR expansion OR acquisition OR partnership OR Korea) when:30d"
36,Bayer,Bayer posts unexpected gain in adjusted profit on seed demand - Reuters,https://news.google.com/rss/articles/CBMimgFBVV95cUxPRjFRa2w4ZS05NzZ5ZVcxbmxmbnJfMkNuZ040SE4tNDd4N1RpMUhGOWxDdzhVVkVjbW81Qlk2OXNPeEVPZGxETWZZTkt0bE96NFA5dUZFX1ExVEluTHhuSXpIZ01xeUhJajhzcWdnejJsazBwbE45RUNaUXlqY2NJclg4b1Q5NmdMX0tPcXFsc3gyZF9ON0k1RHFR?oc=5,Google News: Reuters,2026-08-04T15:30:38Z,2026-08-10T07:17:53Z,google_news_rss,"(""Bayer"" OR ""Bayer AG"") (""press release"" OR ""investor relations"" OR earnings OR announcement OR investment OR expansion OR acquisition OR partnership OR Korea) when:30d"
37,Merck,Our Q2 2026 financial results - Merck.com,https://news.google.com/rss/articles/CBMibEFVX3lxTE9mT3VpdDdoWGplLTZodFc1V3hpRmlwNFJGblN0ckh1UFltdEI0V2g0OVBneTZGS3pwbDlvelR0OENhbFF0WldKN3lYbXBKY0s3OXlFUWx4N1IxYjV2Vm5KSnE0dE91d2RrSjVlTQ?oc=5,Google News: Merck.com,2026-08-04T10:34:01Z,2026-08-10T07:17:53Z,google_news_rss,"(""Merck"" OR ""Merck KGaA"") (""press release"" OR ""investor relations"" OR earnings OR announcement OR investment OR expansion OR acquisition OR partnership OR Korea) when:30d"
37,Merck,Merck Cuts Full-Year Profit Forecast as Acquisition Costs Weigh on Bottom Line - WSJ,https://news.google.com/rss/articles/CBMiwwFBVV95cUxONDBsajE0UzRWVmJqS19NaXZKXy02T012WEpJMmlrR1FBQ2tiRWROR29sY1NIVy1mVEpnYTFPV0tDb21fbUVVRFZyMk1Yc0gxYk1nRG9SSXFQVk9tdFRUdnNwTng3NndIcjZSMHp5ZDMtU04zTHZlM3NyNWs5cHVDekVvWV9tYUNvREpUZDZWZ1JuT29yZWwzNWdiUE9KTEZfVm1WblgxMFM0NjlSTU9CVjdOU0ZCRVJqVHphOWNpb3pDemc?oc=5,Google News: WSJ,2026-08-04T10:41:00Z,2026-08-10T07:17:53Z,google_news_rss,"(""Merck"" OR ""Merck KGaA"") (""press release"" OR ""investor relations"" OR earnings OR announcement OR investment OR expansion OR acquisition OR partnership OR Korea) when:30d"
37,Merck,"Merck hikes revenue outlook as new drug sales grow, but cuts profit guidance due to deal charges - CNBC",https://news.google.com/rss/articles/CBMicEFVX3lxTE5EUUczZVBWYXh5T1ZoWnRtWFMtYnFxMWxXcFFlTkc5VzR0VlVwM0w4YUN5bDJoWWdWb0NPTkx0Ukg1QVFEdllUZTRYbTZnMWxWX2o5UjZDbVJna1QzdmlIUkNjTTdiejhHdXlYOUp1UGnSAXZBVV95cUxQS0hFMm12Vy1SbDYzSnRvQlFDXzA4aFRWY2ctSTFvOXZhNVJCX3VULWk1Vi1HUTd6eURDQXphSFgwTzY2TmRYWlhDZnN4ZGhTdm5xcGE0Y194aTQxN3lHdE4xVGRyX2c5MFlsOGg1RTNrT1dvR19B?oc=5,Google News: CNBC,2026-08-04T10:34:21Z,2026-08-10T07:17:53Z,google_news_rss,"(""Merck"" OR ""Merck KGaA"") (""press release"" OR ""investor relations"" OR earnings OR announcement OR investment OR expansion OR acquisition OR partnership OR Korea) when:30d"
38,Schott Pharma,Pen Injector Platform with Sterile Cartridge System From: SCHOTT Pharmaceutical Packaging - Healthcare Packaging,https://news.google.com/rss/articles/CBMiggJBVV95cUxPQ18yaGpSdy1KY0J1OXlzel82TG5HYlBZeGFSUWxmVjVOZVYybUlaZERwM2dsdTlxb0RRTV9Kanl5b0ZLamhsUkxibmJYTHVvU2QxcUpjblg0WUxKdUhHazdPR3BlZjUxYXhMMkphMXJPNFNjNWk0WG9IaGRwNHlUSzdkQ2hYOXFLcUhSVG1uUk9fZUpKTmtIaTlWcmJmZFExWWZtcWZxTHBpQUV6SWdRZDhDMF9LUGdwclZ3Z3dGUUFMUWotZW1pc2prY2E2aTBKRGZYb1NiYXVqWHRQWnV4X1NQUmZqMGhZbWloZ3A0Ym9QcFBvUVh4dktwc2YtRHJKTHc?oc=5,Google News: Healthcare Packaging,2026-07-21T17:15:51Z,2026-08-10T07:17:53Z,google_news_rss,"""SCHOTT Pharma"" (""press release"" OR ""investor relations"" OR earnings OR announcement OR investment OR expansion OR acquisition OR partnership OR Korea) when:30d"
38,Schott Pharma,SCHOTT Pharma AG & Co. KGaA Revenue Breakdown – BX:1SXP - TradingView,https://news.google.com/rss/articles/CBMickFVX3lxTE94TGlwQ2JrQzd3TWNHT3prR05BUnBrY0t6QmFsM3V4ZTMtMVZadm50clRNRU9WUGEtLXhmYkhrZzRBZ0tkNUR4TkZmaFRDWTZLdk50TDB1SXpCdnZIdzBvcFgyOXNVUjFWdy1iZDNhbnYzZw?oc=5,Google News: TradingView,2026-08-04T06:50:32Z,2026-08-10T07:17:53Z,google_news_rss,"""SCHOTT Pharma"" (""press release"" OR ""investor relations"" OR earnings OR announcement OR investment OR expansion OR acquisition OR partnership OR Korea) when:30d"
38,Schott Pharma,SCHOTT Pharma polymer cartridge platform compatible with large-volume SHL Medical autoinjectors - Manufacturing Chemist,https://news.google.com/rss/articles/CBMimwFBVV95cUxPUklXdmlzbFZfOGE2d1NBR0pHQS1NUnJETnE0ZlE3bjRCdmdOZ1E2elc1R29DbHNaLTBkRVZ1MkxzdnY0aGVOV0FLM1JYbk1laDJCRkNJWXRXQ0dPNUNPbDJhWWFqZnVzeVJxYVU3UDBFWlNOS05tRERkVFg4NmFRU1pQaFJfZDhfcnBHWG9xb1VTWHhRRW5PNXBRaw?oc=5,Google News: Manufacturing Chemist,2026-07-22T07:00:00Z,2026-08-10T07:17:53Z,google_news_rss,"""SCHOTT Pharma"" (""press release"" OR ""investor relations"" OR earnings OR announcement OR investment OR expansion OR acquisition OR partnership OR Korea) when:30d"
39,BASF,Key Financial Data - basf.com,https://news.google.com/rss/articles/CBMiggFBVV95cUxPc0FmUDNwUzdVUjVPWmVvaW9MbnZVSzJhamFxbGFDS09kZmM3eTZ1LVVYMWZRZXl5eXZkUS1VWG5CaFFmQkJKaHRvcHVtdmFJQ09QdWl5TC1QMDN0cmRTNlU1N2hBVXFXQmhwRkFJRTU4WG83OEJkN3k1WE52Y0JUVVRn?oc=5,Google News: basf.com,2026-07-29T07:00:00Z,2026-08-10T07:17:53Z,google_news_rss,"(""BASF"" OR ""BASF SE"") (""press release"" OR ""investor relations"" OR earnings OR announcement OR investment OR expansion OR acquisition OR partnership OR Korea) when:30d"
39,BASF,Chemical company BASF raises outlook but warns on Iran war risks - Reuters,https://news.google.com/rss/articles/CBMihAFBVV95cUxNN0xDaTJuVmUzLTFRenBObUNDWDhFOEp0QjgxeXRfdVBLWGVFVzhhVTlwYUgtLXVDbkY5c1NiWjM4TjFZZTN5dnd3WElhdW1sVkM3NHlLd184YW1uX2NqS2hkbEdyYkQ1eEtOQW01UGlQU3U1Q3FEeHpOOUVZVi1DLTJMejk?oc=5,Google News: Reuters,2026-07-15T07:00:00Z,2026-08-10T07:17:53Z,google_news_rss,"(""BASF"" OR ""BASF SE"") (""press release"" OR ""investor relations"" OR earnings OR announcement OR investment OR expansion OR acquisition OR partnership OR Korea) when:30d"
39,BASF,BASF’s Geopolitics-Driven Earnings Upgrade and Debt Move Could Be A Game Changer For BASF (XTRA:BAS) - Yahoo Finance,https://news.google.com/rss/articles/CBMiqAFBVV95cUxPMVBkZ3cxNjJkM0NQTVdKWUU3N21JcEJHM0NKV1lCd3hvWERIcm95YlByaHdFVTRwNUVkMWplbW9YTjEySzNGOFJobkxROGp4S0RUZHBjcG1SU3VYaDQ1T1luQTV6VlBSZDZnbmYyTVZOVml2VmlWa09vU0xuYVpEaFNtMHlUbEpXZm1BT0ptVXVMaWVlZU1NU1IxcTdIcjdUeWdPUlZXd28?oc=5,Google News: Yahoo Finance,2026-07-17T07:00:00Z,2026-08-10T07:17:53Z,google_news_rss,"(""BASF"" OR ""BASF SE"") (""press release"" OR ""investor relations"" OR earnings OR announcement OR investment OR expansion OR acquisition OR partnership OR Korea) when:30d"
40,Evonik Industries,Evonik Industries AG 2026 Q2 - Results - Earnings Call Presentation (OTCMKTS:EVKIY) 2026-08-04 - Seeking Alpha,https://news.google.com/rss/articles/CBMipwFBVV95cUxPTG5rbm1oRElFM2lhejFXOGZ1NXY2UG5RcWlNVklkOXNLamRZSjNJVjlEWk5QUW9YeERrZUg3ZE0zRDdsM1VWeVpBRTVKaF9GSVRrUGRyNmtFczQ0bDNTbnFaUlF0b0NJaVN4TWtFdlNMM3VMeUcxR1dDMFZMd3Q2S29fZlBfdUF0Vm82NHRzRGNiTnBTYUZvMFZla2NJUXNMNTVoS3E1SQ?oc=5,Google News: Seeking Alpha,2026-08-04T20:04:10Z,2026-08-10T07:17:53Z,google_news_rss,"""Evonik Industries"" (""press release"" OR ""investor relations"" OR earnings OR announcement OR investment OR expansion OR acquisition OR partnership OR Korea) when:30d"
40,Evonik Industries,Iran War leads to profit surge for many chemical producers - Chemical & Engineering News,https://news.google.com/rss/articles/CBMilAFBVV95cUxOcktyWjRFMVJ4SW5zcElmR2djMXpGbEZROXVtWTF3NW4wWi1fY1c5cjRkRi1Ba1ZaX29Wc3U3c3JvaXc4NnBDLWg4YVI3T2MwQ3IwN1RCXzFkTDNMZklqRWt2LWZzNFBLUE1tY3VxWHZod2RIdTh6VGNPdnpna1NqVFluVzIwRGUtbVFCb1FSbTVpVkZV?oc=5,Google News: Chemical & Engineering News,2026-08-07T16:43:19Z,2026-08-10T07:17:53Z,google_news_rss,"""Evonik Industries"" (""press release"" OR ""investor relations"" OR earnings OR announcement OR investment OR expansion OR acquisition OR partnership OR Korea) when:30d"
40,Evonik Industries,Evonik Industries (XTRA:EVK) Results Put Its Fair Value Story Back In Focus - simplywall.st,https://news.google.com/rss/articles/CBMi1wFBVV95cUxNSUpBRUM4NW9mUUx4N2NnZFl4dDdGOWZHR1dhY1h3UjcyRGZjZnVWY1ZyU2lmbWIzT2U5ckxBc182WHN6Y2hQSk5TRjBGYXJfZTA2TG1wRVJCaDRYRE9ySHBHWmdmYW9zeXMwQlZsZlVPeWV5Qmtqbk5leURyeVJrOXVfSUlZOUUzQURLRS0wcnBRcjJzdm9UV09tZHdSbTVzZ053NkpRNE03VXp2cUlEUGl0a2JJZnZ3eTBkUDd3RzRzU3ZuU3hmVGhQd05od1RJS2hqaFpjTdIB3AFBVV95cUxPYkhmSVpTM3lXRkxGdVZiS1BCT1g4TjBQQm51ZGVQbG1pMndVQTFPNkd1NE9rbFdFckFZWUxOZ0IwYlJZeVlvQ3VKb0ZUMDZxTHNhemRybWRYT1RGdGFOWDk3NGpta0NaWFdhNFVvZHoxSmF1VDFNM1I4RFBlNTVSaFpPWFVCMlRQbV85MVdjc2RwVGpWQ21CM0FiU1ZQMUFVWG1aUXp0U25zZlRvSWhrbVc5eWhPY2RMLUp5LVJhOG1LVy1sYTUxY2lIQXF6UVZCMzR4NV9oMXRzNkJK?oc=5,Google News: simplywall.st,2026-08-04T21:06:06Z,2026-08-10T07:17:53Z,google_news_rss,"""Evonik Industries"" (""press release"" OR ""investor relations"" OR earnings OR announcement OR investment OR expansion OR acquisition OR partnership OR Korea) when:30d"
41,Heraeus,Brewer Science Strengthens America's Semiconductor Supply Chain with Acquisition of Heraeus Epurio's Semiconductor Chemicals Business - PR Newswire,https://news.google.com/rss/articles/CBMilgJBVV95cUxNX2YwNHY3eGQyOUF0Y1EwSDQ1X2pScWZWQVBDZms3MkhFbkF3WU5fNC1PdHhucldUX2xPMW1zelRJamNYemZ4bG5NdDBBdE96aDNIWkk0NXhYamhlcHJkM29LOVJaY3A4NVlRMmlheU1EOVNCMHB0MFloVkh3eU1iUHlOeVIwRVlQZVduaFAycU1GM2IycFhHX2ZiQmw0b29mOGwtM0NFTzJjQzhPRE53MVZVTHB4anZCZVNaUjBGRUNGN1ZSWkVaWGt2YTB6ZVFkeVgyWHBTa1U2Y1VTUkpOR2VLZ2xNSFlMekgtUXZmNFpmWjcwSEpmV3VJUS1tbjhOZkFMYmdJRFhSeGNFbXRZank4M0NmUQ?oc=5,Google News: PR Newswire,2026-08-03T14:08:00Z,2026-08-10T07:17:53Z,google_news_rss,"(""Heraeus"" OR ""Heraeus Group"") (""press release"" OR ""investor relations"" OR earnings OR announcement OR investment OR expansion OR acquisition OR partnership OR Korea) when:30d"
41,Heraeus,Brewer Science strengthens US semiconductor supply chain with Heraeus Epurio acquisition - eeNews Europe,https://news.google.com/rss/articles/CBMivgFBVV95cUxPVTRSYmoxREpTd2JfeWZhaWd6NEkteXRVREFTRnQ0bXNjYUZ4LS1DSFN2VnJBamFLMXdLX2ZRVUpWbTVpamxrUHhfeVQ0b1pvcFk2N01IV3VjQldUSVJicXR2Z2RJQ2NPNHNfMGJkUVczNUVvbEdKdVktTEg2T3o1WmMtdTRxZ3pvdllvVm5ZaE0xbS0tWldrS1RGbms1VG1oWUNOdjdLSVFidnlqVG05cDNNdXpmRDgzbnFCWUZB?oc=5,Google News: eeNews Europe,2026-08-10T06:35:24Z,2026-08-10T07:17:53Z,google_news_rss,"(""Heraeus"" OR ""Heraeus Group"") (""press release"" OR ""investor relations"" OR earnings OR announcement OR investment OR expansion OR acquisition OR partnership OR Korea) when:30d"
41,Heraeus,Brewer Science Acquires Heraeus Epurio Semiconductor Chemicals Business to Expand U.S. Supply Chain - citybiz,https://news.google.com/rss/articles/CBMi0wFBVV95cUxQVnNaN0hvV3NUN2xhWUJ1MXBhSDFpTnRHQ2pHUG5mQnpHNDRwSW5xcFdHM2UydjNFUkczT2lDMXN3bjNjUW5XdFh2RzdTbm1lUV9mRlluUEhLU2dfY00taXB5Z2tjdmxtMnJEMXhFVHpsM0dHU25Za3NzOEhta2hNc1FISXZ3bkp0cUFfRjdJRUlTU09IR054aFc2am15UU1ZZmRDYjdOUW5SS1Joa2YxaDJ6TnpiVHJrWlc3TzBicUtncnYtS2RlTjdiai1hVVhuRDBJ?oc=5,Google News: citybiz,2026-08-03T22:31:00Z,2026-08-10T07:17:53Z,google_news_rss,"(""Heraeus"" OR ""Heraeus Group"") (""press release"" OR ""investor relations"" OR earnings OR announcement OR investment OR expansion OR acquisition OR partnership OR Korea) when:30d"
42,Jenoptik,LPKF Presents Half-Year Financial Report - Yahoo Finance,https://news.google.com/rss/articles/CBMiogFBVV95cUxPNGpSNGhsaFVmZWpzY1J4RzdjU2ctVHk0LVVZS3F1bDdxdGNIZDFIN0dwMkxZbFlUNGRIc05LWml3LTdFc1FZcDZBRDlfMGFsbFZQMVZQaXYwZ185N1NDWTZXMV9KbEpvZFhhekwxS3dZWEhicjNJeUd4SGo2cVctSl9xSVJTT1RBZ0kwdDZqVlpHTkNSTU9xdkNodGVUZkxva3c?oc=5,Google News: Yahoo Finance,2026-07-23T07:00:00Z,2026-08-10T07:17:53Z,google_news_rss,"""JENOPTIK"" (""press release"" OR ""investor relations"" OR earnings OR announcement OR investment OR expansion OR acquisition OR partnership OR Korea) when:30d"
42,Jenoptik,"Jenoptik AG (JEND.XC) stock price, news, quote and history - Yahoo Finance UK",https://news.google.com/rss/articles/CBMiZEFVX3lxTE9lQ2w0eXJyRk5fcnNYVXdrN0NFSjBSbFZmdlRBQ21LaWRJUVdoOEVEWW5vaU1KUUtZcDdPWUxILVNsOUlXS1Vib2h5dzZ4a0hEdFNvSGJxenJjYUhNT2VWRll6N1Y?oc=5,Google News: Yahoo Finance UK,2026-08-08T09:47:59Z,2026-08-10T07:17:53Z,google_news_rss,"""JENOPTIK"" (""press release"" OR ""investor relations"" OR earnings OR announcement OR investment OR expansion OR acquisition OR partnership OR Korea) when:30d"
42,Jenoptik,Jenoptik AG (JEND.XC) latest press releases and corporate news - Yahoo Finance UK,https://news.google.com/rss/articles/CBMiakFVX3lxTE91dDc1LWJ2VGhXQXhXelR6OVhoLThTOVVRaGdORmZ2ZElRN2FPUnM0WWVqZzBUVmRHT3hkTUdCMERZRUxuR0ZKcm5zZUpCaVNVeEZKUXBVMjVkbFlUMTRkTVZDc2k0R01CMFE?oc=5,Google News: Yahoo Finance UK,2026-08-08T11:39:29Z,2026-08-10T07:17:53Z,google_news_rss,"""JENOPTIK"" (""press release"" OR ""investor relations"" OR earnings OR announcement OR investment OR expansion OR acquisition OR partnership OR Korea) when:30d"
44,Umicore,Umicore: Half-Year Results 2026 - GlobeNewswire,https://news.google.com/rss/articles/CBMipAFBVV95cUxORXFpNGVYNDdlbXhMd1BTLXRIZWdYXzExTXRPc0VCQ0o3ck40aF93M0pZYm5SdkluenJvb0ktMmVyY3FmSU5zRlR3azQ1dmtlbG5yVVFGUEpzOEg4ejliTlVQRWdvU3hwQU9xWFpWVEZWYnY3MlhjS0lqTnN1UzRCVVlUbklkNlJsUWRLS2tZTFNRT0RvVWp6VE11Wm1nY1IzOUNVTw?oc=5,Google News: GlobeNewswire,2026-07-31T05:30:00Z,2026-08-10T07:17:53Z,google_news_rss,"""Umicore"" (""press release"" OR ""investor relations"" OR earnings OR announcement OR investment OR expansion OR acquisition OR partnership OR Korea) when:30d"
44,Umicore,Umicore SA (UMICF) (H1 2026) Earnings Call Highlights: EBITDA So - GuruFocus,https://news.google.com/rss/articles/CBMiwgFBVV95cUxOaVBiYmhKb2NET0trZVpKR3VvR3pGempEd2dyZFBjLTZFdVZSYVVOTDNzSnNuLW1hUjhBUFhuejdvUzI5UjJFVjd6aDJVZXNKUFAtSlFDUlgzdVVFMjI3Vi1rWVFmSWpicG5JREFiOGFwQWRkVnloVEhDdU45d3AtTnZSU0dDUFlEbkpHQUIzemNzbWZwUkhRdXBCUXg5aXd0c2lzaExzR3JXcFRfbTN5bGs1bG9NeEVsbU5lUERzWTRWQQ?oc=5,Google News: GuruFocus,2026-07-31T15:05:46Z,2026-08-10T07:17:53Z,google_news_rss,"""Umicore"" (""press release"" OR ""investor relations"" OR earnings OR announcement OR investment OR expansion OR acquisition OR partnership OR Korea) when:30d"
44,Umicore,Umicore SA 2026 Q2 - Results - Earnings Call Presentation (OTCMKTS:UMICY) 2026-07-31 - Seeking Alpha,https://news.google.com/rss/articles/CBMimgFBVV95cUxONGVmWlhhX1FRb2FhWGI3cTUtdE51Z3hvUkdnaURrUDE5aEhDbDRQNDNWY1ZGV0hEeG1ja0FDbWFTeUozVjB1WjIycnZiZEJwdEVuOS1XVWZGbzg0MTljTjJGNGswUWxNUXYybEY4S2hDbGpnTkNhZU5vZi1yWDhyYTdqRVBKNVVUSU9xR0lqOWJ0LUFWQzR0UVdn?oc=5,Google News: Seeking Alpha,2026-07-31T07:00:00Z,2026-08-10T07:17:53Z,google_news_rss,"""Umicore"" (""press release"" OR ""investor relations"" OR earnings OR announcement OR investment OR expansion OR acquisition OR partnership OR Korea) when:30d"
45,Solvay,Solvay SA (SLVYY) Q2 2026 Earnings Call Highlights: Navigating Challenges and Strategic Positioning - Yahoo Finance,https://news.google.com/rss/articles/CBMikgFBVV95cUxNZjUtbVhTeUhuMG9CU0tqN0NpSV9RaDlucXpDTWRtalJaYjJhcU9IRmpJcmhkWjJDT3ZvM2VPY0RmcVFsMVNSTGFtQjY3NFIwaWE5LUE4Vm9rdzhyTnNJdVZyZksxeWJfdXAzTGxBeW5NWWFIMkdVVkZPNVk4OEIzbV9iMndkMlpvbHV6MXc0MzdvQQ?oc=5,Google News: Yahoo Finance,2026-07-29T07:00:00Z,2026-08-10T07:17:53Z,google_news_rss,"(""Solvay"" OR ""Solvay SA"") (""press release"" OR ""investor relations"" OR earnings OR announcement OR investment OR expansion OR acquisition OR partnership OR Korea) when:30d"
45,Solvay,Solvay SA 2026 Q2 - Results - Earnings Call Presentation (OTCMKTS:SLVYY) 2026-07-31 - Seeking Alpha,https://news.google.com/rss/articles/CBMimAFBVV95cUxNVzJ1MFU0VWQzQU5JbGljTDZjYnZmck44blpYYlU4ekYwcWR4RkFBaDk1RU1DZWdmMkNubVhBcFZWQWlhZlZxcmxreUFWeFdrbUpRX2RNQjdOSEh0Ykh5ZUhZRktLdjByUjQ5NEd3XzlCMm5na0VIaDlfZTlYUV9yOUkwTFk1Q0E1T0o0akdscUdVWGhSV0Ftdg?oc=5,Google News: Seeking Alpha,2026-07-31T07:00:00Z,2026-08-10T07:17:53Z,google_news_rss,"(""Solvay"" OR ""Solvay SA"") (""press release"" OR ""investor relations"" OR earnings OR announcement OR investment OR expansion OR acquisition OR partnership OR Korea) when:30d"
45,Solvay,Solvay second quarter 2026 results - GlobeNewswire,https://news.google.com/rss/articles/CBMiqgFBVV95cUxNNEhPUldCcHB6MmF6WDdBQWR2U01sQkVtcExqOEVjclE3MmZYa21Ga0RtcmYzTlFfZ1JPdWxyblJ5eVB3NmxrREdmSlJaaVVQTHl2VFNQWmVvaDRGOTFHLW1mbHc4QTBiYVp2YXBkenJJdVF4T0NIRFBLRTUxNVFzaTcxbEV1M0xxWjJfLU1ZT2dZUWMxX3VmY0FSWVlPVGtmVXE2NEhOT0JQUQ?oc=5,Google News: GlobeNewswire,2026-07-29T07:00:00Z,2026-08-10T07:17:53Z,google_news_rss,"(""Solvay"" OR ""Solvay SA"") (""press release"" OR ""investor relations"" OR earnings OR announcement OR investment OR expansion OR acquisition OR partnership OR Korea) when:30d"
46,Syensqo,Syensqo Expands US Manufacturing Footprint with Maryland Groundbreaking - CHEManager,https://news.google.com/rss/articles/CBMirgFBVV95cUxNcWpTWENNMFlaSDJmRzg1OWRuUEdEaURmT3RRUm4xN1JQTVhidXdTMEJLTHptcUtrbEZKNzlQVnhsMnlaUDlRUUxzdUtHVXF2M1BkYzFRTW0yUEQwYV9sQTJLV1c3QUx3OEtYamVYdlk3cmZxNm9tbHNJcFdvVTMxODRpMmRSeHNsRERQVVBqaHJYZTJHRlk2bTRXZXZHNmlVX2xzZFMwXzdFc0EySGc?oc=5,Google News: CHEManager,2026-07-13T07:00:00Z,2026-08-10T07:17:53Z,google_news_rss,"""Syensqo"" (""press release"" OR ""investor relations"" OR earnings OR announcement OR investment OR expansion OR acquisition OR partnership OR Korea) when:30d"
46,Syensqo,Syensqo second quarter 2026 results - Yahoo Finance,https://news.google.com/rss/articles/CBMiogFBVV95cUxNb1YtY0hySG9tT0FYZ0VKZkZ1Q0wzSnNHUC1lcElDdTg2WHg4Q2pnR0UtMXQtcW9mQzRxd21RSFBPd3JYYmo1OFVUOWxJcGtEWmE3Zk50TDR4OFBoLWlzWjB0TTRtdFQ5SVBGaTRPeTl1Q04yZGJFVXp2a1dGamw1amtUVzVKbWczak9CZ1BUYWJrQ0k1c05razRFQ1FxVVU3Rmc?oc=5,Google News: Yahoo Finance,2026-07-29T07:00:00Z,2026-08-10T07:17:53Z,google_news_rss,"""Syensqo"" (""press release"" OR ""investor relations"" OR earnings OR announcement OR investment OR expansion OR acquisition OR partnership OR Korea) when:30d"
46,Syensqo,Syensqo SA/NV 2026 Q2 - Results - Earnings Call Presentation (OTCMKTS:SYNSY) 2026-07-31 - Seeking Alpha,https://news.google.com/rss/articles/CBMingFBVV95cUxPaUI4UDZiLTdMQXJrRmtlLXY2OUx1R0RzWXRfdmtMWXFiUElNWWFDaEthaGFOZnpWLS1ETlpJVVZEZDdxemVYSXZpWE83ZmdDcnB5eHlrYjR3MUNNU2YycnloT2RxVVJXdUYwNzRCOFR3WVkzaDhwbDBPbkNfZEpDQjNCazBvV1hOV2JmWFY0T3NsYzJBelRWcVZyY3M0QQ?oc=5,Google News: Seeking Alpha,2026-07-31T07:00:00Z,2026-08-10T07:17:53Z,google_news_rss,"""Syensqo"" (""press release"" OR ""investor relations"" OR earnings OR announcement OR investment OR expansion OR acquisition OR partnership OR Korea) when:30d"
47,Hexagon AB,Hexagon AB (HXGBF) Q2 2026 Earnings Call Highlights: Strong Organic Growth and Impressive Cash ... - Yahoo Finance,https://news.google.com/rss/articles/CBMikwFBVV95cUxOYXY2UDZOYmVkZGM5eDc3ZldzSl9tcXgxNE51VmJGdEtnNU9SNE1OS0NHMnZmZHozak8yQnk2NzBYMTZQWW1DcENQNmNEbjN0OURWOWVVdW0wNjVVZ29EbFg1MTM5d3FCNF95Rlp3WTdUWUd2OVU1cklqcWVDRmp2STYwUXNaTUkzNklORVdmNDdOdlk?oc=5,Google News: Yahoo Finance,2026-07-29T07:00:00Z,2026-08-10T07:17:53Z,google_news_rss,"(""Hexagon AB"" OR ""Hexagon"") (""press release"" OR ""investor relations"" OR earnings OR announcement OR investment OR expansion OR acquisition OR partnership OR Korea) when:30d"
47,Hexagon AB,NIAR and Hexagon Expand Partnership to Advance Metrology Training and Regional Inspection Services - Metrology and Quality News,https://news.google.com/rss/articles/CBMivwFBVV95cUxQT2gtZGUySWVzNWxrWF9RVEtvUGQ5eW1IR2lLZTk3akZPbmpaYmpyUmg4b3dnQ2t6a2d1alFGYVlmMnZneDk5c3pyXzRvV2t3MWZ0VF9sT3RUWHFZaUtwMTJmT1lRRFlNcUpTMTZMb094YkJtWExmcHpLZVpZWTFobm1EdzVnRG5PTTZqYUZ1Q2xOYWFMaEJCWlJiY3FtWnBjN2h1OG96UEhuOVA4SDRWMG9fbi1lMzBIemNVV3dTMA?oc=5,Google News: Metrology and Quality News,2026-07-29T04:58:27Z,2026-08-10T07:17:53Z,google_news_rss,"(""Hexagon AB"" OR ""Hexagon"") (""press release"" OR ""investor relations"" OR earnings OR announcement OR investment OR expansion OR acquisition OR partnership OR Korea) when:30d"
47,Hexagon AB,Earnings call transcript: Hexagon Composites Q1 2026 sees stock dip amid restructuring - Investing.com,https://news.google.com/rss/articles/CBMi2AFBVV95cUxNX2phRmE1QUx2QmQwM3VYNUllWjY5TnpSLVBTYkd3SU1JUkJSTk85UjZSa0o2c2E0QVpkOHUyNjNpcGpHLXJUZ19PNE9LTkpCQVN5ZHFkVHd4czNxRXdWbWs2OUI4NjVkWV9KWllsU0J5UGFBbFJyMlBSMzk3akRsaExCcGt4dnpIV0syM09pQTlEWUZxRzhMbUVoQlQzTzQyX1F6WjZPcW5Ia0ZvaGhHbUI5dU14a0xyQUFrUXVFcjk1VktGS2Y4ZGhjd05vYnFIR19kU0lkbVM?oc=5,Google News: Investing.com,2026-08-04T21:03:24Z,2026-08-10T07:17:53Z,google_news_rss,"(""Hexagon AB"" OR ""Hexagon"") (""press release"" OR ""investor relations"" OR earnings OR announcement OR investment OR expansion OR acquisition OR partnership OR Korea) when:30d"
48,ABB,ABB expands automation offering with acquisition of Rotork - ABB,https://news.google.com/rss/articles/CBMingFBVV95cUxOeVFtVmVfTmlqMHRUaVhNODN1TU9pZE9NUFNkVEI0TnNjRFdoNy1kb2ppNktzRnZkb0NMeENmZWlEWGdhcVBWcXVrRTdEYXlTQ29CNDg3dlFKTmotZTkzTTFQVFgxOEp6UThCby14VUNHUFBRekdPVTUyNzg0OUN5MkY5OHZIY2xEVWlWVXY1czlRemI2aVlWNG40aVFkQQ?oc=5,Google News: ABB,2026-07-16T07:00:00Z,2026-08-10T07:17:53Z,google_news_rss,"(""ABB"" OR ""ABB Group"") (""press release"" OR ""investor relations"" OR earnings OR announcement OR investment OR expansion OR acquisition OR partnership OR Korea) when:30d"
48,ABB,ABB to press ahead with acquisitions after $5.5 billion Rotork deal - Reuters,https://news.google.com/rss/articles/CBMitwFBVV95cUxNOGZxR2JyXzVFbUdlbHJoQmt1ZWJCZW5nV2FTRmJnYVNub242R0RZSnBzSWdHRmdPT3JFOURnODk5bVFCTlN0Y2hmWkJFcjFXWTZNN09WRGx6VmFlbmtTZ2hiNGlUMkNyWjRjcTYyU2RPcWFNN0dDZGZaLXQyVDE3YVhuMlR4V29QZzZOWm1vWnlzZlFiandzZm00aEVJVS1YN19uUGRqMlpSdEV6cWxzRmtvZi1RcFU?oc=5,Google News: Reuters,2026-07-16T07:00:00Z,2026-08-10T07:17:53Z,google_news_rss,"(""ABB"" OR ""ABB Group"") (""press release"" OR ""investor relations"" OR earnings OR announcement OR investment OR expansion OR acquisition OR partnership OR Korea) when:30d"
48,ABB,ABB Expands Automation Offering With Acquisition of UK’s Rotork - Bloomberg.com,https://news.google.com/rss/articles/CBMitAFBVV95cUxQdy1hN1RtY2V0TFk2RjJGdEJHRk1FbmVCTHZCcFRYczY1QWNtX0xNMlNDVG4zOWtqaUVDeExuLTZpWXlaLXB1WGIxLTFOa2pyTV9WVHNjMUV0U0FkQ3ZDT0MyNERRRHhneDRpWmZKMldvMGhIUmNkQUtEZTVxTE1QcUQxRm96U3B4Mm5DdldwUWdOeE5vbXZ5bnc5TUgtRVNJOXoyZDltbVVwWWFnOXY3aDNZSUU?oc=5,Google News: Bloomberg.com,2026-07-16T07:00:00Z,2026-08-10T07:17:53Z,google_news_rss,"(""ABB"" OR ""ABB Group"") (""press release"" OR ""investor relations"" OR earnings OR announcement OR investment OR expansion OR acquisition OR partnership OR Korea) when:30d"
49,Maxon,Maxon Receives Award for Supply Chain Performance - American Drycleaner,https://news.google.com/rss/articles/CBMiVEFVX3lxTE9SVHdGZ0x2aUlPWjB6T0lUNDJTLVFudjhCYk9aRy1lVExJNVIzaEpZaHM5SzJiSUdNVEFOS0JQY1RzX3NyRml2N0NiVHVERFZkTEl2LQ?oc=5,Google News: American Drycleaner,2026-07-29T07:00:00Z,2026-08-10T07:17:53Z,google_news_rss,"(""Maxon"" OR ""maxon group"") (""press release"" OR ""investor relations"" OR earnings OR announcement OR investment OR expansion OR acquisition OR partnership OR Korea) when:30d"
49,Maxon,Maxon earns Wabash Platinum Award for supply chain performance - FleetOwner,https://news.google.com/rss/articles/CBMikwJBVV95cUxPMlF0azBlYjdTczZtOWlweUt2WWdzNjBTeDVaMEJMMmlXWXEyY0dBVVFZdWRuUHo5ZnR5Q0VJNlBjZWZxM3RuUlFiUnl4YkU5WGI3ZTE2eWZweVNheEZDWjBDYXc2VFhCbHhJbWFkcko2NWVVTVNNc2NQTm9YRTZTSW9maWQwQ2liVmEwdFM1SFZFR0xXT05STW5vaUdkSVV2THZ6NEk5ZHc0Q2tIdGhJZFdzUGVsVlFjQTFFTTB5UkRzY1c1cklqZl9FYkN4R1AweFdGOGZ6NTlVdGtJeFVuV2w0Sk9wX1BVamE3UzNHNHVuNUY0U0tUV2l1X1ZyV04xOE4yTXdhSzR4RmJ0WDFEbDRXYw?oc=5,Google News: FleetOwner,2026-07-23T12:35:10Z,2026-08-10T07:17:53Z,google_news_rss,"(""Maxon"" OR ""maxon group"") (""press release"" OR ""investor relations"" OR earnings OR announcement OR investment OR expansion OR acquisition OR partnership OR Korea) when:30d"
49,Maxon,Maxon Lift Awarded the Wabash Platinum Award for Supply Chain Performance - Work Truck Online,https://news.google.com/rss/articles/CBMirwFBVV95cUxQQnJGYjBFRGpMaVp3SXc1Z3d2VUNxZnJkOWZqZWtCVTZaODZUdXFuUW5faGRqUWR4WUVaQXdlRl9TWFo1YVFNNjN5czYxaGExbDgxVFNLaTlUWVo0WWUxRWVvSHhjRTJvQ3FrR2R5dEZQSldsc0Job09XMFMzTDNudF90MDJEMnJBaXI0WHphNWxfR3A4Vy03VnhBanlJQ083Z0x2cGxJUm1DT3FfSmhF?oc=5,Google News: Work Truck Online,2026-07-22T18:41:37Z,2026-08-10T07:17:53Z,google_news_rss,"(""Maxon"" OR ""maxon group"") (""press release"" OR ""investor relations"" OR earnings OR announcement OR investment OR expansion OR acquisition OR partnership OR Korea) when:30d"
50,Siemens-Gamesa,Siemens Energy begins preparations for the launch of an independent brand - Siemens Energy,https://news.google.com/rss/articles/CBMilwFBVV95cUxPZ0FfS2hSMVVBLUhycTNCZzh3NFJ6bDN3RHg0YThGY3l4NzRzcENfVHRsTlhPaFE1S3htMVJNYXQzdTQ0NUxzanpkVmZPOXpQYUVvQmE1bFVSR01zY1QwdXU4X3BFLTBJSjFCWnFnNDE5V2RKNzM2YmJVbUVpa2NseDk3bk01NXZTcTBqZDhFU2VlMU9rLUM0?oc=5,Google News: Siemens Energy,2026-07-14T07:00:00Z,2026-08-10T07:17:53Z,google_news_rss,"(""Siemens-Gamesa"" OR ""Siemens Gamesa"") (""press release"" OR ""investor relations"" OR earnings OR announcement OR investment OR expansion OR acquisition OR partnership OR Korea) when:30d"
50,Siemens-Gamesa,Siemens Gamesa moves back into profit in Q3 - Renewables Now,https://news.google.com/rss/articles/CBMiiwFBVV95cUxNNTduZ0VUWlBhb2ZQSXNvTmZONV9FTW52QXU2YjZBZFIwQ2JXempLUDVfMVJ0bzZMbTVaNGFDdUFWSzdOcEpZOFFYTEVWQklzV3lGTF9HOUptOEd4N3JNNmE0WGVQVHZYUnJHckc2TGhyUmFDSkEyMkNrbVUzVHkzdFpHOTd6VFhKX04w?oc=5,Google News: Renewables Now,2026-08-05T08:20:21Z,2026-08-10T07:17:53Z,google_news_rss,"(""Siemens-Gamesa"" OR ""Siemens Gamesa"") (""press release"" OR ""investor relations"" OR earnings OR announcement OR investment OR expansion OR acquisition OR partnership OR Korea) when:30d"
50,Siemens-Gamesa,"Ahead of Earnings, Is Siemens Energy Stock a Buy, a Sell, or Fairly Valued? - Morningstar",https://news.google.com/rss/articles/CBMirAFBVV95cUxQMS03RjA1VzF1NEFSV19BS3hPQkhCWWRhZ2VKUW9zaklpajE4MEs5TFhwblAxblBMZnROeDVSR25lWEYzWXkwZGM3b0dQUUhJc2g1WUNJYXZ6bVhiY2t3ZldtVG9RRGNiQURuSW93LWNMVmlrcUZ4RmlzcFJnM0tRWndjcUNXOWpRckpDb0ZhUGk5bXhwNkw0S2ZrOFJ3OUtLQlJIVnN3SWZIdDky?oc=5,Google News: Morningstar,2026-08-03T14:19:36Z,2026-08-10T07:17:53Z,google_news_rss,"(""Siemens-Gamesa"" OR ""Siemens Gamesa"") (""press release"" OR ""investor relations"" OR earnings OR announcement OR investment OR expansion OR acquisition OR partnership OR Korea) when:30d"
51,Renishaw,Renishaw Launches LIBERTAS Software to Reduce Supports and Improve Surface Finish in Metal AM - 3D Printing Industry,https://news.google.com/rss/articles/CBMi0wFBVV95cUxPNnc1NTY1d3c0V1hZYVh3ZWw0eVNrZm9yN1Z1amZMX3BzLUtBaHhSNFZZU09iaHhreGFTc2FsdXpxUjIwV3JQZ0dvb25hQ3JDZ0pFbHBzb3VUY0tvdlQxYXFsMWlBLUFlLUNhcmVCTkxHQXMxRlZYVGxtVEszd3Rvb1gwdTROTlcxRUdCU2Z3aE9nNzVuYW8zOElSY3VNbDdpOEhMcHA5dFl4eUd3cWtWdm1LU25NbXNrVWJJY3BDdTQ1blAyVzBRcjBDMU1CQmpTLXR3?oc=5,Google News: 3D Printing Industry,2026-08-07T05:18:33Z,2026-08-10T07:17:53Z,google_news_rss,"(""Renishaw"" OR ""Renishaw plc"") (""press release"" OR ""investor relations"" OR earnings OR announcement OR investment OR expansion OR acquisition OR partnership OR Korea) when:30d"
51,Renishaw,LK Metrology Unveils CAMIO 2026 With Renishaw REVO 5-Axis Integration - Metrology and Quality News,https://news.google.com/rss/articles/CBMimAFBVV95cUxPMHUwTW9VZU1QWFJqVndRdC1hTVJ0ZHljQjd6RFNOZ1FnVXMyZ1RNZ0RQekk4YkNBN0p3Rmg4UEp2dlZrdVBwZEFfWVE3MGtVTGNWbWNtQjBvQWppZkZjdi1vaXVFZUo5ajg1WEdOWUptTGoydUdvTkNrMnBJVUNQY01sQXJTRGttdjFVOVU0RkJOQUZnbUtBbg?oc=5,Google News: Metrology and Quality News,2026-08-03T04:59:19Z,2026-08-10T07:17:53Z,google_news_rss,"(""Renishaw"" OR ""Renishaw plc"") (""press release"" OR ""investor relations"" OR earnings OR announcement OR investment OR expansion OR acquisition OR partnership OR Korea) when:30d"
51,Renishaw,Renishaw stock surges after raising profit guidance By Investing.com - Investing.com Canada,https://news.google.com/rss/articles/CBMinwFBVV95cUxOU3ROT01kQTBvTkxLeFBtME50M1dOZ0w2MXRnVnZCYTQ2YkxJZVZRakJyVUlKeGpZcnFSU1lUeUxncXh2aXZ3N3BjS2lGZDlfdlhYbW1Zbm1oTHhYRnBvM190Mjk1dFFHMHVucDVwQjh3WVNzR3VMZFZVd1Zqb1JfRW1JcVd2UlBtSzJndGtPMWN0Vl9EUElFY2lSZ1pNWjA?oc=5,Google News: Investing.com Canada,2026-07-24T07:00:00Z,2026-08-10T07:17:53Z,google_news_rss,"(""Renishaw"" OR ""Renishaw plc"") (""press release"" OR ""investor relations"" OR earnings OR announcement OR investment OR expansion OR acquisition OR partnership OR Korea) when:30d"
52,Nexeon,Is Ingevity (NGVT) Cheap After Earnings And Its Completed Buyback? - simplywall.st,https://news.google.com/rss/articles/CBMixAFBVV95cUxNek9sbG9HQURCM0hXT2Vxc3VvZDRqdEl0MVhHOUkzOTZOWDNiM2FLRFRmYnBzNFRRem1WMWl0ZVV5dkprVl8wNFhra0d6ZnBPaDI1YXhXeXZ4LTV6Z09xUkljQUZ2Nm1PRnJyUzZoZW5iTzNKaEwzR3BWT3E5TEgzRG9UTVpvUU92ejZLZlZKRms4NDNqUmJXUmYwak9vZ01lRzZvZWNVRWowR2pVLTRQdFB5bE5pa1ExUWJCRWZ5VHBPN2RT0gHKAUFVX3lxTFB4ZGlENHF4R1VUQUxTb1FmV3RKZUpFc0phSmZFb1plTjBlaWtzeUJnT2JidFd1TndGS3Jja3llcWlzM3V4NGZNOVNQVmR5aHdKNTFlQWZtN25WT2lyMFZYMnptTGswQWYydFEtaDI4UE1VSlJ4eUE1OEJsR3NLWHpZemlsdXUydm5nQUo3ZndQblZiLU4zT200WkVfeXQwbTVwSjRURjh0aUZ3dG9ER085ZGYwV2hYU1RHQmI5WnJlTFlRdzN2QWlMR1E?oc=5,Google News: simplywall.st,2026-08-03T22:10:51Z,2026-08-10T07:17:53Z,google_news_rss,"(""Nexeon"" OR ""Nexeon Limited"") (""press release"" OR ""investor relations"" OR earnings OR announcement OR investment OR expansion OR acquisition OR partnership OR Korea) when:30d"
53,Rio Tinto,Rio Tinto posts 43% jump in first-half earnings as data centre boom boosts copper - Reuters,https://news.google.com/rss/articles/CBMimwFBVV95cUxQM1dqVVFpU2p2R0FaakRJVWdsNWJoVDhJZVhNUC01SWdJR1I1ZUNSYUlnTkd1dndpeGdoZ0hFSk54ZjY1cWxpNHgtYkIxcUhuQ1p3YjhTVmFGamJ0blF0OFg0VXc5dU9wOW5JWllSd1hoUjlTMy1ocVdZN1JFWUNLTEJQb2dtQWE1cnZfNnU5Q1dxSEFreHpmdlpLSQ?oc=5,Google News: Reuters,2026-07-29T07:00:00Z,2026-08-10T07:17:53Z,google_news_rss,"""Rio Tinto"" (""press release"" OR ""investor relations"" OR earnings OR announcement OR investment OR expansion OR acquisition OR partnership OR Korea) when:30d"
53,Rio Tinto,Rio Tinto buoyant on AI demand for metals as earnings soar - Financial Times,https://news.google.com/rss/articles/CBMihAFBVV95cUxPWEo3dlRLMjRGOEFpVWhCYVpKdGlNWnpsNFFCRUN0S3ZuSEItV2RBb0hOZHRqUTU0RGJmRG14RlE5RDNKTE1rRDZQSFJNNHdYZENfajNiV3gtR1pHVl8zTGNZUmZKRHZCV2ZLZWp2YlQ2NGZXU1NKZnJnMVFxMEVKSkxyU2g?oc=5,Google News: Financial Times,2026-07-28T07:00:00Z,2026-08-10T07:17:53Z,google_news_rss,"""Rio Tinto"" (""press release"" OR ""investor relations"" OR earnings OR announcement OR investment OR expansion OR acquisition OR partnership OR Korea) when:30d"
53,Rio Tinto,Mogotes Metals Announces US$15 Million Strategic Investment by Rio Tinto and Proposed Formation of Strategic & Technical Alliance - TMX Newsfile,https://news.google.com/rss/articles/CBMi_wFBVV95cUxOakJ0Y1o5aER6NmRvWWllMmJvdXhkQms1R1JnRGFvVDd6STY5MWpzLTVTcUwyZzFZYmF1QUlPTU9QbVJodlNKSTFSZjN4QWxHVU92cHUtS0VVZU9ua2tkWGcwR2tuejRwcTlIMzhYQTAzVW1MMGM1anl3cXJZUkFPSGdlNi1BbThXS2dzS1FXTVpCd196OE5ZcnhWaWZzS0pfSzRmWXNETDhzNVlfVkFfOHVCN1ZqZTZZWG1pUzlDaWE0Y2lVY0liYUI0dmJLaHl3RHRCTkhPZUJfZmdfZFpKUldBOHo1N01zajcxNDBXaFpJS1ZCb2xmYy1yaVdha1U?oc=5,Google News: TMX Newsfile,2026-07-13T07:00:00Z,2026-08-10T07:17:53Z,google_news_rss,"""Rio Tinto"" (""press release"" OR ""investor relations"" OR earnings OR announcement OR investment OR expansion OR acquisition OR partnership OR Korea) when:30d"
54,HyproMag,HyProMag USA to Establish Early Magnet Finishing Capability as Part of Phased Texas Hub Development - accessnewswire.com,https://news.google.com/rss/articles/CBMi5AFBVV95cUxQV0pmcE9CaFFKZndIckVzMnJuM0JrNkNCMi0xdUFVUTl0ZlgxTWZJQ1JTTlgxU01nV1dwSmNzLVZlLUN1aXdKbUU2ZXAtbkFWQS1JWmpmSnpGckNUMHp0T1lrNzVUVXdDZkxJbUJ4MG1qaXh0akR0YkZCUG1sS3Nhd1dMSFQ1VGwwbmNwaXAtdVktUUVWbDhnMjVzMWgwQmd6bEtGWGo2LWZWMlZOOEZzZ0Q0ZGdOaUltcU5tRW92TnVVMGZVN1c0US1XcEU0RXNqTmthTHptWFNQbzJ4YWprd0dockY?oc=5,Google News: accessnewswire.com,2026-07-27T11:06:23Z,2026-08-10T07:17:53Z,google_news_rss,"""HyProMag"" (""press release"" OR ""investor relations"" OR earnings OR announcement OR investment OR expansion OR acquisition OR partnership OR Korea) when:30d"
54,HyproMag,Mkango Resources Limited Announces Hypromag USA to Establish Early Magnet Finishing - Yahoo! Finance Canada,https://news.google.com/rss/articles/CBMilwFBVV95cUxPc3ZidGZZRFgzUW0xTHNKNVVYMGUyVFBTdnpnemc3UmlvREVNN1I3NzdEdlh2WEhKMmYzNm9MaklqT213ZHFMWkhrRXVONnFOR3F4ajFkamkxUFRUTzNYTzdGbWljN3VSRkc2U29zVU5KeEQyV3d3QTlnZlgtMnpHdy1CVlppWktreE5yOHFKTUU0T0NZX21z?oc=5,Google News: Yahoo! Finance Canada,2026-07-27T09:10:00Z,2026-08-10T07:17:53Z,google_news_rss,"""HyProMag"" (""press release"" OR ""investor relations"" OR earnings OR announcement OR investment OR expansion OR acquisition OR partnership OR Korea) when:30d"
54,HyproMag,HyProMag USA To Establish Early Magnet Finishing Capability as Part of Phased Texas Hub Development - accessnewswire.com,https://news.google.com/rss/articles/CBMi5AFBVV95cUxPTVBiRk02YXFzd3RNQm5ERmwyREo1cjFydWM0U3ZBRFgwSHhYLXYwY1g3azlNdFVMMUtlelVCcFlpWXhCM2lOYk96QTRFRXNqTng1QWVnZ3dLazFVUWZlVkFMZ3cwcWZZaG5yMjNiNlhwLUNhNXdlZlFwbUl5WkRRYkZ4MngtWTZnb3hpdDVFc2wyZXZiNGhfZkVfZzZpaEloZmk0UWNjWFZ1VElkR2JJR054X2pHcUt0enRlUXlWajNwU1hfY1lDOFNCcEJ0SEVsbjhuZHVHRnpKbGRGODF3aW1teXY?oc=5,Google News: accessnewswire.com,2026-07-27T07:00:00Z,2026-08-10T07:17:53Z,google_news_rss,"""HyProMag"" (""press release"" OR ""investor relations"" OR earnings OR announcement OR investment OR expansion OR acquisition OR partnership OR Korea) when:30d"
55,EVG,EVG secures Maniry mining permits - The Australian,https://news.google.com/rss/articles/CBMimgJBVV95cUxNSHRJcVJSaUZqVFFRbmlQQUtlWFFvN2hmRGRpZE5RczZhRGVXb2JUU1hNQmpUNE1adXA5dVZWejhqempWaDh4RUxMcHdrRXF0NEdXTmtFRlFJbUlrOEYtNWVKM0tpUmFOd2ttQjNZaHdPQWxqYzVZX3c0NTNYNEhGOXRXZldvRmd1anRzY0ZoazNMSy00UWFqd2hCRVZIYjhKS0ZRTkswTEJnbUdDTXdFUEpmWVh4WHVKbkJkMF83aTVOc2V6ZFdIeHRXZjRFbzNnZ1E5OVZmUjUxQ2NsNGh3NVNNNkE5ZG81RF82RjBKWUo1dlVDSE9Td2VFa1lJS3lhaWhZQ2ZSMVQ5OU9POW9GcEpjQjdSY1Y2SXfSAZ8CQVVfeXFMUHVqQ3gwWjNFQ1FJS0UyZVN5bmlHTWluS05scTB1UXBIYkZWWXVXeXk2NjNiWlRkbmZSbTRsTXpwNUVxNVhIUVNELTlGckFrWWxISGRPU3JIazg3ZkFMQ1lTbTdDRS0wRVItdGVaNm9CamhsTUJVNURLcklSbUhoS2MycFM0UlZycGktMkdnamZUMFhZelpGVF9PMmpuX1U1OEkza3B3T2Z2bnNyNnBUZzc1dVVMNkIzQ0x4UDVfa0Q1T3hrNWZid0VPNmdVVGxXR0M3Qm9Cd2lhdEdjaHdKYUZzWXNucU40MUk2Yk9vaXNFNThuOEk4VEFNaUZ2TFVYT0RGNkl1MVF3RlJabWZWellOSzJEZGFnWFJEMnU0UHc?oc=5,Google News: The Australian,2026-07-21T07:00:00Z,2026-08-10T07:17:53Z,google_news_rss,"(""EVG"" OR ""EV Group"") (""press release"" OR ""investor relations"" OR earnings OR announcement OR investment OR expansion OR acquisition OR partnership OR Korea) when:30d"
55,EVG,EVG:ASX Announcement - Application for quotation of securities - EVG - 21 Jul 2026 - Market Index,https://news.google.com/rss/articles/CBMiqgFBVV95cUxNNXlzaTRfdW9aQkFiNWlDMGtfVzk4djlxemJ4a2NaZ1htM1VRY1JLdy1La3RVSnNndTRNWjR6azNjb1BKWklpX01XSndmTnlyYXFCZ01ld2F5TmZzUTlOemRNc0N3QlB1MDV4c2VlYnZ4dnZqNVhSYnRYOVpIOGtTNjRya1dVbjZLbUo5SV9HU0czSjZWeGNRUm5idmxqTEdqQXRMX1ZyQjFXdw?oc=5,Google News: Market Index,2026-07-21T07:00:00Z,2026-08-10T07:17:53Z,google_news_rss,"(""EVG"" OR ""EV Group"") (""press release"" OR ""investor relations"" OR earnings OR announcement OR investment OR expansion OR acquisition OR partnership OR Korea) when:30d"
55,EVG,Evion (ASX:EVG) cracks the Pentagon's Cornerstone door and the fluorspar story just got real - Stocks Down Under,https://news.google.com/rss/articles/CBMiekFVX3lxTE5yVVZaWHlIRjdjVTVGQ3V5dGt5a0dkcTdOOW10RV94eHo5eDRJSWRSUU1iRnBMYk1RdWtmTTdiZWNHR080QWM2ZmhiZVEydlppWThUd0toT2l5cnE2U1JFcDdITnB3cXpMTG43aWZLNldvRl9tY1NSQnNR?oc=5,Google News: Stocks Down Under,2026-08-10T00:14:00Z,2026-08-10T07:17:53Z,google_news_rss,"(""EVG"" OR ""EV Group"") (""press release"" OR ""investor relations"" OR earnings OR announcement OR investment OR expansion OR acquisition OR partnership OR Korea) when:30d"
56,Plansee,Stocks in play: Almonty Industries Inc. - The Globe and Mail,https://news.google.com/rss/articles/CBMiwAFBVV95cUxQLU81SGdzanExdjI1a0s1emFuN0ZIV3F5eDR5OFZnRzNxSTVSNW1Ta0Y4NHBkRS1YRmF2eDZtVzNqNGNKS1FaaVVVQ1hiWFlubkFHLUJDLUtESDFiU0NfZ3lKenhjc0Y2NWtMb2JkTDN0SjQ2Qm44WG01bkJTbEs0RU4yTjE5aVlwZFVZYUMwY21jQW9BVXpZRkhsRlgzU09kNGJIdWxsU0EyY2huWjFGY2JHOEh0bGo4c2lwZDkyWlc?oc=5,Google News: The Globe and Mail,2026-07-14T07:00:00Z,2026-08-10T07:17:53Z,google_news_rss,"(""Plansee"" OR ""Plansee Group"") (""press release"" OR ""investor relations"" OR earnings OR announcement OR investment OR expansion OR acquisition OR partnership OR Korea) when:30d"
57,Texcell,ABL Diagnostics Selected By Évry Commercial Court To Acquire TEXCELL’s Operations - Pulse 2.0,https://news.google.com/rss/articles/CBMiogFBVV95cUxPZkJPUVBiZXhMOGdoMlNxcVFBanVMYkhiTFQ0M3pXUkRCWEdzeFhrWUJpMHk3Y0haemxDMndCOTB6MlFlZGpUR2JwbUhUUEdXVGFkMEFMTlhyWW0zRFdVSTdxMzdqSktrc2FjR3lYN09udkVVWDFwdHV0WXY3WUItR3FuY25jMnRqRUdNNEdRUEctUDV6Y0pOQ1l0STFXRXVwSmfSAacBQVVfeXFMUHNiTEx3UG9UMTNQV0ExSmo2ejRrT2lPQmRqb3VuMGFiRVNaNU42cVFPVVJHQ01qVFAybjg5VWZhSU9GSllJVUVQaGY5MzhwWFc3U0xzZlZhSGViWVU2RXdETm1NWmVJU1NGUUExWHFIUDBVZVlJSzJWcV9lNi1pRjc1RlZ6NHJkZGFfam85Q1pUM1RTVDFzd1Jxc01TRWdGdWJvcng0VFE?oc=5,Google News: Pulse 2.0,2026-07-24T07:00:00Z,2026-08-10T07:17:53Z,google_news_rss,"""Texcell"" (""press release"" OR ""investor relations"" OR earnings OR announcement OR investment OR expansion OR acquisition OR partnership OR Korea) when:30d"
58,Veolia,"Major water contract in Cúcuta, Colombia - veolia.com",https://news.google.com/rss/articles/CBMiwwFBVV95cUxNaFRsLXFnUWZyUWRGbWdtY09YQzdaczNXdzU5NWtVVlgyRzVFazk0X05ncFNGYXNzRllXTFplZDJsYU81YkpNbkdTM0lmUm51bnJlejNzNy05Mlo5cWtCZFhTd3BUb2EyRVlXYTFsZkFDa3c4aW9xS2NpTkU1Y0hiNHBPZHpVdHotVklmNndEcmhsc0ttVjVySnlDd1lqNC1Tdks5ZWFONE1NUFpQNGNsTmJUejQxZEpHQWVPaUxBS0FRbEE?oc=5,Google News: veolia.com,2026-07-30T06:30:10Z,2026-08-10T07:17:53Z,google_news_rss,"(""Veolia"" OR ""Veolia Group"") (""press release"" OR ""investor relations"" OR earnings OR announcement OR investment OR expansion OR acquisition OR partnership OR Korea) when:30d"
58,Veolia,Veolia Environnement SA (VEOEF) (H1 2026) Earnings Call Highlights: Strong Net Income Growth ... - Yahoo Finance,https://news.google.com/rss/articles/CBMingFBVV95cUxOZEQ2MkNTWEVoSmxLM0o1SzNnVDJxUDJUbzFnWUFpQ2ZSNUtsbFJlVURsdmd3RjdsSzV5Q0hNTkExQ19lXzNpdGp5ZzZPQWZkQWJqc1VseWI2b01zZ0pFVGotVkkzNGowZHc1b2ZqRnlUNzIxREFQd0tZLWFpZ2hCeUJ2SzRDMDhzcWZkUDdiOS1SUFpHZGZBUmFUdGgwUQ?oc=5,Google News: Yahoo Finance,2026-07-30T07:00:00Z,2026-08-10T07:17:53Z,google_news_rss,"(""Veolia"" OR ""Veolia Group"") (""press release"" OR ""investor relations"" OR earnings OR announcement OR investment OR expansion OR acquisition OR partnership OR Korea) when:30d"
58,Veolia,Veolia gives inside look at Milwaukee waste­water facility amid mis­man­agement al­le­ga­tions - Spectrum News 13,https://news.google.com/rss/articles/CBMinAFBVV95cUxQVXZBWVAweWM3WDl1c1dESWhTV19TR3I0Nm5fUE52RFFoY2oxdDhsVlU5dEoxWlN4UFFMS1R1MUZTTUllaWlKZjAybTFLUWNvT1dPWDNFcFdHVGlEejZVYUl6cFFxbV9kS2JYbXNXdEhVMVdIMEJTMl9kTUJlZTQxbnFISHppMW1CYTlqNlRwUWQyWUt5WlVxcTlGTVQ?oc=5,Google News: Spectrum News 13,2026-07-21T07:00:00Z,2026-08-10T07:17:53Z,google_news_rss,"(""Veolia"" OR ""Veolia Group"") (""press release"" OR ""investor relations"" OR earnings OR announcement OR investment OR expansion OR acquisition OR partnership OR Korea) when:30d"
59,Airbus,Airbus and Landing Zones sign strategic partnership for advanced UAS in Canada - airbus.com,https://news.google.com/rss/articles/CBMi0gFBVV95cUxNb2ZWVC1XQl9abTJFNFA1QTJwaTBYUFMySmh3cFR0ZkR0bUh0bVlVR2JOYVJZNndrR29xNElhc1dSNnpBbkJ6bW4wVHZ4blR4aUdkUTZaTjlybVU5NDAzVXlibzdYLUM0SEtnbDJteGhiQ2RxZzU3clRGNkt2LUxjUWJfc0U2dnpBZTMwWWNGeXp5RGxSakk1eTFjMW4zcUU3TWZLekcyUmtjNzdPQWhPV1pEbERpZkFwcXNfQ0dSdmk4S3I0WklCdDNvcXFIVlVyT3c?oc=5,Google News: airbus.com,2026-07-22T07:00:00Z,2026-08-10T07:17:53Z,google_news_rss,"(""Airbus"" OR ""Airbus SE"") (""press release"" OR ""investor relations"" OR earnings OR announcement OR investment OR expansion OR acquisition OR partnership OR Korea) when:30d"
59,Airbus,"Airbus targets near-doubling of earnings by 2029, launches buyback - Reuters",https://news.google.com/rss/articles/CBMivwFBVV95cUxPSUVkTnFtMTFjc0VLZUtnYWRwQmdsSGFweDA4a3BDR1VQQW1OSGcyYmtsdS1NNDBSbkxuMVFfMjJhNFAxVnRaaEtFTlpScENqdVJXaVVKQWpVem1RT2gzTVV5b05ISXhwMXkwZ1hCamw5YTZzdjFPSHB3bkVnY3VvSmlGaUhkYThBa2VmeEVxLUJLMC1SVFJCS3FXRXpKQ1lLRnBsNFZsMVdOUVVIc2hBdFM5UzhpWVpxbFVWVlJRaw?oc=5,Google News: Reuters,2026-07-21T07:00:00Z,2026-08-10T07:17:53Z,google_news_rss,"(""Airbus"" OR ""Airbus SE"") (""press release"" OR ""investor relations"" OR earnings OR announcement OR investment OR expansion OR acquisition OR partnership OR Korea) when:30d"
59,Airbus,"Airbus Logs Strong Earnings, Flags Confidence After Boost in Deliveries - WSJ",https://news.google.com/rss/articles/CBMiuAFBVV95cUxQbWZhVUp6eFJYZnp2VVBHa0pJU1JFMmgwb0VfLTZOS2lIUDdhRjVZYTJnYUV0R2xVUlQwdkhqbktXU1FKVDBNNkZfaGxteVRTbk9Sa3hCdzZGZ0NPYlJBQmtaX3lJbmk2dDVyOE9kanZvcGpFWFRqSEFBRVFqb1RQOHowemhLdDQyUnZlQVBSRDVaX05rd002V0Q4OUhnUTUxeWJVSFV5dXBXb3BlVV9nU2lEMjlDRGRm?oc=5,Google News: WSJ,2026-07-29T07:00:00Z,2026-08-10T07:17:53Z,google_news_rss,"(""Airbus"" OR ""Airbus SE"") (""press release"" OR ""investor relations"" OR earnings OR announcement OR investment OR expansion OR acquisition OR partnership OR Korea) when:30d"
60,Safran,Safran reports its first-half 2026 results - Safran,https://news.google.com/rss/articles/CBMilwFBVV95cUxOb1NtNEpyQlZjQkxkS1ZwaEMwcEhoclBXM1MwakJuZVVfSnVpaldySFc0SVFnVXYwMVpBR2dYWlA2OHNKTFRIQllVc0VuN2ZmeGJVQmE4VlBXS3BTX01PZFdHdmdzUGxfaHRtdTdmM011aTJkRU5heWVEekFpQTk4eWYyRTZmcmE2UURwV210R041b1pjVEpn?oc=5,Google News: Safran,2026-07-28T07:00:00Z,2026-08-10T07:17:53Z,google_news_rss,"(""Safran"" OR ""Safran Group"") (""press release"" OR ""investor relations"" OR earnings OR announcement OR investment OR expansion OR acquisition OR partnership OR Korea) when:30d"
60,Safran,ZeroAvia and Safran forge partnership on hydrogen-electric technologies - ZeroAvia,https://news.google.com/rss/articles/CBMilwFBVV95cUxNemV6Yjd5cDB2X21mNXI0X0pQa2lsd3ZMd0l4Sk1lVmNWZ2lKMmNXMWE2cXVRZFVMM2h5YjRVRmVUYUNYS0VFOHhmdGFnRkZrY29mTWFaSGhZYVNWZVRyOGozWTItY1k5aFhzMUI5ZExTdTZPYmlFUXAzd0RmQ3JyRDE0b3Q4WHJRa0dwbjY4OTFfNkViSmZn?oc=5,Google News: ZeroAvia,2026-07-17T07:00:00Z,2026-08-10T07:17:53Z,google_news_rss,"(""Safran"" OR ""Safran Group"") (""press release"" OR ""investor relations"" OR earnings OR announcement OR investment OR expansion OR acquisition OR partnership OR Korea) when:30d"
60,Safran,MTU warns diverging fighter requirements could threaten Safran partnership - Reuters,https://news.google.com/rss/articles/CBMi0wFBVV95cUxNRWJrVkxObjhvS25NaWJMVnNxSDRfRVhwNm9ubDJ2UGt1Zjc5RmsyTV9QOXJiREU4M3QxWDRiTVRUTkVBX3VxaUIwOW4zQ0hRSl9fTWtDbnRfZVpWdEFiQVJtcHIyMGpBMGVYc0lwTHl5SFEwS0h2S05QY1h0TF95MGZDNDVuTkFFenltZEdYc0VsaE5Gd1pVV09ZcDJ4b0wxWVotSjRJZUx0Nm1ZOWszOGhuVGdYSUhRNGpUNWxfcTFZOGJTSVl4LU5LTUpqVkRweWRj?oc=5,Google News: Reuters,2026-07-30T07:00:00Z,2026-08-10T07:17:53Z,google_news_rss,"(""Safran"" OR ""Safran Group"") (""press release"" OR ""investor relations"" OR earnings OR announcement OR investment OR expansion OR acquisition OR partnership OR Korea) when:30d"
61,Air Liquide,"H1 2026 Results: with an acceleration in the second quarter, Air Liquide combines growth with continuous performance improvement - Air Liquide",https://news.google.com/rss/articles/CBMi7wFBVV95cUxOOHJvbU5kSW1wWFlNTzJOakl1RW43UVVrdzUwcW1oY1Btdk9RQ2NOZ2VGU2NrYVFfc3Z4eUtZby1vUkJyVENpMUwzYTRlNnNXakp5MlBNeVpCQUxUemE2Wk13WldrZTd5RGlaenR1WUttUEVha1puZ3BEVHRYS1hwMU02SVlfMUQxblF5MXMwTUphS3M5b2xxUENDUkJFUExKTVdDNU5CSHVFSkp0alBkQ2UzSmNnTTFtNVA0T3l6MkhOTm1DSGNuZWhUbGV2WnB6VW1YOFNReTFNMWxIN01zVmJTdnFLSUE5ZXNxOUZoQQ?oc=5,Google News: Air Liquide,2026-07-28T07:00:00Z,2026-08-10T07:17:53Z,google_news_rss,"""Air Liquide"" (""press release"" OR ""investor relations"" OR earnings OR announcement OR investment OR expansion OR acquisition OR partnership OR Korea) when:30d"
61,Air Liquide,Air Liquide invests over 160M USD in the U.S. to supply advanced chips manufacturing in Arizona - Air Liquide,https://news.google.com/rss/articles/CBMi3AFBVV95cUxOY2tLNEF3ZWRnUW90NXR2VHpSMzdXVFdKak9JNm5xUF9Mb1JWb1QxNzQ0eGl5X0ljMkxsUFlRa1M2UDZibm02eHZYMng1Z095NzQtXzB0OGdfd3ZLQWcwaFg0T1BpaF8yR1NQb1Z3aHRmVk5EelR1a2dteTJZYXN4bS1Kel9sWkdlYUVzUG4zaTQ3UUdtQUNTVzA0aVNSY2FzYm04d2lwQmRTWGtQeUIxZ3Y2TVRZelRvRUJJbnhKbnlwN1l6N0dPU2t5RGVEVDgteTdsS1Y5MTB6UG5k?oc=5,Google News: Air Liquide,2026-07-16T07:00:00Z,2026-08-10T07:17:53Z,google_news_rss,"""Air Liquide"" (""press release"" OR ""investor relations"" OR earnings OR announcement OR investment OR expansion OR acquisition OR partnership OR Korea) when:30d"
61,Air Liquide,Air Liquide SA (AIQUF) (Q2 2026) Earnings Call Highlights: Strong Growth Amid Currency Challenges - Yahoo Finance,https://news.google.com/rss/articles/CBMikgFBVV95cUxPWjB1RklzTUoySy12X0lteVB2eXhNMGYwNkZvVGdDZ2NubnM1Z0phc19zVW9NOTAyUFlCUDlaS200N2F0R3dOM2lWR0ptMXJtTmhuQktYOWtpdzNJRk1Da21NNW4wNlNnTkpBcm9OeWl0V3hDWlpTYjlsQjlKTlR4cGVvbEN6OUNidEhBTzRnZFlpQQ?oc=5,Google News: Yahoo Finance,2026-07-28T07:00:00Z,2026-08-10T07:17:53Z,google_news_rss,"""Air Liquide"" (""press release"" OR ""investor relations"" OR earnings OR announcement OR investment OR expansion OR acquisition OR partnership OR Korea) when:30d"
62,Arkema,Arkema SA (ARKAF) (H1 2026) Earnings Call Highlights: Strong EBITDA Growth Driven by Pricing ... - Yahoo Finance,https://news.google.com/rss/articles/CBMikgFBVV95cUxPQzlMV0JtZjIyUnJ2cWpJY2xibUViNlpLM09GUW5WaFhmWVdCQkZXaTVvSVA0NHUtbkI2dHhZZkFfM3pkdlJHOHpFbDFaT1JlY183SEc1aWs2cWpBS1dJX3FEYUgxYmE4aUpjc21ZZk5NX0k5ZGlzczQ0bnFVRnhaRkNaeXVEM0VaRnVSNks4SE1Edw?oc=5,Google News: Yahoo Finance,2026-07-30T07:00:00Z,2026-08-10T07:17:53Z,google_news_rss,"""Arkema"" (""press release"" OR ""investor relations"" OR earnings OR announcement OR investment OR expansion OR acquisition OR partnership OR Korea) when:30d"
62,Arkema,Arkema (ENXTPA:AKE) Following Softer Half Year Earnings Still Looks Near Fair Value - simplywall.st,https://news.google.com/rss/articles/CBMiyAFBVV95cUxPVG9jTlQxakVXdkdQRzRlSXVQLXMwRktodUNOQXIyTGJnNjZseTZwY2UyTkRiYzBBOU5jVE5md1ZORDB0ZE1NM0tXekpVcFQ3dTZ1QnFlUENUR0pvUGxVOU9zNU8zclNjbkFsZExBenV6RnYwZUNnUTI3SjJDRDdBNzhfRFY5NlQ4LWhBaXRqOHNjbmV4TFR1YnR6ZnpOV2RaTHVEckhWd3ByVDVYdmFad0stcEhkR3FMY0t6akhfa2VDMERQN0p6WtIBzgFBVV95cUxNdHlvYTM0bGhyOXRMTTVOWV9VdHlmcElNYS1aSXJmS3MxcHltRXpaX1hLZ1BXTUV1UTZsZ3g3V200TzlTM0FLaG5OM0dGTE1iX3R6c0h6Y0pWNDJ1RUV6WUFuYjF5U0pIVTZ4MHpxOVJyQk0tUDE3aTRyY0UwWTRnRWxubWMtVExCaW9YZV9vMUhfeXUwVnhkbFFyZzBDd3hlcC05akJHOTlrU1VvemRyZWF5b1RPRnJZZzYyX29EUnBBU1N2MkcwQzFTYnBJZw?oc=5,Google News: simplywall.st,2026-08-04T17:14:34Z,2026-08-10T07:17:53Z,google_news_rss,"""Arkema"" (""press release"" OR ""investor relations"" OR earnings OR announcement OR investment OR expansion OR acquisition OR partnership OR Korea) when:30d"
62,Arkema,"Morgan Stanley cuts Arkema on fading acrylic acid spreads, earnings reset - Investing.com",https://news.google.com/rss/articles/CBMiyAFBVV95cUxPeUkwZDJyQXRTNS1yYlZaQ21iYlpCSW9weXdqejB3UlphalVqZmRxYWFNbk9OQUVEMHhOd0FEeU02aG9nbjVDTnFMNUJmcmhVbUJVS1pmRjA3LWhNWXNMbHZzTEVUWjRPS1hkT1drcGV0ekd1Zk4zcjBSVkp4S0tjazBXSFhzc0tmTGZpS0ZfckhCd2lTVWNCX2lEaEI5bm1ma2JxWk5MNFlUUzhxa0ZzRlp0NU5keEpjU1ItdEJmNTNEUkpqdFZMSg?oc=5,Google News: Investing.com,2026-07-20T07:00:00Z,2026-08-10T07:17:53Z,google_news_rss,"""Arkema"" (""press release"" OR ""investor relations"" OR earnings OR announcement OR investment OR expansion OR acquisition OR partnership OR Korea) when:30d"
63,DNP,"UTC DNP students provide free health screenings, build skills at Chattanooga Wellness Expo - University of Tennessee at Chattanooga",https://news.google.com/rss/articles/CBMiwgFBVV95cUxPV1kxRklheTNJRWNCSWZpMHktcDMxMTc2eWpIZmlmQXRaYWxBVFB3NmR0WEZjZmFSbWwyWXR3TkRDV0FwM0l0QURWY3BHdjliUVBfQjhDeFpoYkRDTDNBUmg5Q0g0RkVWMXQ1amM5LW14dmZULXBYMUJhQlR1Y28zbmRtN3haT0VEOVBvLW1UUG1nUTVPSURsV3NRdVREOU43UGVqSHRxTG8zQ1ctRG9jUTZFdTR4UzkyeFg2QWprZVNHdw?oc=5,Google News: University of Tennessee at Chattanooga,2026-08-04T12:43:53Z,2026-08-10T07:17:53Z,google_news_rss,"(""DNP"" OR ""Dai Nippon Printing"") (""press release"" OR ""investor relations"" OR earnings OR announcement OR investment OR expansion OR acquisition OR partnership OR Korea) when:30d"
63,DNP,Costa Layman Health Fair continues to thrive with its services - Augusta University,https://news.google.com/rss/articles/CBMilgFBVV95cUxQb3RicExXT181cVM3TUFOVHF6UWVRc2xRZVgxakV0S3dCRW10S3BUd0Q0Uk9OTko3a0dpSkFEdFdJUzcxSjZ4QkZiUHpRalhCWmM3MEhkNzZ4dlhPSjZpZWNheHFpZ0lRVEFXLV8ybEpsXzZOTDZEdy1YVk1IdzFwWkI4QWp4SnJodDFwNHBia0tVWGdCSWc?oc=5,Google News: Augusta University,2026-07-16T07:00:00Z,2026-08-10T07:17:53Z,google_news_rss,"(""DNP"" OR ""Dai Nippon Printing"") (""press release"" OR ""investor relations"" OR earnings OR announcement OR investment OR expansion OR acquisition OR partnership OR Korea) when:30d"
63,DNP,Dai Nippon Printing (TSE:7912) Stock Premium Meets Shrinking Quarterly Profit - simplywall.st,https://news.google.com/rss/articles/CBMi6AFBVV95cUxNdnVwZjlSQ1pQRERmRXRTRUNMUllSc3k5TTRBbU9wVGlBVWhST2FScW9Nb1l4VHJ3NHdWYVJvYWFRbVZVbGZjazZzalhCUE1oLTdOMTNMQVRESTRrcUJjOS1YUHNEZkFyZnAtS2lCdWtkVDBlUXYtc3lxUGlvRWVWVnFVeHdlWHRUY3dHOEI0NnhRUFgtUV9HQ0d1eXBqQVJyTjFBbWZvR3lacnJETEVIaHNST3QwWjZDMFR4Wi0xMXdrbkdUamlvZEd3bFloZms2V0czS0RXaTBZRThISmxkb0JHZEF6WVlP0gHuAUFVX3lxTE1yRnFTcF9BX2NWeGRJdkppOHVQcHdpOHFhNHVQVzBoSjZQUk9URGZOU1JKTW1MM3VTMkQyTUNrdTc5anFWVDAwTGlmTmhFd0gxU0RQdW1jaHdXMXJfOGRHaTdWclBpUXY1N1FSZnN4amx3TzhoRGlYZ2tqekxHSm5zYlEzaFZkcnBzRUZPNW1iUzdCWTJpb0FnODlVVnZwOUJkQnc1OUREVnIwaUJ6dVFfM3FHWFRsSzBJYzJhdlVKMnBBSnVFcmhxNVpzdWYxZjVlQ0c2SnJrRVFOQ3lCMGdsMkFpdmxwNDNvQmVHRFE?oc=5,Google News: simplywall.st,2026-08-08T20:41:58Z,2026-08-10T07:17:53Z,google_news_rss,"(""DNP"" OR ""Dai Nippon Printing"") (""press release"" OR ""investor relations"" OR earnings OR announcement OR investment OR expansion OR acquisition OR partnership OR Korea) when:30d"
64,Hitachi Metals,"Japanese firm to invest RS 2,250-cr in rare earth magnet plant near - BizzBuzz",https://news.google.com/rss/articles/CBMiqgFBVV95cUxQZ05ZMkRPZGhPaFAwblExLUstdXJ0ZHVzc0JhTktld0NnQzVHdlZPNkoySWhLVnFQMl9xb2d5QVRsenhueHc4bHlmbFJGRkVJdkRvWEJnZ2ZCck56MDRwaDd0VU5QTC1kcFR1N3c1Ri1MOUZyR1hEaF9SeWQyMFhERzZlbHdfNzh3anZGRVpiRFhGeVhXejBRX2FYY1loMlJ2Tko4MDRjSWs1dw?oc=5,Google News: BizzBuzz,2026-07-26T16:40:56Z,2026-08-10T07:17:53Z,google_news_rss,"(""Hitachi Metals"" OR ""Proterial"") (""press release"" OR ""investor relations"" OR earnings OR announcement OR investment OR expansion OR acquisition OR partnership OR Korea) when:30d"
65,Toppan Holdings,Toppan Printing (ADR) (TOPPY.US) will release its earnings report on August 12. - Moomoo,https://news.google.com/rss/articles/CBMiqAFBVV95cUxOUlZldThMNElFSWZoT2tyMzB4ZHNBSi1OMl9uQ2dJTmhOaHN4RXRjbWdRQWVuZjBWQmVMWDJPdEVPX3BTRHdYclE2V05DZEluX25maTN1Vmw5VlFkS3lLUFJtUVg2TlNmVWhWcmo1RGw4MUJGYTNwai1VdVF0MWowZU9ja2JNaXprUWxvM1RFcU56d3BVTzlvMFFjeTB1bnNNS0p1RlVmMHc?oc=5,Google News: Moomoo,2026-08-07T05:22:47Z,2026-08-10T07:17:53Z,google_news_rss,"""TOPPAN Holdings"" (""press release"" OR ""investor relations"" OR earnings OR announcement OR investment OR expansion OR acquisition OR partnership OR Korea) when:30d"
65,Toppan Holdings,TOPPAN Speciality Films Wins Awards in Three Categories at the 10th CII National Energy Efficiency Circle Competition - markets.businessinsider.com,https://news.google.com/rss/articles/CBMihwJBVV95cUxNSHZFQVpTYTVqMlhMeVQ0WmY3WEZXMWdQMEpLZmhLZkhsdUwtTlZ6VW13cTY2aUJfc2tCNDI4ejJncmpkSmtqSTRkU3BBV2tBRk5STWN5QXJKREhIbGRhUFhJLWNhcEFWWk1IVi1jVlJyV0dPdXlXQ0tUOC1TbE9aaUY5RTRRclNwR1JiZFcyMmNqYjFYNy1ZUldsMUs4R1NjaHFsNEN1T00yX3JORzVyUTN3WkFrc1lZQVYtMzYyYkJEc0p6VWI4Y1Rub2lhaC1NNWhfSUdxb2hhN3lhbFlSajJkZDhQX0xKd2VaaWZ5NmhobmdMUWxhSUkxYkwyQlpxakpHbVVCRQ?oc=5,Google News: markets.businessinsider.com,2026-08-08T21:19:30Z,2026-08-10T07:17:53Z,google_news_rss,"""TOPPAN Holdings"" (""press release"" OR ""investor relations"" OR earnings OR announcement OR investment OR expansion OR acquisition OR partnership OR Korea) when:30d"
65,Toppan Holdings,Japan’s Earnings Calendar Picks Up The Pace Next Week - Finimize,https://news.google.com/rss/articles/CBMiiAFBVV95cUxPcVdJT0dvSmNCWlFOVlVjVTV5UWt5bUsxclc0LTVpUEU1UzF3WkhzdDRKc0RZa2pUSlhCc3dEQ3dXN05CLUdHNHViSzhmZTc1V3ZXajdUMkRZVFNnWGc5bFVmd0E2NkRWQ2VBZW9KdFplcHEtd0NOVV9tbHpxVGJrTTNiWTcwTUlD?oc=5,Google News: Finimize,2026-08-07T12:12:58Z,2026-08-10T07:17:53Z,google_news_rss,"""TOPPAN Holdings"" (""press release"" OR ""investor relations"" OR earnings OR announcement OR investment OR expansion OR acquisition OR partnership OR Korea) when:30d"
66,Nabtesco,Nabtesco Corporation 2026 Q2 - Results - Earnings Call Presentation (OTCMKTS:NCTKY) 2026-08-04 - Seeking Alpha,https://news.google.com/rss/articles/CBMipwFBVV95cUxQVTBjZ0h0UnU2elAtOTBoZlRET2xiNkV0b01yN1BzSUEtcHJxX3hWRDZKUFZZZm1QTG5DaWQxZHpfMkViZk9ETWNST3NlVEN4V25Fdm5GN0cxbDFOMDU3ZlhKN19RNnctbnpsMXQ5b1dCTy0xMzMxczgtYkVEMDVDalZRMi1YVVcycnM4LW5zc3ZyQW9aZ2d6QTVzR1FTU2hxa2ZUYUlDQQ?oc=5,Google News: Seeking Alpha,2026-08-05T01:01:34Z,2026-08-10T07:17:53Z,google_news_rss,"(""Nabtesco"" OR ""Nabtesco Corporation"") (""press release"" OR ""investor relations"" OR earnings OR announcement OR investment OR expansion OR acquisition OR partnership OR Korea) when:30d"
66,Nabtesco,Is Nabtesco’s Share Cancellation Plan Reframing Its Capital Allocation Story (TSE:6268)? - simplywall.st,https://news.google.com/rss/articles/CBMi0gFBVV95cUxPcXBzZXNKYi1iUVVEa1luV01NY0xSR0t1TElKbVo4UzBqLW9KS0lLT2pQMTZ5aVJhVmg5OVZYWXFXT1RfVm9QREZ3T0N3R1YzcDhLb0hGZXgzTnNwSnpYcWFsSFdWdm9ENmxQY3g4RXlHU3hfeGRVYlZaWDFQRmpfTlI0VkVQZGlwT3FwN09xaEp6bWwxZ0N5VUx2RlNSNEVfeUFnT0hKamJvQXBGSWNxcHBTUGdJZ1l0WHNKT01wRTNuNWN2elRUMkxBNnRVQTVpWkHSAdcBQVVfeXFMTy1sQUZyR3pvaG5NNThnYzhrZzhkdVFCR2J1ZkJzTjlmeWFSWXJhem9qYmhpTkFKQnB3X3cyVlNMM2JzekFOY2ItOGFQVmhFUUlBY2xHQnB6Ry1razVWWWt4cExOMDgtTjk5Ri1pMTZsRXlQTkpjbzlweFNSQVpUSzFpZHRMR2NaTVpsamE1RUJBcE5sQXJWd2drYVE5VjZpZ3dIUUpQU0RlX0xqS1A5cTQtOHBNNEZFQTkxYXhKcDlNWjMwLTNpdGZfaHpvUUlXYTRHekRWUlk?oc=5,Google News: simplywall.st,2026-08-01T04:00:40Z,2026-08-10T07:17:53Z,google_news_rss,"(""Nabtesco"" OR ""Nabtesco Corporation"") (""press release"" OR ""investor relations"" OR earnings OR announcement OR investment OR expansion OR acquisition OR partnership OR Korea) when:30d"
66,Nabtesco,"Asia Pacific Precision Gearbox Market Size, Forecasts 2035 - Global Market Insights Inc.",https://news.google.com/rss/articles/CBMiigFBVV95cUxQM0hITlQwQm9JcGxieUoySWJxOEl6emhQTnRuN1YyeVJTcnItUjR2VndRSFo2cjdsYkpvOElMNFRiTmc4NExERmNiek1WaDFnZ3dwbm1UUzloVnRQVUpvbGE3VVVwcXo2TXZvR0pIVWhFYjAzRFNpZHA2TGItSjNWLTVUYUJJQXpDN3c?oc=5,Google News: Global Market Insights Inc.,2026-07-24T11:29:09Z,2026-08-10T07:17:53Z,google_news_rss,"(""Nabtesco"" OR ""Nabtesco Corporation"") (""press release"" OR ""investor relations"" OR earnings OR announcement OR investment OR expansion OR acquisition OR partnership OR Korea) when:30d"
67,Asahi Glass,AGC INC (5201.T) Q2 FY2026 earnings call transcript - Yahoo Finance,https://news.google.com/rss/articles/CBMikgFBVV95cUxNLXpibHNaUVdIY1JQQ3lMeUNha3pKY1EybWk4LTM2SmpqMHJUQjU5aXZPaF96TVlfS2ZEUEN3RU5rNy05dnhaaXZBYXE3R0FmS1EzTmFvX0dWNThwWjBkTVZqNnBQZG5meHVyMlA0UkVBOXZsS0lhQ1gxZ0pHVDJNUE9aMHg2V2VHZ3hKWjJUWlRxUQ?oc=5,Google News: Yahoo Finance,2026-08-04T06:00:00Z,2026-08-10T07:17:53Z,google_news_rss,"(""Asahi Glass"" OR ""AGC Inc"") (""press release"" OR ""investor relations"" OR earnings OR announcement OR investment OR expansion OR acquisition OR partnership OR Korea) when:30d"
67,Asahi Glass,AGC Inc. 2026 Q2 - Results - Earnings Call Presentation (OTCMKTS:ASGLY) 2026-08-07 - Seeking Alpha,https://news.google.com/rss/articles/CBMilgFBVV95cUxNV2FKRXJHOXRPUFd3bGhvajFCZW96bENYcXZ3bEV3dGpVcDRCS3FHZ0VvaWFiWW11dFBSZnJyazkyd0RxdDkxSFR4NW1wX2FKZmpDU3ZnZ3RnRjBqd0hJaFllQ0xzWnBpNHNFVTFNWWp2QmtSZ2ZCNWhZNUJHZDhQckUzZ2s3OTJnR3FBaGxMT3lvekdvV2c?oc=5,Google News: Seeking Alpha,2026-08-07T23:45:03Z,2026-08-10T07:17:53Z,google_news_rss,"(""Asahi Glass"" OR ""AGC Inc"") (""press release"" OR ""investor relations"" OR earnings OR announcement OR investment OR expansion OR acquisition OR partnership OR Korea) when:30d"
67,Asahi Glass,AGC Inc. (TSE:5201) Just Reported Half-Year Earnings: Have Analysts Changed Their Mind On The Stock? - simplywall.st,https://news.google.com/rss/articles/CBMiywFBVV95cUxPWjFKQ19uTkF3Wk1nYVdCbFg3Tk8wNFZqY1VxWE4zYk1Wc1FEWHF4TWNicWR5SzhGQy0ta0plUUpQY2JwYlVOeU5WM0RqWnlQNjd3Yk15aUZheVRJVk1JTnE0eHNfM19Tc21Scy1kWjJvX0Y1VURyY2FpRHFSRHRIR0NIaEVRZ2NfQmtvR1hGTWNJVy1kcU9UTEV3eW92UW92bW1COGlLNEc3QXNZc3piNE1IOUhodGpTS3ZJSWRxbkUxRV9GRGctYXVvSdIB0AFBVV95cUxOeHFYR1g2bWo1ODh1elZOWWNBeEZmTEIySk05MjdDZTZyQWRCNmh5Qk5mSXVqUXB5bWUwOTlxZnFkb0dNX3JQX0dSNFNaTF83QjExTC1hUmswUjhobUVsS0xKYlY2bnc3eTNSWjJVckdlYjB2ZWZRdjFSVDBYcFVXLU9nTlZXR0U4MkdMNWZVbkt2RzBPOVBnVUZ4U0s3LWdMT3lCYS1WQTJCckVrbzY5LTJhYzFDRHhuanc4d1pna2lfXy1QcmN6cWZBbEhzU2xq?oc=5,Google News: simplywall.st,2026-08-06T22:22:06Z,2026-08-10T07:17:53Z,google_news_rss,"(""Asahi Glass"" OR ""AGC Inc"") (""press release"" OR ""investor relations"" OR earnings OR announcement OR investment OR expansion OR acquisition OR partnership OR Korea) when:30d"
68,JSR,"Photoresist Chemicals Market Size, Share | Industry [2026-2034] - fortunebusinessinsights.com",https://news.google.com/rss/articles/CBMigAFBVV95cUxPV0hDZEdMRTJ1OGowcWJxNVIwNTJDbURXNGN5LVdVV3ZmaEExWHV0WHlLOHI3OXJ3LWpSUXFkelZqd3hONlRvdVNGOVlKX2RTRVBMVEhzY1QyNm93cjNUNW5UUmwxV2haMXNBdDZidXoyaF9BZ1ppQTdRQmF6WGVGcQ?oc=5,Google News: fortunebusinessinsights.com,2026-07-13T07:00:00Z,2026-08-10T07:17:53Z,google_news_rss,"(""JSR"" OR ""JSR Corporation"") (""press release"" OR ""investor relations"" OR earnings OR announcement OR investment OR expansion OR acquisition OR partnership OR Korea) when:30d"
68,JSR,CuspAI Launches ‘AI Materials Foundry’ a Global Network to Accelerate Breakthrough Discoveries - Business Wire,https://news.google.com/rss/articles/CBMi4wFBVV95cUxQQU1tWVNlb0h5UERCamo1WkVDWUdmWFF3RUNSZUhmQjRUSmg4QnJNc1pRanpXU0c4M0s0Q1R1R2FGZVRMMkVvcU96TGNGczlVRW9VZG80R1loeTE0eS00YnRldThGek5EZmR5aWJsYzk0M2FYOXd0eU9DcXZ3QWZ4WVh3U1FMcmVXSUE1OWxFaXVCU1ZDQ1Z1VHdhUnhteHR2OVNUMlFJVVVoUElxRXJOeFFyeThCTmVQZFlkMWh0UUR2OUprRHFFRlRGb2lsZDFVYWljaEFsanlEaG5tdUJEZnFxVQ?oc=5,Google News: Business Wire,2026-07-20T07:00:00Z,2026-08-10T07:17:53Z,google_news_rss,"(""JSR"" OR ""JSR Corporation"") (""press release"" OR ""investor relations"" OR earnings OR announcement OR investment OR expansion OR acquisition OR partnership OR Korea) when:30d"
68,JSR,JSR Genetics reflects on 10 years of progress - Pig World,https://news.google.com/rss/articles/CBMiiwFBVV95cUxNWTVBOGhYQkF3aVpQWUhUNGlzOXBMVW1qMlZkbExGeV9JaXZHTkFVaW84UGNPUUNUOHg5bGRFU1ZJaVgxRGpfbmttcGt5NlBJRjdmRVJCekRhYXJjNV9CUFhiMVJCa095Rko5eUZBNXQ1RGlnZ05zdEpNNmNKaVNYQ3RZX2VnTlZfQnVr?oc=5,Google News: Pig World,2026-08-05T08:09:00Z,2026-08-10T07:17:53Z,google_news_rss,"(""JSR"" OR ""JSR Corporation"") (""press release"" OR ""investor relations"" OR earnings OR announcement OR investment OR expansion OR acquisition OR partnership OR Korea) when:30d"
69,Shin-Etsu Chemicals,"[Stock in Focus] SUMCO rebounds sharply after eight days, driven by Shin-Etsu Chemical's earnings report highlighting growth in silicon wafers. - Moomoo",https://news.google.com/rss/articles/CBMipgFBVV95cUxQX0FNMll4U0x3R2tSdkNhQ3d6QTRFMElSSW1YLXdJLWk2Nlpkb19yNzZjR1VvWThHZW54eWVxS1N3RHBVNVFZLVZEaEFhVm1PVjliRkJjZm9HMDdmQ2FqaFlLLVcwbnZOei1SZDQwZzZqX3dLTzByZ0pzWmhCZmJ5NXFERTJoZzZJSVdydWx1dGhWd202a3JOOGt3NU9MS0lfQnhHZUh3?oc=5,Google News: Moomoo,2026-07-26T07:00:00Z,2026-08-10T07:17:53Z,google_news_rss,"(""Shin-Etsu Chemicals"" OR ""Shin-Etsu Chemical"") (""press release"" OR ""investor relations"" OR earnings OR announcement OR investment OR expansion OR acquisition OR partnership OR Korea) when:30d"
69,Shin-Etsu Chemicals,Shin-Etsu Chemical (TSE:4063) Could Be 29% Undervalued Following Earnings Dividend Lift - simplywall.st,https://news.google.com/rss/articles/CBMi2gFBVV95cUxQWGtHNXdVSGJNQ2xDbF9WalVLN2dJNUl5bHlKSmJ5Mlg1OUFpVDZCOVI2Vk90RWFTTGIyX2FZOHVYR09DYjVHRkhxVU1TR2RwdVBBM25VWDBwMV9jY1NidmhESEdmVDNLb0w1NWtTMUl1dDV5TERBRkVhdnNNUXNBT0ZIbS1lUWZ0bWlGSF9nUjRRQ2xsNkpSNG5YNDhQRWY3V2w5SnNsNFVITEp2M2hUVTlaTXo1Q2FDcnhWUGRWR1hXUGQ2SWxsRVlxbnl6Q05YQlY1VDZEV3ViQdIB3wFBVV95cUxOa0NJVDR3b09EUGpKcVZVMXZhOFBRNmR1elRzNkdWMjBNWWhGOUhtT3ZIeWJ5d0lISWdqOFQ1ampfckpiZWZpTkM4aVJlUnhnSUpMUVFyWVNRaHpMREd3UEVud2RCVkJBLXBxN1QyRmVFSW9IcV9LbFlyTzNwandBcW83V3ZhWEpjUkY4RHppWkFWUURhSlZhbVdVcmlMMUExOFp0THRLUTBmN2UtM3NsZ1ZHQWxYenZkVDF6WkFwcTM0V3NzcDRmMTg0elNSNmxhZEdqZGJwZjViZzAxLWU0?oc=5,Google News: simplywall.st,2026-08-02T12:35:10Z,2026-08-10T07:17:53Z,google_news_rss,"(""Shin-Etsu Chemicals"" OR ""Shin-Etsu Chemical"") (""press release"" OR ""investor relations"" OR earnings OR announcement OR investment OR expansion OR acquisition OR partnership OR Korea) when:30d"
69,Shin-Etsu Chemicals,"Shin-Etsu Chemical Co., Ltd. Revenue Breakdown – TSE:4063 - TradingView",https://news.google.com/rss/articles/CBMic0FVX3lxTFBMT0hFZ2hiNmtRVDB5RVM2R0xwSUtBdXgtdy1ReDJRYTRqbW00ZVU4MGUyaG55cVNlY3owczQ1NHNxUjg4dU41Y3d2ZU9YblZQWGR1TXFqX21BSVd0M1ZNZURoZlduWlNmaU02c0Ewb1lIRzQ?oc=5,Google News: TradingView,2026-08-04T06:19:07Z,2026-08-10T07:17:53Z,google_news_rss,"(""Shin-Etsu Chemicals"" OR ""Shin-Etsu Chemical"") (""press release"" OR ""investor relations"" OR earnings OR announcement OR investment OR expansion OR acquisition OR partnership OR Korea) when:30d"
70,Tokyo Electron,How Teradyne’s (TER) AI Test Push and Tokyo Electron Partnership Could Reshape Investor Expectations - Yahoo Finance,https://news.google.com/rss/articles/CBMilAFBVV95cUxNTnNaR3l4WTA3dzFMSk41T0JCZHg0b2dBOHZZNEF5UVJXREZySzlsQ1hWQkphcTBac0Ztd0R3MUkwbWYwZFlSYV9wTDhaNWo0S3lGbzFhVWFHdFVabTMtVXJ3Yk9aaTI0TUtGT293bzlBbDlCcGVnODVPSVBiMU5LN3VPNUtFWDF0b1Q3YXJoT0RDQy1x?oc=5,Google News: Yahoo Finance,2026-07-28T07:00:00Z,2026-08-10T07:17:53Z,google_news_rss,"""Tokyo Electron"" (""press release"" OR ""investor relations"" OR earnings OR announcement OR investment OR expansion OR acquisition OR partnership OR Korea) when:30d"
70,Tokyo Electron,Tokyo Electron Limited 2027 Q1 - Results - Earnings Call Presentation (OTCMKTS:TOELY) 2026-07-31 - Seeking Alpha,https://news.google.com/rss/articles/CBMiqgFBVV95cUxPV2t2ZHMzVHZaeWZpcnphVTdCREttOC1fclBOdVRJbjFGMm5KVjRrNUJMNnNjR2pTbVNoUUNWYmRSZTlNYzJIXzNLTGNMdWswX0ptVmF2N2RodE9SdHIzekpUNmRvMVhYejd0UWZxM0FQN1FzZ1JXcVRqeGtvN1drWENYa3poNTNieFVpS2djNjY5ZmdOYUF6eFZJeFBuYmI1UHlCSEJoZWdXUQ?oc=5,Google News: Seeking Alpha,2026-07-31T07:00:00Z,2026-08-10T07:17:53Z,google_news_rss,"""Tokyo Electron"" (""press release"" OR ""investor relations"" OR earnings OR announcement OR investment OR expansion OR acquisition OR partnership OR Korea) when:30d"
70,Tokyo Electron,Why is Tokyo Electron stock tumbling today? - Investing.com,https://news.google.com/rss/articles/CBMipwFBVV95cUxOMjNCUnRDZTBnejFKbEZ2SmNqMU9RZTVwcTFKVXNwVWdXTTVTQm10eUFiMFd2YUdiRnYxeFl4OHU2a1hwd202a1lZVlBoaDFNcjFtbEtsLW8xZ3MtLWlqUld5UUJodXRZSWc1dUpyczNnTEdOQ1FJSmZLcUx1ODNVY3Y4YkFqNDE5MksxSFJ5c2pGYi00YTBaMHpGQmpxbzJ1R2tGb2V1OA?oc=5,Google News: Investing.com,2026-07-28T07:00:00Z,2026-08-10T07:17:53Z,google_news_rss,"""Tokyo Electron"" (""press release"" OR ""investor relations"" OR earnings OR announcement OR investment OR expansion OR acquisition OR partnership OR Korea) when:30d"
71,Tosoh,Tosoh Posts Strong Q1 Rebound and Lifts Full-Year Earnings Outlook - The Globe and Mail,https://news.google.com/rss/articles/CBMi5wFBVV95cUxOLTdVc3VtRy16UkoxVHJ5Uk51M1JZTEF3RmtpM0VmVFZiYUVMT0xsT0Z5V2RVajdjcjhrTHQ3RnhsdHloM3R4MGp1SkhnYlNvRnNYaGN2cFlGRUl6d05qZ2VkWVc0QVdPWG1fZmc3NWtTTUs1MWNHdkJ5REZXNVRYUkYyNzRjLTg3dng0eGtQVEVXZENXR0hiTG00OURJclBzYnlUNTNSWXNlV1N6ZVRjZmdnVTYwQ0xCWjhfekk5R2Ffa2w2NkhqYUNuTXgzVXJNbzVXSzJNOXNCbDc5N29PQVpRcTRvZzg?oc=5,Google News: The Globe and Mail,2026-08-05T04:34:00Z,2026-08-10T07:17:53Z,google_news_rss,"(""Tosoh"" OR ""Tosoh Corporation"") (""press release"" OR ""investor relations"" OR earnings OR announcement OR investment OR expansion OR acquisition OR partnership OR Korea) when:30d"
71,Tosoh,Tosoh (TSE:4042) Stock Drifts As Profitability Rebounds Sharply - simplywall.st,https://news.google.com/rss/articles/CBMiyAFBVV95cUxOeHlFV0U4dkZqaFlKT1Z6TmkyNDNrQUNhbWJoTXM0YnBqcHQtSDlTQWlMLXFjRUt3MURDLTZMYzg1ZzdOY1ZxMEphOG5OZ1VyRENOWTRBblMzTDRfNmo3Q3ZTVEFzeU9kbEJSelNzRm5VSVltN3NpenlEOS1KZ0RBQ2FzRkpwS3lkcFUxYkxmNU9EY3RlZHhfTFZqVWk2dEktM1dKWjdqWHpCMmExUkU5REVWUGNvQ2x2a1FoaVByclVWZ1l6ZEZ1UNIBzgFBVV95cUxNbUNFT1VjZU5pd1NUVnVxTGo2Z0VDeTlUVUo3QXFyU085bTBXenFIQUZKVkh1N0h4VE5HampaamJRRy1YNFYtTFlUdHdhTkpfNmdEY1dpYlhhcmxpZ0o0QVdrb0ptTXY1NmFNY3FEZkRaNG40dUpxTk9pcFBUUGd1ZGRoTGY2ZjJ5UUZycUJKU0dhRVlZRnNfRFpmYmdKcTZCVkxNV2R3WWEyUDN4THZDM1B3dGF2TjJyT2pRbjJJSDJ3b1lOVEU0eWVXTDM4UQ?oc=5,Google News: simplywall.st,2026-08-06T08:18:46Z,2026-08-10T07:17:53Z,google_news_rss,"(""Tosoh"" OR ""Tosoh Corporation"") (""press release"" OR ""investor relations"" OR earnings OR announcement OR investment OR expansion OR acquisition OR partnership OR Korea) when:30d"
71,Tosoh,"Tosoh Corporation Provides Consolidated Earnings Guidance for the Six Months Ending September 30, 2026 and Fiscal Year Ending March 31, 2027 - marketscreener.com",https://news.google.com/rss/articles/CBMi5wFBVV95cUxPTS1LVDg1ZERyNm1rWjVLTUdzRUNwbGFjSVgydHlNNFRJU18xNC0tNHd3N0NSV0RkWUV6ZDBjNUMtNkVBdG1ZUkxjekJOTjNBNHI4ODBvdTRWczhNcG4tRHBUS1Jwbm1iSDgtb3VqOVpCOW9Dd3Q3emlfZGNtX0QtUnZ3bEZYby1FaTFMT2N1UjVZaTBhR01QeE1DZjlxczJIcDVkUE5sVUtzLWhPUm05R3BGMEh5LWFwb0I5QVpaQlNIM0Q3WGljWURCckMxM20yZE5XOHdPRVBjTi1rQ0xkNjBTbk5kTFk?oc=5,Google News: marketscreener.com,2026-08-04T04:00:00Z,2026-08-10T07:17:53Z,google_news_rss,"(""Tosoh"" OR ""Tosoh Corporation"") (""press release"" OR ""investor relations"" OR earnings OR announcement OR investment OR expansion OR acquisition OR partnership OR Korea) when:30d"
72,Mitsubishi Chemical,"Responding to relentless expansion in China, South Korea and Japan keep shrinking ethylene capacity - Chemical & Engineering News",https://news.google.com/rss/articles/CBMimwFBVV95cUxPM19zX2NHeURkQWowOWphWWJ3UHNPWDJWMGtYSk5hUFl5Q0NfS3ctdk1SSndHdGtaaFRkS3E5dG4zdThHdHpwb2ZOVkRNV0VTVE5lTllGbC1SMkxQeXRmT1AwOUliNFlraE9vdFpXbVRWM3ljVjA5OTVSSDNzQTdSMXdaT0dyaVEwQndxYW5WZ1UxdVMwb0pGb19fSQ?oc=5,Google News: Chemical & Engineering News,2026-07-20T07:00:00Z,2026-08-10T07:17:53Z,google_news_rss,"(""Mitsubishi Chemical"" OR ""Mitsubishi Chemical Group"") (""press release"" OR ""investor relations"" OR earnings OR announcement OR investment OR expansion OR acquisition OR partnership OR Korea) when:30d"
72,Mitsubishi Chemical,Is Mitsubishi Chemical Group (TSE:4188) Undervalued Following Its Raised First Half Earnings Guidance? - simplywall.st,https://news.google.com/rss/articles/CBMi4wFBVV95cUxQNjhJRXE2UndWN2NzUVBkMXdsNUZHb2lhZzdkUVp1bnJzb1FMcXBKeFdLbEFqOXpySV9sQllVSWZDNFNJTjlVX2FqVDlFUEtpUXVQZnpLaHpsanpwb3JmcVNIZE00OWNTRWllcmVCeTZzWmhkR1ZsWWFLWXVhTGl0U1g2Q1doXzQ1VjM1N3FTV05yc0M4M3VmVlYtRVJfZ2hoU0JHNXRuN1VpZ3lxbm5GWjdvLXFmeEJ6dXJDYUU0ZXJpWXJkQ2M2dmhiMFd0clpyLTREQzVXM2JjMmhyM3Y3dmtZTdIB6AFBVV95cUxQRnFJMElGd0o2LWxDcG4zbHk0NXBEM25kYmxka3dqcFg4SXdYb1FGQ3FXeE54T0RtbDV4Z0xkbHQ2aTRGZjM2S05hNmhKaEhrd3dXdVhWNUhlMDFxb0pYSUhPSFpCMkVPTENBdjVaaTlmNFpMcnJlVXp6aVdwM1B4bHpvSHNpazVCNGdjZzZhUWlRUnNFaFZKLW1IMm5BVkFkWGVFZ1VMcDhuenRVVmhiR1I1LUk0UnVpZ1V6WGhGTVJJck5FRk9TSHRJTEEyWjZ1VUpMemh6WENieHBtdXVqUENEcERXNU9o?oc=5,Google News: simplywall.st,2026-08-01T15:25:23Z,2026-08-10T07:17:53Z,google_news_rss,"(""Mitsubishi Chemical"" OR ""Mitsubishi Chemical Group"") (""press release"" OR ""investor relations"" OR earnings OR announcement OR investment OR expansion OR acquisition OR partnership OR Korea) when:30d"
72,Mitsubishi Chemical,"Mitsubishi Chemical Group Raises Net-Profit, Revenue View for 1H Ending September >4188.TO - Moomoo",https://news.google.com/rss/articles/CBMiqAFBVV95cUxQT0NsVE52UTFJVmpubkN6bk83YXdQeUJWMEEwR3RwUVdsUWNGZExPUmVUV19ndFUxYWliQURHMHRqcUpTX1doUG9ST1ZBdWtndFlPYTNkakxSTU56U1NJdEJmQ1FCTmZwNlpQenRTU0YwYnBnc0M3anlUcUZEMUVSZEhIc1pwM2RuV3JYR3BMbW9tbk5RVDh0SUU4blJ0cWw4a0RCb1B3dkw?oc=5,Google News: Moomoo,2026-07-31T05:07:00Z,2026-08-10T07:17:53Z,google_news_rss,"(""Mitsubishi Chemical"" OR ""Mitsubishi Chemical Group"") (""press release"" OR ""investor relations"" OR earnings OR announcement OR investment OR expansion OR acquisition OR partnership OR Korea) when:30d"
73,Sumitomo Chemical,Sumitomo Chemical Co Ltd (SOMMF) (Q1 2027) Earnings Call Highlights: Core Operating Income ... - Yahoo Finance UK,https://news.google.com/rss/articles/CBMihgFBVV95cUxQZl8yQ0JxQ1Z0cmFoVnJ6LWdLeWdVU1RieFhGMzNjVVplZmlKSVFJOTUwMmdHdldicWFSbzlSelF2WnRJdE9PajFBMUFrSFVBS2VqbzhnUEJOR1N5TXJKQ0dnbWFWdnA3eU9mM3ZjMWlDZlpxVW1JVks0ZlkwblJFcWtSZXdLZw?oc=5,Google News: Yahoo Finance UK,2026-08-04T15:00:23Z,2026-08-10T07:17:53Z,google_news_rss,"""Sumitomo Chemical"" (""press release"" OR ""investor relations"" OR earnings OR announcement OR investment OR expansion OR acquisition OR partnership OR Korea) when:30d"
73,Sumitomo Chemical,Sumitomo Chemical Number of Employees 2026 | Employee Count & Headcount Data - Revelio Labs,https://news.google.com/rss/articles/CBMic0FVX3lxTE02TFBBamhROEozNld1TTRGTS1feUpGeHloS000d2F3QVZLc2ZxZmNxYkVKeU9xZERRQ0pFUTk0RmlyV1BjNEZJdDBqNGJxRWt6OElMRGRITzBIaFJjbWhSWUt5cmJVeFRBbm03b2RWVW82cjg?oc=5,Google News: Revelio Labs,2026-07-29T00:12:44Z,2026-08-10T07:17:53Z,google_news_rss,"""Sumitomo Chemical"" (""press release"" OR ""investor relations"" OR earnings OR announcement OR investment OR expansion OR acquisition OR partnership OR Korea) when:30d"
73,Sumitomo Chemical,"Sumitomo Chemical Company, Limited 2026 Q1 - Results - Earnings Call Presentation - Seeking Alpha",https://news.google.com/rss/articles/CBMiuAFBVV95cUxPX1drTDBvdVkzbmlvdWJxenl2WUtOMVlmcUVsQl9MMG5VMUZ0T19EODdPbnZLWE1neDR3VGtBZVhrRHFZSkdHdjh6U216WjVoT0JxcHJqY1RWajREeUF4UFMyeFFvbm5LQmlEdTROZFB4c0FvYWlfU0VWT3lwdmFMdkZzYmJFcWtEUlpwcGxWV0RJWHd5RHFfM3c2bEhpMUJVNlpEaEF2VDBtLVVURktXemZGU0NhTGhP?oc=5,Google News: Seeking Alpha,2026-08-04T07:33:46Z,2026-08-10T07:17:53Z,google_news_rss,"""Sumitomo Chemical"" (""press release"" OR ""investor relations"" OR earnings OR announcement OR investment OR expansion OR acquisition OR partnership OR Korea) when:30d"
74,Asahi Kasei,Asahi Kasei Corporation 2027 Q1 - Results - Earnings Call Presentation (OTCMKTS:AHKSY) 2026-08-07 - Seeking Alpha,https://news.google.com/rss/articles/CBMiqwFBVV95cUxOZ3JoRDEyRE9lb3VQN2FyMThiVHpWdlhxMzZIeU9saENFVzY5a3lsOHhTb0laakVfeVh2ejI1akNDdmRXTHpCbTlHcHhsWFJmcWJJaHBSVXlqcnljWWdGejNrNG96QTB4RERLT3pCNWZYd3pxY2VZT21DU0J5cWZ4VjhFYk1xLVJWN21CMDZ2MTlHTG9PR2RrRmtpQ2U1SVdZZWdYUFQ3RVI5MTA?oc=5,Google News: Seeking Alpha,2026-08-07T23:04:44Z,2026-08-10T07:17:53Z,google_news_rss,"""Asahi Kasei"" (""press release"" OR ""investor relations"" OR earnings OR announcement OR investment OR expansion OR acquisition OR partnership OR Korea) when:30d"
74,Asahi Kasei,Asahi Kasei Enters First License Agreement for Production and Sale of Acetolyte™ Novel Electrolyte in China - Morningstar,https://news.google.com/rss/articles/CBMi_AFBVV95cUxNWFQxS1I1emUyV0R2MWc0XzJPcVVUTmVOU0JjSk8xanpIQkZSUkR2eHhLc1NkbGI5bFVvcXRhdXl0MXNBU25HWEhGVWY3UHltWTREUlZPcE9DOElNZUkxNW4zZk1xZDRUeV9hdXk2RGxGOHRQcl9OR0JQdHlWd0Rmcnowc2VrOUFmcThQYUQ2UGlSeGpDX1dBVWFOY3g2U21HWm82VzkzOVVQODlOcVVxNVFaMUdwbDlLSEMxZEpLcGxGcGZKUUY1bDdfdkNtT1dLVVdUTXNCSjZhQTdhRDNBenJmOG9ELTE3ZE4tZ1RCWGVoT3BuNjJLMmI4S0g?oc=5,Google News: Morningstar,2026-08-06T17:30:00Z,2026-08-10T07:17:53Z,google_news_rss,"""Asahi Kasei"" (""press release"" OR ""investor relations"" OR earnings OR announcement OR investment OR expansion OR acquisition OR partnership OR Korea) when:30d"
74,Asahi Kasei,Asahi Kasei (TSE:3407) Stock Eyes Margin Gains After EPS Surge - simplywall.st,https://news.google.com/rss/articles/CBMizwFBVV95cUxNdWlSSFJBeko4c2NBcFpMeXRzejdHR2JuUzQyZHV2R1NlVUdkNVpNVHRfVlBWdVRXTGtFZ3pUeXhDUEU5clJXbkVGVjR4ZXowMWZWLW9xSFpGWHA3dElkbmxxVWZfTVE0VTZ4QW04V0sxa09WclhuVjdVcGppMV9iX1V4eU9aLS16bzB5Sy0wX3RVY1BpeFJyd0g5ejlxOUFSTzhGNG1nOTNnaE04aVowYmdPcDVjUlY3ZUZTVDc1RzRhQWxmb2ZKcjBlRHJQNlXSAdQBQVVfeXFMUHJfa09qNFR6TGxsOFY0Q2RDb3o3ME9KeUNtM1ZIcnVZRDBaYll3blA5QUZkR05ZdUcycC1aUlpMcW5KcWw3ZGRpSmRoVkwtZzJkeFYzUGN4WWJSZ2pwdWx6MUVXZTVxZm80dkx4bDFYRHh3OWNxamdrUHRvZC0xV1RzWDBzbDJGT05qckNmbUVlVWFFLU5NNnNvaGNWZHFTRmVCOGc2U2JjUllzTWtDWjdTMS1YajEzaHQ5VXVBRlFiMS1rVFJSbnNBUmJ2bDVTSlZaN3o?oc=5,Google News: simplywall.st,2026-08-02T00:58:57Z,2026-08-10T07:17:53Z,google_news_rss,"""Asahi Kasei"" (""press release"" OR ""investor relations"" OR earnings OR announcement OR investment OR expansion OR acquisition OR partnership OR Korea) when:30d"
75,Toray,"Toray Industries, Inc. 2027 Q1 - Results - Earnings Call Presentation (OTCMKTS:TRYIY) 2026-08-06 - Seeking Alpha",https://news.google.com/rss/articles/CBMipwFBVV95cUxQdUpQZ29BWHV0M0Q2VXdVSVJVekZVSFRQTFJOWDcxVUVpLUszY0ZIVlBEN3dJUG8tVFRfWFRrUUN2eVNFZWlEZC1OMUN5aVZnZENZdk1BbUViVnZGb0EyQUF3WTZ5SGc5cHd2RDVJR3lEejMyRWNxaENGNnVTQWctQ193OFZLSWJGbS1mazBJU1BWZWNUN3B3ekpKVVkzUUc0OVMxczhuaw?oc=5,Google News: Seeking Alpha,2026-08-06T05:01:58Z,2026-08-10T07:17:53Z,google_news_rss,"(""Toray"" OR ""Toray Industries"") (""press release"" OR ""investor relations"" OR earnings OR announcement OR investment OR expansion OR acquisition OR partnership OR Korea) when:30d"
75,Toray,Toray Industries (TSE:3402) Stock Runs Ahead Of Profit Recovery - webull.com,https://news.google.com/rss/articles/CBMiWEFVX3lxTE01S0s4bVhGdG5jUmp1V0p6VTJNOXlJZERwcW0tVE1OaHZ0WmU0ZkdqVG5SNk5EcWZQRVh2NmxCR2hsMkN2TDBxZjUwTm55YTZFYTM3WVN1TEE?oc=5,Google News: webull.com,2026-08-07T16:11:40Z,2026-08-10T07:17:53Z,google_news_rss,"(""Toray"" OR ""Toray Industries"") (""press release"" OR ""investor relations"" OR earnings OR announcement OR investment OR expansion OR acquisition OR partnership OR Korea) when:30d"
75,Toray,Sora Aviation and Toray Advanced Composites to Collaborate on S-1 eVTOL | AIN - Aviation International News,https://news.google.com/rss/articles/CBMiqwFBVV95cUxQUmZYNDhXajlLOFlUSnBwaUhqcEp4aUJCcnFKMWRvbkQwSlBDRHExWmFMZ1drWkJFeVRTMUc4M2RON0FvbHF3d0QxNFRBR3Rob0l6cExRc2I4WlBPNkJfNnlzclpBakRmbVRfMXhLcmVpYUM2SmhWNFNpUFFEQjFoUmZCSm1Qc3d3S3VCcDVjb3RKTWQ0NFhBaHpiSG5pVWx2RGtMYXpUaWZMVGc?oc=5,Google News: Aviation International News,2026-07-30T09:49:35Z,2026-08-10T07:17:53Z,google_news_rss,"(""Toray"" OR ""Toray Industries"") (""press release"" OR ""investor relations"" OR earnings OR announcement OR investment OR expansion OR acquisition OR partnership OR Korea) when:30d"
76,Cheng Uei Precision,"FOXLINK GROUP LAUNCHES ITS FIRST U.S. AI FACTORY IN FORT WORTH, TEXAS, MARKING STRATEGIC SHIFT FROM EMS TO AI-POWERED MANUFACTURING - PR Newswire",https://news.google.com/rss/articles/CBMikAJBVV95cUxNMzExWG5oSktzTUp2UGZfRDZORjR1YWFaQmV5Qjk4aW5VUmZGVTRzRVYtMkFSY2k5b195RmtTbmhxVkVvaS1NQ2ZhVVdYb0R6Y2EwQmdIaks2QW9UamF0VGlfNFhiZDQzTGxPZzJOUml2TW5CWTNFcmhNQktRcXFZd1d2T0l0Mk53dzlIZ0VQLXU2TVJUc3hYV3F0ZFhzYWZENGdLbnJOWHJPMFFucmJocEpwbzRHaFUxd2c2ZTBENXRjLXdhV1NvSVdoaldLRExQWXp4eWhHY0JpZWlxakJvanJsZk8yMGJPdENDXzBjZUt5TkIyclNuU2VEcFgyanNGeFBrekRNNDhrUWRLWU5yTQ?oc=5,Google News: PR Newswire,2026-07-15T07:00:00Z,2026-08-10T07:17:53Z,google_news_rss,"(""Cheng Uei Precision"" OR ""Foxlink"" OR ""Cheng Uei Precision Industry"") (""press release"" OR ""investor relations"" OR earnings OR announcement OR investment OR expansion OR acquisition OR partnership OR Korea) when:30d"
76,Cheng Uei Precision,Taiwan tech giant Foxlink chooses Fort Worth for first U.S. AI factory - wfaa.com,https://news.google.com/rss/articles/CBMiywFBVV95cUxNLWhXQkpaSHJfLVRGcWdyRGFyOE5FWU9TZnVLVHVBQ3J3bzN5cFpIQUVvMXl0SEdrT3A1dHR4RV9ZajBRTTdQUVBabFdUZUIwQWVkOVFwelBpOElfaGNydzY4TlNSeTZmUXNTblRHUGFLZFRFaExOYUlpVTFobXpoVDlsTVZjSnIxdjRrVEI0OHNGcmVJZUhuU25zMElhMG5FaHlpNE5KamMxQWZQNDVMV195U0xqV0JBQm1VYkFFRnh3d1FDb2NsU05rTQ?oc=5,Google News: wfaa.com,2026-07-15T07:00:00Z,2026-08-10T07:17:53Z,google_news_rss,"(""Cheng Uei Precision"" OR ""Foxlink"" OR ""Cheng Uei Precision Industry"") (""press release"" OR ""investor relations"" OR earnings OR announcement OR investment OR expansion OR acquisition OR partnership OR Korea) when:30d"
76,Cheng Uei Precision,Taiwan’s Foxlink Building Its First U.S. ‘AI Factory’ at AllianceTexas in Fort Worth - dallasinnovates.com,https://news.google.com/rss/articles/CBMirgFBVV95cUxOWS1ZX1ZFXzZPNHZMenFDM3B3ckk3QjhkbjBXdjg0YUc5LXRFekFibzRwbFRCZlJ3WW1EVE56dnRzSm8zSk5GNmI2aWcycVZENUZFSHU3bTctcE42M1VTcWl6bmRER0ptRjB0OEROOUwxTldYZTU1dlR5U0xUdVlxSnFVS2NGaC1CX1J5TC10cFRYUm1iX1RIQ3AwOTRJYkZ0UDdMOS1nbmtHRzFEQmc?oc=5,Google News: dallasinnovates.com,2026-07-16T07:00:00Z,2026-08-10T07:17:53Z,google_news_rss,"(""Cheng Uei Precision"" OR ""Foxlink"" OR ""Cheng Uei Precision Industry"") (""press release"" OR ""investor relations"" OR earnings OR announcement OR investment OR expansion OR acquisition OR partnership OR Korea) when:30d"
