target_no,company,investment_signal_no,investment_signal_label,investment_signal_description,title,url,source,source_type,published_at,collected_at,matched_terms,matched_fields,evidence_snippets,investment_signal_score,investment_signal_reason
54,HyproMag,1,공급망·지정학 리스크 대응,특정지역 의존도 축소·공급망 다변화·규제 리스크 대응 등,Welcome to Mkango Resources Ltd.,https://mkango.ca/news/hypromag-usa-to-establish-early-magnet-finishing-capability-as-part-of-phased-texas-hub-development/,HyproMag - Mkango 2026 News / News Archive RSS,official,2026-07-27T05:00:08Z,2026-08-11T04:32:19Z,supply chain; supply-chain; geopolitical; export control; export controls; tariff; regulatory risk; trade restriction,content,". About HyProMag USA HyProMag USA is developing advanced rare earth magnet recycling and manufacturing operations to establish a secure domestic U.S. supply chain for NdFeB magnets, which are critical components in AI infrastructure, robotics, electric vehicles, wind turbines and advanced electronics. Leveraging the revolutionary HPMS technology developed over 15 years with over; ariffs or the availability of critical equipment, technology or inputs; and that there are no material adverse changes in general economic, market or geopolitical conditions. Although the Company considers these factors and assumptions to be reasonable based on information currently available to it, they may prove to be incorrect, and actual results may differ materially from tho; ined on acceptable terms; that applicable permits and regulatory approvals are obtained and maintained; that there are no material adverse changes in export controls, trade measures, tariffs or the availability of critical equipment, technology or inputs; and that there are no material adverse changes in general economic, market or geopolitical conditions. Although the Company cons",11,"공급망·지정학 리스크 대응 관련 표현이 content에서 발견되었습니다: supply chain, supply-chain, geopolitical, export control, export controls, tariff, regulatory risk, trade restriction"
28,ASML,1,공급망·지정학 리스크 대응,특정지역 의존도 축소·공급망 다변화·규제 리스크 대응 등,"July 15, 2026 ASML reports €9.3 billion total net sales and €2.9 billion net income in Q2 2026",https://www.asml.com/en/news/press-releases/2026/q2-2026-financial-results,ASML - ASML News / Newsroom / News,official,2026-07-15T00:00:00Z,2026-08-11T04:32:19Z,supply chain; supply-chain; geopolitical; export control; export controls; tariff,content,"of and demand for new technologies, products and models and customer roadmaps, our production capacity and ability to adjust capacity to meet demand, supply chain capacity, timely availability of parts and components, raw materials, critical manufacturing equipment and qualified employees, our ability to produce systems to meet demand, the number and timing of systems ordered, sh; rends and consumer confidence in the semiconductor industry, the impact of general economic conditions, including the impact of the macroeconomic and geopolitical environment on the semiconductor industry, semiconductor market conditions, the impact of AI on our customers, the pace of customer increase in capacity, industry and business and semiconductor demand and demand for our; ation of our backlog, the risk of order cancellations, delays or push outs and restrictions on shipments of systems, including ordered systems, under export controls, risks relating to the trade environment, import/export and national security regulations and orders and their impact on us, including the impact of changes in export regulations and the impact of such regulations on o",9,"공급망·지정학 리스크 대응 관련 표현이 content에서 발견되었습니다: supply chain, supply-chain, geopolitical, export control, export controls, tariff"
21,GE Healthcare,1,공급망·지정학 리스크 대응,특정지역 의존도 축소·공급망 다변화·규제 리스크 대응 등,GE HealthCare announces CFO transition; reports preliminary second quarter 2026 financial results and reaffirms guidance reflecting business momentum,https://investor.gehealthcare.com/news-releases/news-release-details/ge-healthcare-announces-cfo-transition-reports-preliminary,GE Healthcare - Investor News Releases / Investor News / Press Releases,official,2026-07-23T00:00:00Z,2026-08-11T04:32:19Z,supply chain; supply-chain; geopolitical; tariff; trade restriction,content,"mpact of tariffs and other trade restrictions, and volatility on the Company’s business, operations, financial results, and financial position and on supply chains and the world economy. These forward-looking statements involve risks and uncertainties, many of which are beyond the Company’s control. Factors that could cause the Company’s actual results to differ materially from t; er materially from those described in its forward-looking statements include, but are not limited to, operating in highly competitive markets; global geopolitical and economic instability, including as a result of changes in trade and tariff policy, and international conflicts and tensions, including between Ukraine and Russia, in the Middle East, and in other regions; public hea; share, and the Company’s outlook; momentum in the Company’s business; and the impacts of macroeconomic and market conditions, including the impact of tariffs and other trade restrictions, and volatility on the Company’s business, operations, financial results, and financial position and on supply chains and the world economy. These forward-looking statements involve risks a",8,"공급망·지정학 리스크 대응 관련 표현이 content에서 발견되었습니다: supply chain, supply-chain, geopolitical, tariff, trade restriction"
24,Ouster,1,공급망·지정학 리스크 대응,특정지역 의존도 축소·공급망 다변화·규제 리스크 대응 등,Ouster Announces Results for Second Quarter 2026,https://investors.ouster.com/news-releases/news-release-details/ouster-announces-results-second-quarter-2026,Ouster - News Releases / Press Releases,official,2026-08-06T00:00:00Z,2026-08-11T04:32:19Z,supply chain; supply-chain; tariff; regulatory risk,content,"ty to use tax attributes; Ouster’s dependence on key third party suppliers, in particular Benchmark Electronics, Inc., Fabrinet, and other suppliers; supply chain constraints and challenges; conditions in the industries the Company targets or the global economy; Ouster’s ability to recruit and retain key personnel; its ability to complete, successfully integrate or achieve the an; ully integrate or achieve the anticipated benefits of new acquisitions or investments, including the Stereolabs acquisition; changes to trade policy, tariffs, and import/export regulations may have a material adverse effect on Ouster’s business, financial condition and results of operations; risks related to the use of AI tools by us and others, including risks related to c; ta regulations, product performance, and data privacy; Ouster’s ability to adequately protect and enforce its intellectual property rights; legal and regulatory risks; risks related to operating as a public company; and other important factors discussed in the Company’s Annual Report on Form 10-K for the year ended December 31, 2025 , and updated by the Company’s Quarterly Report on",7,"공급망·지정학 리스크 대응 관련 표현이 content에서 발견되었습니다: supply chain, supply-chain, tariff, regulatory risk"
12,Chemours,1,공급망·지정학 리스크 대응,특정지역 의존도 축소·공급망 다변화·규제 리스크 대응 등,The Chemours Company Reports Second Quarter Results,https://investors.chemours.com/news-releases/news-release-details/chemours-company-reports-second-quarter-results,Chemours - News Releases / Press Releases,official,2026-08-04T00:00:00Z,2026-08-11T04:32:19Z,supply chain; supply-chain; geopolitical; tariff,content,"s and operations and may or may continue to hinder our ability to provide goods and services to customers, cause disruptions in our supply chains such as through strikes, labor disruptions or other events, adversely affect our business partners, significantly reduce the demand for our products, adversely affect the health and welfare of our personnel or cause other unpredictable; olve risks and uncertainties that are beyond Chemours' control. Matters outside our control, including general economic conditions, geopolitical conditions, global conflicts, changes in laws and regulations in the United States or other jurisdictions in which we operate, and global health events and weather events, have affected or may affect our business and operations and may o; affect demand for or adoption of our products, changes in regulations in the United States or other jurisdictions that could impose tariffs or additional costs on products we either sell or need to purchase, anticipated future operating and financial performance for our segments individually and our company as a whole, business plans, prospects, targets, goals and commitmen",7,"공급망·지정학 리스크 대응 관련 표현이 content에서 발견되었습니다: supply chain, supply-chain, geopolitical, tariff"
30,NXP,1,공급망·지정학 리스크 대응,특정지역 의존도 축소·공급망 다변화·규제 리스크 대응 등,NXP Semiconductors Reports Second Quarter 2026 Results,https://media.nxp.com/news-releases/news-release-details/nxp-semiconductors-reports-second-quarter-2026-results,NXP - Press Releases / Press Releases,official,2026-07-28T00:00:00Z,2026-08-11T04:32:19Z,supply chain; supply-chain; tariff; sanction,content,"ntial increase of barriers to international trade, including the imposition of new or increased tariffs, and resulting disruptions to our established supply chains; the impact of government actions and regulations, including as a result of executive orders, including restrictions on the export of products and technology; increasing and evolving cybersecurity threats and privacy r; uce new technologies and products; the demand for the goods into which our products are incorporated; recent changes in global trade policy including tariffs and related trade actions announced by the U.S ., China and other countries, potential increase of barriers to international trade, including the imposition of new or increased tariffs, and resulting disruptions to our; tain key management and senior product engineers; global hostilities, including the invasion of Ukraine by Russia and resulting regional instability, sanctions and any other retaliatory measures taken against Russia , and the continued hostilities and armed conflict in the Middle East including the ongoing military conflict involving Iran and the resulting disruption to energ",7,"공급망·지정학 리스크 대응 관련 표현이 content에서 발견되었습니다: supply chain, supply-chain, tariff, sanction"
16,Amkor Technology,1,공급망·지정학 리스크 대응,특정지역 의존도 축소·공급망 다변화·규제 리스크 대응 등,Amkor Technology Reports Financial Results for the Second Quarter 2026,https://ir.amkor.com/news-releases/news-release-details/amkor-technology-reports-financial-results-second-quarter-2026,Amkor Technology - Investor Press Releases / Press Releases,official,2026-07-27T00:00:00Z,2026-08-11T04:32:19Z,export control; export controls; tariff; trade restriction,content,"ence on international factories and operations, and risks relating to trade restrictions and regional conflict, including restrictive trade barriers, export controls, tariffs, customs and duties; our ability to develop new proprietary technology, protect our proprietary technology, operate without infringing the proprietary rights of others and implement new technologies; our conti; ence on international factories and operations, and risks relating to trade restrictions and regional conflict, including restrictive trade barriers, export controls, tariffs, customs and duties; our ability to develop new proprietary technology, protect our proprietary technology, operate without infringing the proprietary rights of others and implement new technologies; our contin; onal factories and operations, and risks relating to trade restrictions and regional conflict, including restrictive trade barriers, export controls, tariffs, customs and duties; our ability to develop new proprietary technology, protect our proprietary technology, operate without infringing the proprietary rights of others and implement new technologies; our continuing dev",7,"공급망·지정학 리스크 대응 관련 표현이 content에서 발견되었습니다: export control, export controls, tariff, trade restriction"
23,3M,1,공급망·지정학 리스크 대응,특정지역 의존도 축소·공급망 다변화·규제 리스크 대응 등,3M Reports Second-Quarter 2026 Results; Increases Full-Year Guidance,https://investors.3m.com/news-events/press-releases/detail/1938/3m-reports-second-quarter-2026-results-increases-full-year,3M - IR Press Releases / Investor Press Releases RSS,official,2026-07-21T10:30:00Z,2026-08-11T04:32:19Z,supply chain; supply-chain; geopolitical; tariff,content,"(8) the availability and cost of purchased components, compounds, raw materials and energy due to shortages, increased demand and wages, tariffs, supply chain interruptions, or natural or other disasters, (9) unanticipated problems or delays when implementing new business systems and solutions, including with the phased implementation of a global enterprise resource planning sys; actual results to differ from the Company's forward-looking statements include:(1) worldwide economic, political, regulatory, international trade, geopolitical, tariffs, and retaliatory countermeasures, capital markets, and other external conditions, (2) foreign currency exchange rates and fluctuations in those rates, (3) liabilities and contingencies related to PFAS, including l; to differ from the Company's forward-looking statements include:(1) worldwide economic, political, regulatory, international trade, geopolitical, tariffs, and retaliatory countermeasures, capital markets, and other external conditions, (2) foreign currency exchange rates and fluctuations in those rates, (3) liabilities and contingencies related to PFAS, including liabiliti",7,"공급망·지정학 리스크 대응 관련 표현이 content에서 발견되었습니다: supply chain, supply-chain, geopolitical, tariff"
59,Airbus,1,공급망·지정학 리스크 대응,특정지역 의존도 축소·공급망 다변화·규제 리스크 대응 등,Airbus reports Half-Year (H1) 2026 results Press Release Company Airbus SE (stock exchange symbol: AIR) reported consolidated financial results for the Half-Year (H1) ended 30 June 2026. 29 July 2026 10 min read,https://www.airbus.com/en/newsroom/press-releases/2026-07-airbus-reports-half-year-h1-2026-results,Airbus - Newsroom / Newsroom / News,official,2026-06-30T00:00:00Z,2026-08-11T04:32:19Z,supply chain; supply-chain; geopolitical; tariff,content,"on). Outlook As the basis for its 2026 guidance, the Company assumes no additional disruptions to global trade or the world economy, air traffic, the supply chain, its internal operations, and its ability to deliver products and services.&nbsp; The Company’s 2026 guidance is before M&A and includes the impact of currently applicable tariffs. On that basis, the Company targets to; of the spread of disease or terrorist attacks); Disruptions to the Company's industrial operations and / or supply chain, whether due to economic or geopolitical factors or other threats (including physical or cyber security threats); Currency exchange rate fluctuations, in particular between the Euro and the U.S. dollar; The successful execution of internal performance plans, i; ns, and its ability to deliver products and services.&nbsp; The Company’s 2026 guidance is before M&A and includes the impact of currently applicable tariffs. On that basis, the Company targets to achieve in 2026: Around 870 commercial aircraft deliveries; EBIT Adjusted of around € 7.5 billion; Free Cash Flow before Customer Financing of around € 4.5 billion. Note to editor",7,"공급망·지정학 리스크 대응 관련 표현이 content에서 발견되었습니다: supply chain, supply-chain, geopolitical, tariff"
12,Chemours,1,공급망·지정학 리스크 대응,특정지역 의존도 축소·공급망 다변화·규제 리스크 대응 등,Chemours Reaches Agreement with U.S. EPA to Resolve Claims Relating to PFAS,https://investors.chemours.com/news-releases/news-release-details/chemours-reaches-agreement-us-epa-resolve-claims-relating-pfas,Chemours - News Releases / Press Releases,official,2026-06-24T00:00:00Z,2026-08-11T04:32:19Z,supply chain; supply-chain; geopolitical; tariff,content,"rations and may or may continue to hinder the Company's ability to provide goods and services to customers, cause disruptions in the Company's supply chains such as through strikes, labor disruptions or other events, adversely affect the Company's business partners, significantly reduce the demand for the Company's products, adversely affect the health and welfare of the Company'; may involve risks and uncertainties that are beyond the Chemours' control. Matters outside our control, including general economic conditions, geopolitical conditions, global conflicts, changes in laws and regulations in the United States or other jurisdictions in which we operate, and global health events and weather events, have affected or may affect the Company's business and; affect demand for or adoption of the Company's products, changes in regulations in the United States or other jurisdictions that could impose tariffs or additional costs on products we either sell or need to purchase, anticipated future operating and financial performance for the Company's segments individually and the Company as a whole, business plans, prospects, targets",7,"공급망·지정학 리스크 대응 관련 표현이 content에서 발견되었습니다: supply chain, supply-chain, geopolitical, tariff"
49,Maxon,1,공급망·지정학 리스크 대응,특정지역 의존도 축소·공급망 다변화·규제 리스크 대응 등,New Chair of the Board of Directors and stable fiscal year at maxon,https://www.maxongroup.com/en/news-and-events/news/new-chair-of-the-board-of-directors-and-stable-fiscal-year-at-maxon-301688,Maxon - News / Newsroom / News,official,,2026-08-11T04:32:19Z,geopolitical; export control; export controls; tariff,content,", currency losses totalled CHF 68.2 million. The maxon Group expects the upward pressure on the Swiss franc to continue. Employees had to be flexible Geopolitical circumstances also shaped the annual result. Last year, for example, maxon was concerned about the availability of rare earth magnets from China. Since China had temporarily ordered export controls on these magnets, the; nual result. Last year, for example, maxon was concerned about the availability of rare earth magnets from China. Since China had temporarily ordered export controls on these magnets, the supply situation was very different, which led to fluctuating production utilization. In the meantime, the situation has eased again. In addition, maxon was also temporarily affected by the US tar; nual result. Last year, for example, maxon was concerned about the availability of rare earth magnets from China. Since China had temporarily ordered export controls on these magnets, the supply situation was very different, which led to fluctuating production utilization. In the meantime, the situation has eased again. In addition, maxon was also temporarily affected by the US tari",7,"공급망·지정학 리스크 대응 관련 표현이 content에서 발견되었습니다: geopolitical, export control, export controls, tariff"
12,Chemours,1,공급망·지정학 리스크 대응,특정지역 의존도 축소·공급망 다변화·규제 리스크 대응 등,"Chemours Launches Opteon™ ZE and Opteon™ 515B Refrigerants for Chiller Applications Powering Data Centers, Commercial Buildings, and Other Mission Critical Environments",https://investors.chemours.com/news-releases/news-release-details/chemours-launches-opteontm-ze-and-opteontm-515b-refrigerants,Chemours - News Releases / Press Releases,official,2026-08-10T00:00:00Z,2026-08-11T04:32:19Z,supply chain; supply-chain; geopolitical,content,"erations and may or may continue to hinder our ability to provide goods and services to customers, cause disruptions in our supply chains such as through strikes, labor disruptions or other events, adversely affect our business partners, significantly reduce the demand for our products, adversely affect the health and welfare of our personnel or cause other unpredictable events.; ond Chemours' control. Matters outside our control, including general economic conditions, market adoption of technologies, geopolitical conditions and global health events, and changes in environmental regulations in the U.S. or other jurisdictions that affect demand for or adoption of our products, have affected or may affect our business and operations and may or may continue",6,"공급망·지정학 리스크 대응 관련 표현이 content에서 발견되었습니다: supply chain, supply-chain, geopolitical"
4,Charles River,1,공급망·지정학 리스크 대응,특정지역 의존도 축소·공급망 다변화·규제 리스크 대응 등,Charles River Laboratories Announces Second-Quarter 2026 Results,https://ir.criver.com/news-releases/news-release-details/charles-river-laboratories-announces-second-quarter-2026-results,Charles River - News Releases / Press Releases,official,2026-08-05T00:00:00Z,2026-08-11T04:32:19Z,supply chain; supply-chain; geopolitical,content,"gal costs and adjustments related to an NHP inventory charge in our DSA segment related to now concluded U.S . government investigations into the NHP supply chain; legal and advisory costs related to entering into a Cooperation Agreement with a shareholder; tax effect of all of the aforementioned matters; and adjustments related to the derecognition of certain deferred tax assets; NHP supply constraints; changes and uncertainties in the global economy and financial markets, including disruptions in the global economy caused by geopolitical conflicts; the ability to successfully integrate businesses we acquire, and risks and uncertainties associated with businesses that we acquire; the timing and magnitude of our share repurchases; negative trends in resea",6,"공급망·지정학 리스크 대응 관련 표현이 content에서 발견되었습니다: supply chain, supply-chain, geopolitical"
9,Albemarle,1,공급망·지정학 리스크 대응,특정지역 의존도 축소·공급망 다변화·규제 리스크 대응 등,"Press Releases August 05, 2026 Albemarle Reports Second Quarter 2026 Results CHARLOTTE, N.C., Aug. 5, 2026 /PRNewswire/ -- Albemarle Corporation (NYSE: ALB), a global leader in providing essential elements for mobility, energy, connectivity and health, today announced its results for the second quarter ended June 30, 2026. Second Quarter 2026 and Recent Highlights (Unless",https://www.albemarle.com/us/en/news/albemarle-reports-second-quarter-2026-results,Albemarle - Newsroom / Newsroom / News,official,2026-08-05T00:00:00Z,2026-08-11T04:32:19Z,geopolitical; tariff; trade restriction,content,"situation in the Middle East. Operations at the Jordan Bromine Company (JBC) joint venture are in line with expectations as it continues to navigate geopolitical tensions in the region. Segment FY 2026E Specialties net sales $1.4 - $1.6 billion Specialties adjusted EBITDA $275 - $325 million Other Corporate Outlook Considerations Albemarle expects its full-year 2026 capital expe; mptions and outlook considerations; expected capital allocation and expenditure amounts and the corresponding impact on cash flow; expected impact of tariffs and other trade restrictions; plans and expectations regarding other mining interests, resources, reserves, projects and activities, compound annual growth rate, cost reductions, conversion network optimization, margin; k considerations; expected capital allocation and expenditure amounts and the corresponding impact on cash flow; expected impact of tariffs and other trade restrictions; plans and expectations regarding other mining interests, resources, reserves, projects and activities, compound annual growth rate, cost reductions, conversion network optimization, margin improvement, accounting char",6,"공급망·지정학 리스크 대응 관련 표현이 content에서 발견되었습니다: geopolitical, tariff, trade restriction"
20,Eli Lilly and Company,1,공급망·지정학 리스크 대응,특정지역 의존도 축소·공급망 다변화·규제 리스크 대응 등,"Lilly reports second-quarter 2026 financial results, raises full-year guidance, and highlights continued growth and pipeline progress",https://investor.lilly.com/news-releases/news-release-details/lilly-reports-second-quarter-2026-financial-results-raises-full,Eli Lilly and Company - Investor Relations / Investor Relations,official,2026-08-05T00:00:00Z,2026-08-11T04:32:19Z,supply chain; supply-chain; tariff,content,"acy concerns; dependence on relatively few products or product classes for a significant percentage of the company's total revenue and a consolidated supply chain; the expiration of intellectual property protection for certain of the company's products and competition from generic and biosimilar products; the company's ability to protect and enforce patents and other intellectual; mic conditions, including uneven economic growth or downturns or uncertainty, trade and other global disputes and interruptions, including related to tariffs, trade protection measures, and similar restrictions, international tension, conflicts, regional dependencies, or other costs, uncertainties, and risks related to engaging in business globally; fluctuations in foreign",6,"공급망·지정학 리스크 대응 관련 표현이 content에서 발견되었습니다: supply chain, supply-chain, tariff"
62,Arkema,1,공급망·지정학 리스크 대응,특정지역 의존도 축소·공급망 다변화·규제 리스크 대응 등,Second-quarter 2026 results,https://www.arkema.com/global/en/media/newslist/news/global/investorrelations/2026/20260730--second-quarter-2026-results/,Arkema - Newsroom / Newsroom / News,official,2026-07-30T00:00:00Z,2026-08-11T04:32:19Z,supply chain; supply-chain; geopolitical,content,"ma delivered a solid second quarter in a challenging environment impacted by the crisis in the Middle East, rising raw material prices and widespread supply chain disruption. Arkema&rsquo;s teams once again demonstrated agility and commitment. We were particularly pleased with the significant improvement in Adhesives and Coatings as well as the better dynamics in HPP. This demons; Outlook The start of the second half follows the demand trend of recent months, within a macro environment that remains challenging and volatile with geopolitical uncertainties prevailing in the Middle East. The Group is firstly focusing on the elements that are within its control. It will continue to tightly manage its operations, with the aim of offsetting fixed cost inflation",6,"공급망·지정학 리스크 대응 관련 표현이 content에서 발견되었습니다: supply chain, supply-chain, geopolitical"
22,Boeing,1,공급망·지정학 리스크 대응,특정지역 의존도 축소·공급망 다변화·규제 리스크 대응 등,Boeing Reports Second Quarter Results,https://boeing.mediaroom.com/2026-07-28-Boeing-Reports-Second-Quarter-Results,Boeing - News Releases and Statements / Press Releases / Statements,official,2026-07-28T00:00:00Z,2026-08-11T04:32:19Z,geopolitical; tariff; trade restriction,content,"ents. Among these factors are risks related to: (1) general conditions in the economy and our industry, including those due to regulatory changes and geopolitical developments; (2) our reliance on our commercial airline customers; (3) the overall health of our aircraft production system, production quality issues, commercial airplane production rates, our ability to successfully; work stoppages or other labor disruptions; (7) competition within our markets; (8) our non-U.S. operations and sales to non-U.S. customers, including tariffs, trade restrictions and government actions; (9) changes in accounting estimates; (10) realizing the anticipated benefits of mergers, acquisitions, joint ventures/strategic alliances or divestitures, including anticipat; pages or other labor disruptions; (7) competition within our markets; (8) our non-U.S. operations and sales to non-U.S. customers, including tariffs, trade restrictions and government actions; (9) changes in accounting estimates; (10) realizing the anticipated benefits of mergers, acquisitions, joint ventures/strategic alliances or divestitures, including anticipated synergies and qua",6,"공급망·지정학 리스크 대응 관련 표현이 content에서 발견되었습니다: geopolitical, tariff, trade restriction"
59,Airbus,1,공급망·지정학 리스크 대응,특정지역 의존도 축소·공급망 다변화·규제 리스크 대응 등,"Airbus to present new mid-term outlook, strengthen commitment to profitable growth… Press Release Company 21 July 2026 2 min read",https://www.airbus.com/en/newsroom/press-releases/2026-07-airbus-to-present-new-mid-term-outlook-strengthen-commitment-to-profitable-growth-and-shareholder,Airbus - Investors / Investor Relations,official,2026-07-21T00:00:00Z,2026-08-11T04:32:19Z,supply chain; supply-chain; tariff,content,"t its 2026 guidance remains unchanged. The Company’s outlook assumes no additional disruptions to global trade or the world economy, air traffic, the supply chain, its internal operations, and its ability to deliver products and services. The outlook assumes a scenario in which trade regulations and tariffs remain stable and in line with the current baseline, and does not reflect; upply chain, its internal operations, and its ability to deliver products and services. The outlook assumes a scenario in which trade regulations and tariffs remain stable and in line with the current baseline, and does not reflect the potential impact of M&A activities. The Business Update is scheduled to start at 18:30 Paris time / 17:30 London time and will be webcast li",6,"공급망·지정학 리스크 대응 관련 표현이 content에서 발견되었습니다: supply chain, supply-chain, tariff"
12,Chemours,1,공급망·지정학 리스크 대응,특정지역 의존도 축소·공급망 다변화·규제 리스크 대응 등,"New Industry Study, Identifies Path to Cut Cumulative Automotive Refrigerant Emissions Across Europe by ≈50% Between 2030-2050",https://investors.chemours.com/news-releases/news-release-details/new-industry-study-identifies-path-cut-cumulative-automotive,Chemours - News Releases / Press Releases,official,2026-05-13T00:00:00Z,2026-08-11T04:32:19Z,supply chain; supply-chain; geopolitical,content,"our business and operations and may or may continue to hinder our ability to provide goods and services to customers, cause disruptions in our supply chains such as through strikes, labor disruptions or other events, adversely affect our business partners, significantly reduce the demand for our products, adversely affect the health and welfare of our personnel or cause other unp; ond&nbsp;Chemours' control. Matters outside our control, including research conclusions from third party studies, general economic conditions, geopolitical conditions and global health events, and changes in environmental regulations in the U.S. or other jurisdictions that affect demand for or adoption of our products, have affected or may affect our business and operations and m",6,"공급망·지정학 리스크 대응 관련 표현이 content에서 발견되었습니다: supply chain, supply-chain, geopolitical"
73,Sumitomo Chemical,1,공급망·지정학 리스크 대응,특정지역 의존도 축소·공급망 다변화·규제 리스크 대응 등,News Releases,https://www.sumitomo-chem.co.jp/english/news/,Sumitomo Chemical - News Releases Filter / Press Releases,official,2026-08-07T00:00:00Z,2026-08-11T04:32:19Z,supply chain; supply-chain,content,"he Agreements for the Integration of the Domestic Polyolefin Business (PP and LLDPE) Jun. 30, 2026 Business & Products Large-Scale Low-Carbon Ammonia Supply Chain Plan Certified under Japan's ""Support focusing on the price gap"" schem - Low-carbon ammonia from India to advance decarbonization in Japan's power, chemical and industrial sectors - Jun. 24, 2026 Organization Sumitomo C",5,"공급망·지정학 리스크 대응 관련 표현이 content에서 발견되었습니다: supply chain, supply-chain"
73,Sumitomo Chemical,1,공급망·지정학 리스크 대응,특정지역 의존도 축소·공급망 다변화·규제 리스크 대응 등,News Releases,https://www.sumitomo-chem.co.jp/english/news/category/newsreleases/,Sumitomo Chemical - News Releases Filter / Press Releases,official,2026-08-07T00:00:00Z,2026-08-11T04:32:19Z,supply chain; supply-chain,content,"he Agreements for the Integration of the Domestic Polyolefin Business (PP and LLDPE) Jun. 30, 2026 Business & Products Large-Scale Low-Carbon Ammonia Supply Chain Plan Certified under Japan's ""Support focusing on the price gap"" schem - Low-carbon ammonia from India to advance decarbonization in Japan's power, chemical and industrial sectors - Jun. 24, 2026 Organization Sumitomo C",5,"공급망·지정학 리스크 대응 관련 표현이 content에서 발견되었습니다: supply chain, supply-chain"
73,Sumitomo Chemical,1,공급망·지정학 리스크 대응,특정지역 의존도 축소·공급망 다변화·규제 리스크 대응 등,Business & Products,https://www.sumitomo-chem.co.jp/english/news/category/products/,Sumitomo Chemical - News Releases Filter / Press Releases,official,2026-08-05T00:00:00Z,2026-08-11T04:32:19Z,supply chain; supply-chain,content,"s Potential to Become a Blockbuster Product Contributing to Regenerative Agriculture Jun. 30, 2026 Business & Products Large-Scale Low-Carbon Ammonia Supply Chain Plan Certified under Japan's ""Support focusing on the price gap"" schem - Low-carbon ammonia from India to advance decarbonization in Japan's power, chemical and industrial sectors - May. 7, 2026 Business & Products Sumi",5,"공급망·지정학 리스크 대응 관련 표현이 content에서 발견되었습니다: supply chain, supply-chain"
73,Sumitomo Chemical,1,공급망·지정학 리스크 대응,특정지역 의존도 축소·공급망 다변화·규제 리스크 대응 등,Sustainability,https://www.sumitomo-chem.co.jp/english/news/category/sustainability/,Sumitomo Chemical - News Releases Filter / Press Releases,official,2026-08-05T00:00:00Z,2026-08-11T04:32:19Z,supply chain; supply-chain,content,"res Subsidiary of COPYR Engaged in Natural Pyrethrin-Based Plant Protection Business Jun. 30, 2026 Business & Products Large-Scale Low-Carbon Ammonia Supply Chain Plan Certified under Japan's ""Support focusing on the price gap"" schem - Low-carbon ammonia from India to advance decarbonization in Japan's power, chemical and industrial sectors - Feb. 5, 2026 Business & Products Lumm",5,"공급망·지정학 리스크 대응 관련 표현이 content에서 발견되었습니다: supply chain, supply-chain"
31,Norsk Hydro,1,공급망·지정학 리스크 대응,특정지역 의존도 축소·공급망 다변화·규제 리스크 대응 등,"Hydro brings high-recycled aluminium to General Motors EV with Hydro CIRCAL The 2026 Cadillac OPTIQ with Hydro CIRCAL recycled aluminium. (Photo: General Motors) General Motors’ Cadillac OPTIQ will feature a front bumper system made with Hydro CIRCAL, an advanced aluminium alloy composed of at least 75 percent ... August 5, 2026",https://www.hydro.com/en/global/media/news/2026/hydro-brings-high-recycled-aluminium-to-general-motors-ev-with-hydro-circal/,Norsk Hydro - News / Newsroom / News,official,2026-08-05T00:00:00Z,2026-08-11T04:32:19Z,supply chain; supply-chain,content,"th integration into the Cadillac OPTIQ platform. By sourcing recycled aluminium locally and making it in Michigan, GM strengthens U.S. production and supply chain resilience while demonstrating how regional recycling networks can return valuable materials to new vehicle applications. Hydro CIRCAL uses aluminium recovered from end-of-life products such as vehicles, windows, doors",5,"공급망·지정학 리스크 대응 관련 표현이 content에서 발견되었습니다: supply chain, supply-chain"
65,Toppan Holdings,1,공급망·지정학 리스크 대응,특정지역 의존도 축소·공급망 다변화·규제 리스크 대응 등,TOPPAN Speciality Films Wins Awards in Three Categories at the 10th CII National Energy Efficiency Circle Competition,https://www.holdings.toppan.com/en/news/2026/08/newsrelease260804_1.html,Toppan Holdings - Newsroom / Newsroom / News,official,2026-08-04T00:00:00Z,2026-08-11T04:32:19Z,supply chain; supply-chain,content,"d across the entire Group, the TOPPAN Group will further reinforce its supply capacity for high performance flexible packaging. Leveraging an optimal supply chain tailored to the global packaging market, TOPPAN will pursue further energy conservation and environmental impact reduction in its production processes, contributing to the realization of a sustainable society in India a",5,"공급망·지정학 리스크 대응 관련 표현이 content에서 발견되었습니다: supply chain, supply-chain"
65,Toppan Holdings,1,공급망·지정학 리스크 대응,특정지역 의존도 축소·공급망 다변화·규제 리스크 대응 등,Newsroom Search Results｜TOPPAN Holdings Inc.,https://www.holdings.toppan.com/en/news/search.html,Toppan Holdings - Newsroom / Newsroom / News,official,2026-08-04T00:00:00Z,2026-08-11T04:32:19Z,supply chain; supply-chain,content,"026 INFORMATION TOPPAN Holdings Selected as CDP Supplier Engagement Leader for Fifth Consecutive Year Efforts to address climate change issues across supply chains receive highest level recognition Tag Sustainable Packaging Awards Certification Company TOPPAN Holdings Inc. Other May 07, 2026 TOPICS TOPPAN Holdings Selected to Dow Jones Best-in-Class World Index for Third Consecut",5,"공급망·지정학 리스크 대응 관련 표현이 content에서 발견되었습니다: supply chain, supply-chain"
40,Evonik Industries,1,공급망·지정학 리스크 대응,특정지역 의존도 축소·공급망 다변화·규제 리스크 대응 등,"August 04, 2026 Investor Relations Evonik reports strong second quarter Essen, Germany. As announced on June 26, Evonik delivered strong earnings in the second quarter. The ongoing conflict in the Middle East caused supply chain bottlenecks, mainly outside Europe, resulting in an economic windfall.",https://www.evonik.com/en/news/press-releases/2026/08/q2-2026.html?owner=evonik%3Aorganization%2FF%2FF-IR&type=evonik%3Anews-type%2Fpress-release---ir-news%2Finvestor-relations-news,Evonik Industries - Investor Relations / Investor Relations,official,2026-08-04T00:00:00Z,2026-08-11T04:32:19Z,supply chain; supply-chain,title; content,"st 04, 2026 Evonik reports strong second quarter Adjusted EBITDA rises to €630 million in the second quarter Higher volumes and selling prices due to supply chain bottlenecks outside of Europe Outlook 2026: €2.0 billion to €2.2 billion adjusted EBITDA Essen, Germany . As announced on June 26, Evonik delivered strong earnings in the second quarter. The ongoing conflict in the Midd",5,"공급망·지정학 리스크 대응 관련 표현이 title, content에서 발견되었습니다: supply chain, supply-chain"
5,Cytiva,1,공급망·지정학 리스크 대응,특정지역 의존도 축소·공급망 다변화·규제 리스크 대응 등,Danaher Appoints Julie Sawyer Montgomery as President and Chief Executive Officer,https://investors.danaher.com/2026-08-03-Danaher-Appoints-Julie-Sawyer-Montgomery-as-President-and-Chief-Executive-Officer,Cytiva - Danaher Investor Relations / Investor Relations RSS,official,2026-08-03T20:15:00Z,2026-08-11T04:32:19Z,geopolitical; tariff,content,"r our products and services, labor matters and our ability to recruit, retain and motivate talented employees, U.S. and non-U.S. economic, political, geopolitical, legal, compliance, social and business factors (including the impact of elections, regulatory and policy changes or uncertainty, government shutdowns and military conflicts such as the conflict in the Middle East), dis; factors include, among other things: our ability to retain key personnel, our ability to execute on growth and other opportunities, the impact of the tariffs and related actions implemented by the U.S. and other countries, the impact of our debt obligations (including debt we incurred to finance the acquisition of Masimo) on our operations and liquidity, deterioration of or",5,"공급망·지정학 리스크 대응 관련 표현이 content에서 발견되었습니다: geopolitical, tariff"
5,Cytiva,1,공급망·지정학 리스크 대응,특정지역 의존도 축소·공급망 다변화·규제 리스크 대응 등,Open Report of unscheduled material events or corporate event in HTML.,https://app.quotemedia.com/data/downloadFiling?webmasterId=101533&ref=320237260&type=HTML&symbol=DHR&cdn=c898b557e52916ddfb63d5a675223d01&companyName=Danaher+Corporation&formType=8-K&dateFiled=2026-08-03,Cytiva - Danaher SEC Filings / Regulatory Filings,official,2026-08-03T00:00:00Z,2026-08-11T04:32:19Z,geopolitical; tariff,content,"r our products and services, labor matters and our ability to recruit, retain and motivate talented employees, U.S. and non-U.S. economic, political, geopolitical, legal, compliance, social and business factors (including the impact of elections, regulatory and policy changes or uncertainty, government shutdowns and military conflicts such as the conflict in the Middle East), dis; factors include, among other things: our ability to retain key personnel, our ability to execute on growth and other opportunities, the impact of the tariffs and related actions implemented by the U.S. and other countries, the impact of our debt obligations (including debt we incurred to finance the acquisition of Masimo) on our operations and liquidity, deterioration of or",5,"공급망·지정학 리스크 대응 관련 표현이 content에서 발견되었습니다: geopolitical, tariff"
19,Skyworks,1,공급망·지정학 리스크 대응,특정지역 의존도 축소·공급망 다변화·규제 리스크 대응 등,Skyworks Delivers Solid Third Quarter Fiscal Year 2026 Results; Announces Key Steps Toward Qorvo Combination,https://investors.skyworksinc.com/news-releases/news-release-details/skyworks-delivers-solid-third-quarter-fiscal-year-2026-results,Skyworks - Press Releases / Press Releases,official,2026-07-28T00:00:00Z,2026-08-11T04:32:19Z,geopolitical; tariff,content,"on of significant customer orders and our ability, as well as the ability of our customers, to manage inventory; other economic, social, military and geopolitical conditions in the countries in which we, our customers or our suppliers operate, including the conflicts in Ukraine , Iran and other regions in the Middle East , possible disruptions in transportation networks, and fluc; difference include, but are not limited to: the risks of doing business internationally, including from trade war or trade protection measures (e.g., tariffs, retaliatory tariffs and other countermeasures or taxes), increased import/export restrictions and controls (e.g., our ability to obtain foreign-sourced raw materials, including from Chinese-based sources, as well as o",5,"공급망·지정학 리스크 대응 관련 표현이 content에서 발견되었습니다: geopolitical, tariff"
16,Amkor Technology,1,공급망·지정학 리스크 대응,특정지역 의존도 축소·공급망 다변화·규제 리스크 대응 등,Amkor Technology Announces Strategic Partnership with NVIDIA to Expand Advanced Packaging and Test for Next-Generation AI Infrastructure,https://ir.amkor.com/news-releases/news-release-details/amkor-technology-announces-strategic-partnership-nvidia-expand,Amkor Technology - Investor Press Releases / Press Releases,official,2026-07-23T00:00:00Z,2026-08-11T04:32:19Z,supply chain; supply-chain,content,"ty in Arizona , complementing the company’s established manufacturing footprint across Asia , to create a geographically diverse and resilient global supply chain. “AI is driving a generational shift in technology, transforming every industry and creating a unique opportunity to reinvigorate American manufacturing and supply chains,” said Debora Shoquist , Executive Vice Presiden; ment to expanding full turnkey advanced packaging and test capabilities in the United States , strengthening domestic semiconductor manufacturing and supply-chain resilience for AI infrastructure. NVIDIA’s capacity agreement supports Amkor’s expansion of U.S . capacity in Arizona , complementing the company’s established manufacturing footprint across Asia , to create a geographi",5,"공급망·지정학 리스크 대응 관련 표현이 content에서 발견되었습니다: supply chain, supply-chain"
59,Airbus,1,공급망·지정학 리스크 대응,특정지역 의존도 축소·공급망 다변화·규제 리스크 대응 등,Airbus elevates hybrid-electric integration with LEIA Project Press Release Innovation 22 July 2026 2 min read,https://www.airbus.com/en/newsroom/press-releases/2026-07-airbus-elevates-hybrid-electric-integration-with-leia-project,Airbus - Investors / Investor Relations,official,2026-07-22T00:00:00Z,2026-08-11T04:32:19Z,supply chain; supply-chain,content,"multiple Clean Aviation projects, which target electrification technologies for regional and short-to-medium range aircraft. By managing cross-border supply chain integration and rigorous technical requirements, Airbus continues to drive the transformation of the aviation industry toward a more electric future with the ultimate goal of reducing greenhouse gas emissions in aviatio",5,"공급망·지정학 리스크 대응 관련 표현이 content에서 발견되었습니다: supply chain, supply-chain"
5,Cytiva,1,공급망·지정학 리스크 대응,특정지역 의존도 축소·공급망 다변화·규제 리스크 대응 등,Danaher Reports Second Quarter 2026 Results Danaher Corporation (NYSE: DHR) today announced results for the second quarter 2026. All results in this release reflect only continuing operations and period-to-period comparisons are... 07.21.2026,https://investors.danaher.com/2026-07-21-Danaher-Reports-Second-Quarter-2026-Results,Cytiva - Danaher Press Releases / Press Releases,official,2026-07-21T00:00:00Z,2026-08-11T04:32:19Z,geopolitical; tariff,content,"r our products and services, labor matters and our ability to recruit, retain and motivate talented employees, U.S. and non-U.S. economic, political, geopolitical, legal, compliance, social and business factors (including the impact of elections, regulatory and policy changes or uncertainty, government shutdowns and military conflicts such as the conflict in the Middle East), dis; atements and you should not place undue reliance on any such forward-looking statements. These factors include, among other things: the impact of the tariffs and related actions implemented by the U.S. and other countries, the impact of our debt obligations (including debt we incurred to finance the acquisition of Masimo Corporation) on our operations and liquidity, deterio",5,"공급망·지정학 리스크 대응 관련 표현이 content에서 발견되었습니다: geopolitical, tariff"
23,3M,1,공급망·지정학 리스크 대응,특정지역 의존도 축소·공급망 다변화·규제 리스크 대응 등,3M and Microsoft announce strategic partnership to advance AI data center infrastructure and enterprise transformation,https://investors.3m.com/news-events/press-releases/detail/1937/3m-and-microsoft-announce-strategic-partnership-to-advance,3M - IR Press Releases / Investor Press Releases RSS,official,2026-07-15T13:01:00Z,2026-08-11T04:32:19Z,supply chain; supply-chain,content,"3M to build datacenters that are faster to deploy, more resilient and ready for the scale of AI,"" said Cliff Henson, corporate vice president, Cloud Supply Chain, Microsoft. ""3M's EBO solution will help unlock new levels of performance, reliability and efficiency to ensure customers can run their cloud and AI workloads on a trusted, sustainable and advanced environment."" &nbsp;",5,"공급망·지정학 리스크 대응 관련 표현이 content에서 발견되었습니다: supply chain, supply-chain"
23,3M,1,공급망·지정학 리스크 대응,특정지역 의존도 축소·공급망 다변화·규제 리스크 대응 등,Scotch™ Brand launches Scotch Kids® Tape for young creators,https://news.3m.com/2026-07-14-Scotch-TM-Brand-launches-Scotch-Kids-R-Tape-for-young-creators,3M - Corporate Press Releases / Press Releases RSS,official,2026-07-14T11:46:00Z,2026-08-11T04:32:19Z,supply chain; supply-chain,content,ulatory & Compliance Information Transport Information Search CPSIA Certification Search Lithium Battery UN 38.3 Test Summary Search Transparency in Supply Chains and Modern Slavery Disclosures US Ingredient Communication Help Help Center Site Map --> Legal | Privacy | HIPAA Privacy | DMCA | Accessibility Statement | Your Privacy Choices | Cookie Preferences © 3M 2026. All Rights,5,"공급망·지정학 리스크 대응 관련 표현이 content에서 발견되었습니다: supply chain, supply-chain"
22,Boeing,1,공급망·지정학 리스크 대응,특정지역 의존도 축소·공급망 다변화·규제 리스크 대응 등,Boeing to Showcase Global Programs and Partnerships at Farnborough International Airshow,https://boeing.mediaroom.com/2026-07-13-Boeing-to-Showcase-Global-Programs-and-Partnerships-at-Farnborough-International-Airshow,Boeing - News Releases and Statements / Press Releases / Statements,official,2026-07-13T00:00:00Z,2026-08-11T04:32:19Z,supply chain; supply-chain,content,"AF Tues. July 21 | 12:00 – 12:50 | Aerospace Global News Session | Hall 3 - AGN Theatre 1 William Ampofo II, vice president, Parts & Distribution and Supply Chain, Powering the Global A&D Supply Ecosystem Wed. July 22 | 10:15 – 11:00 | Aerospace Global Forum Technology Summit | Hall 3 – AGN Theatre 1 Lane Ballard, chief technology officer, CTOs Panel Media Opportunities Boeing wi",5,"공급망·지정학 리스크 대응 관련 표현이 content에서 발견되었습니다: supply chain, supply-chain"
23,3M,1,공급망·지정학 리스크 대응,특정지역 의존도 축소·공급망 다변화·규제 리스크 대응 등,3M Young Scientist Challenge Names 10 Finalists for 2026 National Competition,https://news.3m.com/2026-07-06-3M-Young-Scientist-Challenge-Names-10-Finalists-for-2026-National-Competition,3M - Corporate Press Releases / Press Releases RSS,official,2026-07-06T13:30:00Z,2026-08-11T04:32:19Z,supply chain; supply-chain,content,gulatory & Compliance Information Transport Information Search CPSIA Certification Search Lithium Battery UN 38.3 Test Summary Search Transparency in Supply Chains and Modern Slavery Disclosures US Ingredient Communication Help Help Center Site Map --> Legal | Privacy | HIPAA Privacy | DMCA | Accessibility Statement | Your Privacy Choices | Cookie Preferences © 3M 2026. All Right,5,"공급망·지정학 리스크 대응 관련 표현이 content에서 발견되었습니다: supply chain, supply-chain"
23,3M,1,공급망·지정학 리스크 대응,특정지역 의존도 축소·공급망 다변화·규제 리스크 대응 등,3M and Discovery Education announce 37 State Merit Winners and four Honorable Mentions in 2026 3M Young Scientist Challenge,https://news.3m.com/2026-07-01-3M-and-Discovery-Education-announce-37-State-Merit-Winners-and-four-Honorable-Mentions-in-2026-3M-Young-Scientist-Challenge,3M - Corporate Press Releases / Press Releases,official,2026-07-01T00:00:00Z,2026-08-11T04:32:19Z,supply chain; supply-chain,content,gulatory & Compliance Information Transport Information Search CPSIA Certification Search Lithium Battery UN 38.3 Test Summary Search Transparency in Supply Chains and Modern Slavery Disclosures US Ingredient Communication Help Help Center Site Map --> Legal | Privacy | HIPAA Privacy | DMCA | Accessibility Statement | Your Privacy Choices | Cookie Preferences © 3M 2026. All Right,5,"공급망·지정학 리스크 대응 관련 표현이 content에서 발견되었습니다: supply chain, supply-chain"
25,Applied Materials,1,공급망·지정학 리스크 대응,특정지역 의존도 축소·공급망 다변화·규제 리스크 대응 등,"Applied Materials Unveils SENZ™, a Fully Integrated Visual System for Next-Gen Smart Glasses Press Release Arow1-50 --> > -->",https://ir.appliedmaterials.com/news-releases/news-release-details/applied-materials-unveils-senztm-fully-integrated-visual-system,Applied Materials - Investor Relations / Investor Relations,official,2026-06-17T00:00:00Z,2026-08-11T04:32:19Z,supply chain; supply-chain,content,"while enabling more flexible product designs and premium user experiences. The smart glasses market has historically been constrained by fragmented supply chains and disparate components. SENZ will address this by delivering all core visual components as a single cohesive system, eliminating traditional engineering tradeoffs between performance and form factor. “Smart glasses are",5,"공급망·지정학 리스크 대응 관련 표현이 content에서 발견되었습니다: supply chain, supply-chain"
16,Amkor Technology,1,공급망·지정학 리스크 대응,특정지역 의존도 축소·공급망 다변화·규제 리스크 대응 등,TSMC and Amkor Technology Announce Long Term Partnership to Accelerate Advanced Packaging in the United States,https://ir.amkor.com/news-releases/news-release-details/tsmc-and-amkor-technology-announce-long-term-partnership,Amkor Technology - Investor Press Releases / Press Releases,official,2026-06-16T00:00:00Z,2026-08-11T04:32:19Z,supply chain; supply-chain,content,"hip that will enhance advanced semiconductor packaging capabilities in Arizona , strengthening and accelerating investment in the U.S . semiconductor supply chain ecosystem. The agreement establishes a collaboration framework for TSMC to procure from Amkor advanced packaging and testing services. By working together as partners to expand capacity, the companies aim to enable a mo",5,"공급망·지정학 리스크 대응 관련 표현이 content에서 발견되었습니다: supply chain, supply-chain"
5,Cytiva,1,공급망·지정학 리스크 대응,특정지역 의존도 축소·공급망 다변화·규제 리스크 대응 등,News Article Top six takeaways from the 2026 Danaher Summit 06.15.26,https://www.danaher.com/top-six-takeaways-2026-danaher-summit-bioprocessing,Cytiva - Danaher Newsroom / Newsroom / News,official,2026-06-15T00:00:00Z,2026-08-11T04:32:19Z,supply chain; supply-chain,content,"ier commitments and shared performance targets as part of doing business. Far from being separate from operational strategy, this is part of building supply chains resilient enough to support long-term innovation at scale. Progress toward net-zero goals, Summit participants agreed, accelerates when sustainability is wired into commercial relationships rather than managed alongsid",5,"공급망·지정학 리스크 대응 관련 표현이 content에서 발견되었습니다: supply chain, supply-chain"
16,Amkor Technology,1,공급망·지정학 리스크 대응,특정지역 의존도 축소·공급망 다변화·규제 리스크 대응 등,Amkor Technology Expands U.S. Advanced Packaging Footprint with Additional Land in Arizona,https://ir.amkor.com/news-releases/news-release-details/amkor-technology-expands-us-advanced-packaging-footprint,Amkor Technology - Investor Press Releases / Press Releases,official,2026-05-19T00:00:00Z,2026-08-11T04:32:19Z,supply chain; supply-chain,content,"in Arizona strengthens our ability to support customers with leading-edge packaging and test solutions while contributing to a more resilient global supply chain.” To hear more about Amkor’s strategic priorities and positioning in the semiconductor industry, register for the Investor Day webcast taking place on Thursday, May 21 . About Amkor Technology, Inc. Amkor Technology, In",5,"공급망·지정학 리스크 대응 관련 표현이 content에서 발견되었습니다: supply chain, supply-chain"
1,Australian Strategic Metals,1,공급망·지정학 리스크 대응,특정지역 의존도 축소·공급망 다변화·규제 리스크 대응 등,"ASM wins Resources, Minerals and Processing Award at Australia-Korea Business Awards 2026",https://asm-au.com/asm-wins-resources-minerals-and-processing-award-at-australia-korea-business-awards-2026/,Australian Strategic Metals - News / Newsroom / News,official,2026-04-01T05:45:49Z,2026-08-11T04:32:19Z,supply chain; supply-chain,content,"more diverse economic ties between the two countries. ASM’s win reflects the Company’s work in establishing a vertically integrated critical minerals supply chain spanning both countries – from resource development at the Dubbo Project in New South Wales through to metals production at the KMP in Chungcheongbuk-do Province. Since formally opening in May 2022, the KMP has continue",5,"공급망·지정학 리스크 대응 관련 표현이 content에서 발견되었습니다: supply chain, supply-chain"
14,DOW,1,공급망·지정학 리스크 대응,특정지역 의존도 축소·공급망 다변화·규제 리스크 대응 등,Dow leading sustainable packaging with REVOLOOP™ resins,https://corporate.dow.com/en-us/news/seek-together/leading-the-way-in-sustainable-packaging-solutions.html,DOW - Corporate News / Newsroom / News,official,2024-10-08T04:00:00Z,2026-08-11T04:32:19Z,supply chain; supply-chain,content,"ing applications, the equivalent plastic solution weighs significantly less than the alternatives, reducing greenhouse gas emissions throughout the supply chain. Partnering for progress With our REVOLOOP™ Recycled Plastic Resins, we are collaborating with partners around the world to ensure PCR plastic is managed like the valuable resource that it is. This includes investing in t",5,"공급망·지정학 리스크 대응 관련 표현이 content에서 발견되었습니다: supply chain, supply-chain"
27,Prodrive,1,공급망·지정학 리스크 대응,특정지역 의존도 축소·공급망 다변화·규제 리스크 대응 등,20-05-2026 | Press release Prodrive Technologies and Fortaegis Technologies sign strategic partnership agreement,https://prodrive-technologies.com/en/about-us/news/prodrive-technologies-and-fortaegis-technologies-sign-strategic-partnership-agreement/,Prodrive - Press-release Filter / Press Releases,official,,2026-08-11T04:32:19Z,supply chain; supply-chain,content,"latforms to scalable deployment. The collaboration will commence with Prodrive Technologies supporting areas such as engineering, system integration, supply chain management and advanced manufacturing. The companies will also explore joint customer engagement, market development and participation in relevant Dutch and European innovation programs. “ This partnership is an importa",5,"공급망·지정학 리스크 대응 관련 표현이 content에서 발견되었습니다: supply chain, supply-chain"
47,Hexagon AB,1,공급망·지정학 리스크 대응,특정지역 의존도 축소·공급망 다변화·규제 리스크 대응 등,"Advanced manufacturing report Strategy-defining insights on data, collaboration, and automation for manufacturing leadership",https://go.manufacturing.hexagon.com/advanced-manufacturing-report-2025/,Hexagon AB - Press Releases / Press Releases / Regulatory Disclosures,official,,2026-08-11T04:32:19Z,supply chain; supply-chain,content,"In today’s manufacturing landscape, standing still isn’t an option. With supply chain shocks, mounting time-to-market pressures and innovation occurring at lightning speed – disruption is everywhere. For many, the focus is firmly fixed on survival, but what if you could push further? How can you go from",5,"공급망·지정학 리스크 대응 관련 표현이 content에서 발견되었습니다: supply chain, supply-chain"
1,Australian Strategic Metals,1,공급망·지정학 리스크 대응,특정지역 의존도 축소·공급망 다변화·규제 리스크 대응 등,ASM News,https://asm-au.com/news/,Australian Strategic Metals - Investor Centre / Investor Relations,official,,2026-08-11T04:32:19Z,supply chain; supply-chain,content,"ical minerals joint declaration in Paris 18/05/26 Scheme Booklet now available – your vote matters 30/04/26 Quarterly Report: Building the rare earth supply chain the West needs 01/04/26 ASM wins Resources, Minerals and Processing Award at Australia-Korea Business Awards 2026 12/03/26 WATCH: Investor News Interview",5,"공급망·지정학 리스크 대응 관련 표현이 content에서 발견되었습니다: supply chain, supply-chain"
58,Veolia,1,공급망·지정학 리스크 대응,특정지역 의존도 축소·공급망 다변화·규제 리스크 대응 등,Réseau de chaleur urbain : comment garantir votre indépendance énergétique tout en décarbonant vos territoires ?,https://www.veolia.com/en/blog/urban-district-heating-networks-guarantee-energy-independence-decarbonizing-territories,Veolia - Financial Press Releases / Financial Press Releases RSS,official,2026-07-31T07:00:00Z,2026-08-11T04:32:19Z,geopolitical,content,"solutions. Traditional energy models, built around imported fossil fuels, now show their limitations: vulnerability to external shocks (particularly geopolitical), cost volatility, increased dependence on foreign suppliers, and inability to meet climate requirements. The 2022 energy crisis reminded everyone of the importance of local, stable, and resilient production. Heating ac",4,공급망·지정학 리스크 대응 관련 표현이 content에서 발견되었습니다: geopolitical
58,Veolia,1,공급망·지정학 리스크 대응,특정지역 의존도 축소·공급망 다변화·규제 리스크 대응 등,2026 first-half results,https://www.veolia.com/en/our-media/press-releases/2026-first-half-results,Veolia - Financial Press Releases / Financial Press Releases RSS,official,2026-07-30T05:30:05Z,2026-08-11T04:32:19Z,geopolitical,content,"erformance, with +70bps EBITDA margin improvement and +10.4% (1) progression of current net income (2) Veolia is standing out in a volatile macro and geopolitical environment, with continuously improving results, thanks to solid operational execution and unique combination of growth and resilience&nbsp; A performance based on a unique positioning at the heart of ecological securi",4,공급망·지정학 리스크 대응 관련 표현이 content에서 발견되었습니다: geopolitical
40,Evonik Industries,1,공급망·지정학 리스크 대응,특정지역 의존도 축소·공급망 다변화·규제 리스크 대응 등,"July 16, 2026 Investor Relations Evonik completes backward integration of its global MetAMINO® production network Evonik has completed the backward integration of its world-scale MetAMINO® (DL-methionine) production hub in Mobile, Alabama. With on-site production of the key intermediate methyl mercaptan in Europe (Antwerp), Asia (Singapore), and now the Americas (Mobile), the company has fully integrated its global methionine production network, further strengthening efficiency, supply security, and sustainability.",https://www.evonik.com/en/news/press-releases/2026/07/evonik-completes-backward-integration-of-its-global-metamino--pr.html?owner=evonik%3Aorganization%2FF%2FF-IR&type=evonik%3Anews-type%2Fpress-release---ir-news%2Finvestor-relations-news,Evonik Industries - Investor Relations / Investor Relations,official,2026-07-16T00:00:00Z,2026-08-11T04:32:19Z,supply security,title; content,"ngapore), and now the Americas (Mobile), the company has fully integrated its global methionine production network, further strengthening efficiency, supply security, and sustainability. “We are proud to have completed the backward integration of our Mobile hub, a complex and demanding project that marks an important step forward for our methionine asset strategy,” says Gaetano Blan",4,"공급망·지정학 리스크 대응 관련 표현이 title, content에서 발견되었습니다: supply security"
40,Evonik Industries,1,공급망·지정학 리스크 대응,특정지역 의존도 축소·공급망 다변화·규제 리스크 대응 등,"July 08, 2026 Investor Relations Evonik invests US$100 million to upgrade its U.S. drug substance contract manufacturing site Evonik is making a significant investment to strengthen manufacturing capabilities at its Lafayette (Tippecanoe), Indiana facility. Over the next five years, the company will invest US$100 million to modernize key equipment – including 100 m³ reactors and other critical systems – enhancing reliability, enabling greater automation, and improving ergonomics and efficiency.",https://www.evonik.com/en/news/press-releases/2026/07/evonik-invests-100-million-usd-to-upgrade-its-us-drug-substance-contract-manufacturing-site.html?owner=evonik%3Aorganization%2FF%2FF-IR&type=evonik%3Anews-type%2Fpress-release---ir-news%2Finvestor-relations-news,Evonik Industries - Investor Relations / Investor Relations,official,2026-07-08T00:00:00Z,2026-08-11T04:32:19Z,geopolitical,content,"driver for the long run, strengthening cost leadership, while reducing greenhouse gas emissions, following Evonik’s strict CAPEX guiding principles. Geopolitical uncertainties have underscored the importance of Western-based production for critical drug substances and delivery technologies. Moreover, modern therapeutic goals require increasingly complex molecules that are more c",4,공급망·지정학 리스크 대응 관련 표현이 content에서 발견되었습니다: geopolitical
56,Plansee,1,공급망·지정학 리스크 대응,특정지역 의존도 축소·공급망 다변화·규제 리스크 대응 등,High investments for a strong future,https://plansee-group.com/en/articles/detail/geschaftsjahr-2023-24,Plansee - Press & Stories / Press Releases / Stories,official,2024-07-03T22:00:00Z,2026-08-11T04:32:19Z,geopolitical,content,"ntly. Outlook The board of the Plansee Group expects largely unchanged economic conditions in the current fiscal year. The uncertainty due to ongoing geopolitical conflicts will continue to influence consumer behavior and investment activity. Additionally, the competitiveness of European locations is observed to be declining due to persistently high energy, personnel, and bureauc",4,공급망·지정학 리스크 대응 관련 표현이 content에서 발견되었습니다: geopolitical
25,Applied Materials,1,공급망·지정학 리스크 대응,특정지역 의존도 축소·공급망 다변화·규제 리스크 대응 등,Q4 2023 Applied Materials Earnings Conference Call,https://ir.appliedmaterials.com/events/event-details/q4-2023-applied-materials-earnings-conference-call,Applied Materials - Investor Relations / Investor Relations,official,2023-11-16T00:00:00Z,2026-08-11T04:32:19Z,geopolitical,content,"trategic initiatives, align our resources and cost structure with business conditions, and attract, motivate and retain key employees; the effects of geopolitical turmoil or conflicts, and of regional or global health epidemics; acquisitions, investments and divestitures; changes in income tax laws; the variability of operating expenses and results among products and segments, an",4,공급망·지정학 리스크 대응 관련 표현이 content에서 발견되었습니다: geopolitical
49,Maxon,1,공급망·지정학 리스크 대응,특정지역 의존도 축소·공급망 다변화·규제 리스크 대응 등,maxon achieves a respectable result with CHF 594.7 million revenue despite challenging conditions,https://www.maxongroup.com/en/news-and-events/news/maxon-achieves-a-respectable-result-with-chf-594-7-million-revenue-despite-challenging-conditions-283946,Maxon - News / Newsroom / News,official,,2026-08-11T04:32:19Z,geopolitical,content,"solid liquidity reserve in 2024 – a reassuring position in economically and politically uncertain times. 2025 will also be challenging; economic and geopolitical imponderables are currently difficult to assess."" Eugen Elmiger, CEO of the maxon Group, says of the annual result: ""We began 2024 with optimism but had to quickly adjust our expectations. After several years of revenue",4,공급망·지정학 리스크 대응 관련 표현이 content에서 발견되었습니다: geopolitical
1,Australian Strategic Metals,2,생산 확대 및 다변화 의지,APAC 신규 시설 확장 검토·생산기지 타당성 조사 등,Quarterly Report: Production momentum continues,https://asm-au.com/quarterly-report-production-momentum-continues/,Australian Strategic Metals - News / Newsroom / News RSS,official,2026-07-30T23:32:35Z,2026-08-11T04:32:19Z,APAC; feasibility study; facility expansion,content,"~45 tonnes of NdFeB alloy and NdPr metal, with total production increasing for the second quarter in a row. Facility expansion to 3,600tpa nameplate capacity Installation of eight new furnaces at the KMP completed, progressing Phase 2 expansion activities. Scaling-up heavy rare earth metal development Commissioning of next-generation pilot-scale HRE metallisation furnace; the Schemes with Energy Fuels, continued production ramp-up and expansion at the Korean Metals Plant (KMP), and progress of the Heap Leach Option pre-feasibility study (PFS) at the Dubbo Project” Rowena Smith Managing Director & CEO, ASM Highlights Rare earth metal and alloy production continues to increase The Korean Metals Plant (KMP) dispatched ~45 tonnes of NdFeB alloy and NdPr me; The Korean Metals Plant (KMP) dispatched ~45 tonnes of NdFeB alloy and NdPr metal, with total production increasing for the second quarter in a row. Facility expansion to 3,600tpa nameplate capacity Installation of eight new furnaces at the KMP completed, progressing Phase 2 expansion activities. Scaling-up heavy rare earth metal development Commissioning of next-generation pilot-scal",6,"생산 확대 및 다변화 의지 관련 표현이 content에서 발견되었습니다: APAC, feasibility study, facility expansion"
16,Amkor Technology,2,생산 확대 및 다변화 의지,APAC 신규 시설 확장 검토·생산기지 타당성 조사 등,Amkor Technology Announces Strategic Partnership with NVIDIA to Expand Advanced Packaging and Test for Next-Generation AI Infrastructure,https://ir.amkor.com/news-releases/news-release-details/amkor-technology-announces-strategic-partnership-nvidia-expand,Amkor Technology - Investor Press Releases / Press Releases,official,2026-07-23T00:00:00Z,2026-08-11T04:32:19Z,APAC; capacity expansion; manufacturing footprint,content,"tion AI Infrastructure $1.5 Billion Multi-Year Advanced Packaging and Development Agreement to Support Expansion of Amkor’s U.S . Advanced Packaging Capacity TEMPE, Ariz. --(BUSINESS WIRE)--Jul. 23, 2026-- Amkor Technology, Inc. (Nasdaq: AMKR) today announced a multi-year strategic partnership with NVIDIA to develop advanced semiconductor packaging and test technologies f; lities to support critical AI infrastructure.” Spanning Asia and the United States , the NVIDIA–Amkor collaboration aligns technology development and capacity expansion to support the continued evolution of AI platforms. About Amkor Technology, Inc. Amkor Technology, Inc. (Nasdaq: AMKR) is the world’s largest U.S. headquartered OSAT and is a global leader in outsourced semiconductor pa; for AI infrastructure. NVIDIA’s capacity agreement supports Amkor’s expansion of U.S . capacity in Arizona , complementing the company’s established manufacturing footprint across Asia , to create a geographically diverse and resilient global supply chain. “AI is driving a generational shift in technology, transforming every industry and creating a unique opportunity to reinvigorate Americ",6,"생산 확대 및 다변화 의지 관련 표현이 content에서 발견되었습니다: APAC, capacity expansion, manufacturing footprint"
28,ASML,2,생산 확대 및 다변화 의지,APAC 신규 시설 확장 검토·생산기지 타당성 조사 등,"July 15, 2026 ASML reports €9.3 billion total net sales and €2.9 billion net income in Q2 2026",https://www.asml.com/en/news/press-releases/2026/q2-2026-financial-results,ASML - ASML News / Newsroom / News,official,2026-07-15T00:00:00Z,2026-08-11T04:32:19Z,APAC; capacity expansion; manufacturing capacity,content,"nced Logic and Memory chips, further strengthening the semiconductor industry's growth outlook. Our customers, in turn, continue to accelerate their capacity expansion plans. This is translating into customer commitments across our product portfolio, providing ASML with increased visibility into longer-term demand. Our order intake remained extremely strong in the first h; anced Logic and Memory chips, further strengthening the semiconductor industry's growth outlook. Our customers, in turn, continue to accelerate their capacity expansion plans. This is translating into customer commitments across our product portfolio, providing ASML with increased visibility into longer-term demand. Our order intake remained extremely strong in the first half of the ye; thout limitation, risks relating to customer demand, semiconductor equipment industry capacity, worldwide demand for semiconductors and semiconductor manufacturing capacity, lithography tool utilization and semiconductor inventory levels, general trends and consumer confidence in the semiconductor industry, the impact of general economic conditions, including the impact of the macroeconomi",6,"생산 확대 및 다변화 의지 관련 표현이 content에서 발견되었습니다: APAC, capacity expansion, manufacturing capacity"
16,Amkor Technology,2,생산 확대 및 다변화 의지,APAC 신규 시설 확장 검토·생산기지 타당성 조사 등,Amkor Technology Expands U.S. Advanced Packaging Footprint with Additional Land in Arizona,https://ir.amkor.com/news-releases/news-release-details/amkor-technology-expands-us-advanced-packaging-footprint,Amkor Technology - Investor Press Releases / Press Releases,official,2026-05-19T00:00:00Z,2026-08-11T04:32:19Z,APAC; manufacturing capacity; manufacturing footprint,content,"ess Releases Printer-friendly version Back Amkor Technology Expands U.S. Advanced Packaging Footprint with Additional Land in Arizona Enables future capacity to support rising demand for Advanced packaging and test TEMPE, Ariz. --(BUSINESS WIRE)--May 19, 2026-- Amkor Technology, Inc. (Nasdaq: AMKR) today reinforced its commitment to expanding Advanced semiconductor packag; ce computing, automotive, and communications markets. “Amkor’s investment in Arizona represents a significant step in building advanced semiconductor manufacturing capacity in the United States,” said Kevin Engel , president and chief executive officer of Amkor Technology . “Our continued expansion in Arizona strengthens our ability to support customers with leading-edge packaging and test; d its commitment to expanding Advanced semiconductor packaging and test capabilities in the United States through continued investment in its Arizona manufacturing footprint. Located within Peoria’s Innovation Core, Amkor’s campus is being developed on a 104-acre site designed to support large-scale, leading-edge semiconductor packaging and test capabilities. As part of its long-term growth",6,"생산 확대 및 다변화 의지 관련 표현이 content에서 발견되었습니다: APAC, manufacturing capacity, manufacturing footprint"
56,Plansee,2,생산 확대 및 다변화 의지,APAC 신규 시설 확장 검토·생산기지 타당성 조사 등,High investments for a strong future,https://plansee-group.com/en/articles/detail/geschaftsjahr-2023-24,Plansee - Press & Stories / Press Releases / Stories,official,2024-07-03T22:00:00Z,2026-08-11T04:32:19Z,APAC; capacity expansion; manufacturing expansion,content,"and innovation volume of the Plansee Group increased by 17 percent compared to the previous year, to 297 million euros. Investment focuses included capacity expansions at production plants in Poland and Bulgaria and the purchase of commercial land in India for manufacturing expansion. In Franklin, Massachusetts, USA, a new cleanroom for the production of semiconductor co; t and innovation volume of the Plansee Group increased by 17 percent compared to the previous year, to 297 million euros. Investment focuses included capacity expansions at production plants in Poland and Bulgaria and the purchase of commercial land in India for manufacturing expansion. In Franklin, Massachusetts, USA, a new cleanroom for the production of semiconductor components was; n euros. Investment focuses included capacity expansions at production plants in Poland and Bulgaria and the purchase of commercial land in India for manufacturing expansion. In Franklin, Massachusetts, USA, a new cleanroom for the production of semiconductor components was built. Infrastructure was prepared in Reutte, Austria, for the planned large electrolyzer. This will produce hydrogen",6,"생산 확대 및 다변화 의지 관련 표현이 content에서 발견되었습니다: APAC, capacity expansion, manufacturing expansion"
24,Ouster,2,생산 확대 및 다변화 의지,APAC 신규 시설 확장 검토·생산기지 타당성 조사 등,Ouster Announces Upcoming Investor Events,https://investors.ouster.com/news-releases/news-release-details/ouster-announces-upcoming-investor-events-1,Ouster - News Releases / Press Releases,official,2026-08-07T00:00:00Z,2026-08-11T04:32:19Z,APAC; Asia Pacific,content,,5,"생산 확대 및 다변화 의지 관련 표현이 content에서 발견되었습니다: APAC, Asia Pacific"
24,Ouster,2,생산 확대 및 다변화 의지,APAC 신규 시설 확장 검토·생산기지 타당성 조사 등,Ouster Announces Results for Second Quarter 2026,https://investors.ouster.com/news-releases/news-release-details/ouster-announces-results-second-quarter-2026,Ouster - News Releases / Press Releases,official,2026-08-06T00:00:00Z,2026-08-11T04:32:19Z,APAC; Asia Pacific,content,,5,"생산 확대 및 다변화 의지 관련 표현이 content에서 발견되었습니다: APAC, Asia Pacific"
73,Sumitomo Chemical,2,생산 확대 및 다변화 의지,APAC 신규 시설 확장 검토·생산기지 타당성 조사 등,Business & Products,https://www.sumitomo-chem.co.jp/english/news/category/products/,Sumitomo Chemical - News Releases Filter / Press Releases,official,2026-08-05T00:00:00Z,2026-08-11T04:32:19Z,APAC; scale up; scale-up,content,"CO₂ from a Waste to Energy Plant by Membrane Separation Aug. 5, 2025 Business & Products Sumitomo Chemical Announces an Expansion of the Production Capacity of its Regenerative Medicine and Cell Therapy CDMO Subsidiary Jun. 16, 2025 Business & Products Sumitomo Chemical Launches a New Digital Transformation Management Structure, Aiming to Become an AI Native Company Jun.; me Polymer, Aiming to Strengthen the Competitiveness of the Domestic Polyolefin Business Aug. 20, 2025 Business & Products Sumitomo Chemical Achieves Scale-Up of Its Proprietary Process for Producing Propylene Directly from Ethanol Aug. 19, 2025 Business & Products Sumitomo Chemical and JFE Engineering to Start Demonstration Test for CO₂ Recovery Using Membrane Separation Tec",5,"생산 확대 및 다변화 의지 관련 표현이 content에서 발견되었습니다: APAC, scale up, scale-up"
20,Eli Lilly and Company,2,생산 확대 및 다변화 의지,APAC 신규 시설 확장 검토·생산기지 타당성 조사 등,"Lilly reports second-quarter 2026 financial results, raises full-year guidance, and highlights continued growth and pipeline progress",https://investor.lilly.com/news-releases/news-release-details/lilly-reports-second-quarter-2026-financial-results-raises-full,Eli Lilly and Company - Investor Relations / Investor Relations,official,2026-08-05T00:00:00Z,2026-08-11T04:32:19Z,APAC; manufacturing capacity,content,"building for the future. With our next-generation weight-loss medicine retatrutide and its complete clinical data package in hand, new manufacturing capacity coming online, and exciting new assets entering our pipeline through business development, Lilly 's future, after 150 years, has never been brighter."" Financial Results $ in millions, except per share data Second-Qua; time, Lilly is building for the future. With our next-generation weight-loss medicine retatrutide and its complete clinical data package in hand, new manufacturing capacity coming online, and exciting new assets entering our pipeline through business development, Lilly 's future, after 150 years, has never been brighter."" Financial Results $ in millions, except per share data Second-Quarte",5,"생산 확대 및 다변화 의지 관련 표현이 content에서 발견되었습니다: APAC, manufacturing capacity"
65,Toppan Holdings,2,생산 확대 및 다변화 의지,APAC 신규 시설 확장 검토·생산기지 타당성 조사 등,TOPPAN Speciality Films Wins Awards in Three Categories at the 10th CII National Energy Efficiency Circle Competition,https://www.holdings.toppan.com/en/news/2026/08/newsrelease260804_1.html,Toppan Holdings - Newsroom / Newsroom / News,official,2026-08-04T00:00:00Z,2026-08-11T04:32:19Z,APAC; manufacturing base,content,"duction expertise with the established packaging capabilities cultivated across the entire Group, the TOPPAN Group will further reinforce its supply capacity for high performance flexible packaging. Leveraging an optimal supply chain tailored to the global packaging market, TOPPAN will pursue further energy conservation and environmental impact reduction in its production; tes the optimization of energy efficiency through the proper operation of environmental management systems and ongoing, site-led improvements at each manufacturing base. TSF&rsquo;s simultaneous awards in three categories recognize its proactive energy management framework and continual shop-floor efforts. The TOPPAN Group will continue to drive energy-saving initiatives across its glo",5,"생산 확대 및 다변화 의지 관련 표현이 content에서 발견되었습니다: APAC, manufacturing base"
67,Asahi Glass,2,생산 확대 및 다변화 의지,APAC 신규 시설 확장 검토·생산기지 타당성 조사 등,Semiconductor-Related Business Briefing Session,https://www.agc.com/en/ir/library/bizbriefing/index.html,Asahi Glass - Investor Relations / Investor Relations,official,2026-08-04T00:00:00Z,2026-08-11T04:32:19Z,APAC; Asia Pacific,content,24 IR DAY (Corporate Strategy) IR DAY (Corporate Strategy) Transcript IR DAY (Automotive) IR DAY (Automotive) Transcript IR DAY (Architectural Glass (Asia Pacific)) IR DAY (Architectural Glass (Asia Pacific)) Transcript IR DAY (Architectural Glass (Europe & Americas)) IR DAY (Architectural Glass (Europe & Americas)) Transcript IR DAY (Chemicals) IR DAY (Chemicals) Transcript IR D,5,"생산 확대 및 다변화 의지 관련 표현이 content에서 발견되었습니다: APAC, Asia Pacific"
70,Tokyo Electron,2,생산 확대 및 다변화 의지,APAC 신규 시설 확장 검토·생산기지 타당성 조사 등,Sustainability,https://www.tel.com/news/sustainability/index.html,Tokyo Electron - News / Newsroom / News,official,2026-07-31T00:00:00Z,2026-08-11T04:32:19Z,APAC; Asia Pacific,content,"tatus in RBA VAP Topics Products / Services IR Sustainability Event Disaster Notice 2026.05.12 Tokyo Electron Chosen for the ""Dow Jones Best-in-Class Asia Pacific Index"" Topics Products / Services IR Sustainability Event Disaster Notice 2026.03.23 Tokyo Electron Wins the NIKKEI Integrated Report Award 2025 Semi-Grand Prize Topics Products / Services IR Sustainability Event Disast",5,"생산 확대 및 다변화 의지 관련 표현이 content에서 발견되었습니다: APAC, Asia Pacific"
21,GE Healthcare,2,생산 확대 및 다변화 의지,APAC 신규 시설 확장 검토·생산기지 타당성 조사 등,GE HealthCare reports second quarter 2026 financial results,https://investor.gehealthcare.com/news-releases/news-release-details/ge-healthcare-reports-second-quarter-2026-financial-results,GE Healthcare - Investor News Releases / Investor News / Press Releases,official,2026-07-29T00:00:00Z,2026-08-11T04:32:19Z,APAC; capacity expansion,content,of $107 million . Capital expenditures of $100 million compared to $87 million in the prior year. The Company continues to prioritize investment in capacity expansion and innovation. Cash and cash equivalents of $2.1 billion and access to $3.5 billion of revolving credit facilities. Total debt outstanding of $10.1 billion . The Company repurchased 3.3 million shares for; d of $107 million . Capital expenditures of $100 million compared to $87 million in the prior year. The Company continues to prioritize investment in capacity expansion and innovation. Cash and cash equivalents of $2.1 billion and access to $3.5 billion of revolving credit facilities. Total debt outstanding of $10.1 billion . The Company repurchased 3.3 million shares for total conside,5,"생산 확대 및 다변화 의지 관련 표현이 content에서 발견되었습니다: APAC, capacity expansion"
19,Skyworks,2,생산 확대 및 다변화 의지,APAC 신규 시설 확장 검토·생산기지 타당성 조사 등,Skyworks Delivers Solid Third Quarter Fiscal Year 2026 Results; Announces Key Steps Toward Qorvo Combination,https://investors.skyworksinc.com/news-releases/news-release-details/skyworks-delivers-solid-third-quarter-fiscal-year-2026-results,Skyworks - Press Releases / Press Releases,official,2026-07-28T00:00:00Z,2026-08-11T04:32:19Z,APAC; manufacturing footprint,content,"ducts’ ability to perform under stringent operating conditions; the availability and pricing of third-party semiconductor foundry, assembly and test capacity, raw materials, including rare earth and similar minerals, supplier components, equipment and shipping and logistics services, including limits on our customers’ ability to obtain such services and materials; risks t; d logistics services, including limits on our customers’ ability to obtain such services and materials; risks that we may not be able to optimize our manufacturing footprint and achieve any financial and operational benefits from such efforts, including reducing fixed costs or improving utilization rates, disruptions to our manufacturing processes, including relating to any relocation of ou",5,"생산 확대 및 다변화 의지 관련 표현이 content에서 발견되었습니다: APAC, manufacturing footprint"
7,West Pharmaceutical,2,생산 확대 및 다변화 의지,APAC 신규 시설 확장 검토·생산기지 타당성 조사 등,West Reports Second-Quarter 2026 Results,https://investor.westpharma.com/news-releases/news-release-details/west-reports-second-quarter-2026-results,West Pharmaceutical - Press Releases / Press Releases,official,2026-07-23T00:00:00Z,2026-08-11T04:32:19Z,APAC; Asia Pacific,content,"te (Decline) (Non- U.S . GAAP) (6) 2026 2025 Americas $388.7 $349.7 11.2 % 0.6 % 10.6 % Europe , Middle East , Africa 399.8 349.7 14.3 % 2.2 % 12.1 % Asia Pacific 83.8 67.1 24.9 % (2.1) % 27.0 % Total $872.3 $766.5 13.8 % 1.1 % 12.7 % Six Months Ended June 30 , Reported Net Sales ( U.S . GAAP) Percent Change Impact of Currency Organic Net Sales Growth Rate (Decline) (Non- U.S . G",5,"생산 확대 및 다변화 의지 관련 표현이 content에서 발견되었습니다: APAC, Asia Pacific"
24,Ouster,2,생산 확대 및 다변화 의지,APAC 신규 시설 확장 검토·생산기지 타당성 조사 등,Ouster Names Shaluinn Fullove as Chief People Officer to Drive Global Growth and Talent Strategy,https://investors.ouster.com/news-releases/news-release-details/ouster-names-shaluinn-fullove-chief-people-officer-drive-global,Ouster - News Releases / Press Releases,official,2026-07-23T00:00:00Z,2026-08-11T04:32:19Z,APAC; Asia Pacific,content,,5,"생산 확대 및 다변화 의지 관련 표현이 content에서 발견되었습니다: APAC, Asia Pacific"
24,Ouster,2,생산 확대 및 다변화 의지,APAC 신규 시설 확장 검토·생산기지 타당성 조사 등,Ouster Announces Date for Second Quarter 2026 Earnings Call,https://investors.ouster.com/news-releases/news-release-details/ouster-announces-date-second-quarter-2026-earnings-call,Ouster - News Releases / Press Releases,official,2026-07-14T00:00:00Z,2026-08-11T04:32:19Z,APAC; Asia Pacific,content,,5,"생산 확대 및 다변화 의지 관련 표현이 content에서 발견되었습니다: APAC, Asia Pacific"
24,Ouster,2,생산 확대 및 다변화 의지,APAC 신규 시설 확장 검토·생산기지 타당성 조사 등,"Ouster, Inc. Announces Pricing of Public Offering of Common Stock",https://investors.ouster.com/news-releases/news-release-details/ouster-inc-announces-pricing-public-offering-common-stock,Ouster - News Releases / Press Releases,official,2026-07-02T00:00:00Z,2026-08-11T04:32:19Z,APAC; Asia Pacific,content,,5,"생산 확대 및 다변화 의지 관련 표현이 content에서 발견되었습니다: APAC, Asia Pacific"
62,Arkema,2,생산 확대 및 다변화 의지,APAC 신규 시설 확장 검토·생산기지 타당성 조사 등,"15% PVDF capacity expansion in North America"">",https://www.arkema.com/global/en/media/newslist/news/global/investorrelations/2026/20260623-arkema-successfully-started-its-PVDF-capacity-expansion/,Arkema - Newsroom / Newsroom / News,official,2026-06-23T12:28:00Z,2026-08-11T04:32:19Z,APAC; capacity expansion,title; content; url,"Go to content Go to navigation Go to search Finance Business Jun 23, 2026 - PRESS RELEASE Arkema successfully started up its 15% PVDF capacity expansion in North America Download the PDF This capacity expansion in Calvert City, Kentucky, strengthens the Group&rsquo;s leadership in PVDF. This investment of around 20 million US dollars will support the growin; Go to content Go to navigation Go to search Finance Business Jun 23, 2026 - PRESS RELEASE Arkema successfully started up its 15% PVDF capacity expansion in North America Download the PDF This capacity expansion in Calvert City, Kentucky, strengthens the Group&rsquo;s leadership in PVDF. This investment of around 20 million US dollars will support the growing demand for",5,"생산 확대 및 다변화 의지 관련 표현이 title, content, url에서 발견되었습니다: APAC, capacity expansion"
16,Amkor Technology,2,생산 확대 및 다변화 의지,APAC 신규 시설 확장 검토·생산기지 타당성 조사 등,TSMC and Amkor Technology Announce Long Term Partnership to Accelerate Advanced Packaging in the United States,https://ir.amkor.com/news-releases/news-release-details/tsmc-and-amkor-technology-announce-long-term-partnership,Amkor Technology - Investor Press Releases / Press Releases,official,2026-06-16T00:00:00Z,2026-08-11T04:32:19Z,APAC; expand capacity,content,"ablishes a collaboration framework for TSMC to procure from Amkor advanced packaging and testing services. By working together as partners to expand capacity, the companies aim to enable a more efficient, mutually beneficial operating model while strengthening their ability to support customers’ evolving requirements. As demand accelerates for high-performance computing,; ment establishes a collaboration framework for TSMC to procure from Amkor advanced packaging and testing services. By working together as partners to expand capacity, the companies aim to enable a more efficient, mutually beneficial operating model while strengthening their ability to support customers’ evolving requirements. As demand accelerates for high-performance computing, art",5,"생산 확대 및 다변화 의지 관련 표현이 content에서 발견되었습니다: APAC, expand capacity"
55,EVG,2,생산 확대 및 다변화 의지,APAC 신규 시설 확장 검토·생산기지 타당성 조사 등,28.05.2026 Imec and EV Group demonstrate wafer-to-wafer hybrid bonding with 200nm interconnect pitch and record high overlay accuracy Read more,https://www.evgroup.com/company/news/detail/imec-and-ev-group-demonstrate-wafer-to-wafer-hybrid-bonding-with-200nm-interconnect-pitch-and-record-high-overlay-accuracy,EVG - Press Center / News / Newsroom / News,official,2026-05-28T00:00:00Z,2026-08-11T04:32:19Z,APAC; Asia Pacific,content,,5,"생산 확대 및 다변화 의지 관련 표현이 content에서 발견되었습니다: APAC, Asia Pacific"
24,Ouster,2,생산 확대 및 다변화 의지,APAC 신규 시설 확장 검토·생산기지 타당성 조사 등,"Ouster Acquires StereoLabs, Creating a World-Leading Physical AI Sensing and Perception Company",https://investors.ouster.com/news-releases/news-release-details/ouster-acquires-stereolabs-creating-world-leading-physical-ai,Ouster - News Releases / Press Releases,official,2026-02-09T00:00:00Z,2026-08-11T04:32:19Z,APAC; Asia Pacific,content,,5,"생산 확대 및 다변화 의지 관련 표현이 content에서 발견되었습니다: APAC, Asia Pacific"
14,DOW,2,생산 확대 및 다변화 의지,APAC 신규 시설 확장 검토·생산기지 타당성 조사 등,Media Gallery,https://corporate.dow.com/en-us/news/media-gallery.html,DOW - Corporate Press Releases / Press Releases,official,,2026-08-11T04:32:19Z,APAC; Asia Pacific,content,"ne of the most innovative, customer-centric, inclusive and sustainable materials science companies in the world. Find opportunities to join Dow in a capacity that works best for you. About Dow Purpose in Action News Collaborations Careers Media gallery Videos Leadership Photos Manufacturing Sites Corporate Facilities PDH Unit Oyster Creek, Freeport, Texas Download Video M; James Senior Vice President, Corporate Development Download (730.9 KB) Brendy Lange President, Performance Materials & Coatings; Executive Oversight, Asia Pacific Download (2.1 MB) Nestor de Mattos President, Industrial Intermediates & Infrastructure; Executive Oversight, Europe, Middle East, Africa, and India Download (911.7 KB) John Sampson Senior Vice President, Operations, Ma",5,"생산 확대 및 다변화 의지 관련 표현이 content에서 발견되었습니다: APAC, Asia Pacific"
32,Vestas,2,생산 확대 및 다변화 의지,APAC 신규 시설 확장 검토·생산기지 타당성 조사 등,Press Office,https://www.vestas.com/en/media/press-office,Vestas - Company News / Company News,official,,2026-08-11T04:32:19Z,APAC; Asia Pacific,content,"Phone: +45 5050 9491 Email: caecn@vestas.com Regional media contacts \r\n""}}"" id=""styledheading-a0bf7c1104"" class=""cmp-text""> Regional media contacts Asia Pacific \r\n \r\n Kilani Fisher \r\n Head of Marketing &amp; Communications \r\n Vestas Asia Pacific \r\n Phone:&nbsp;+61 436 855 159 \r\n Email:&nbsp; klafs@vestas.com&nbsp; \r\n &nbsp; \r\n &nbsp; \r\n""}}"" id=""text-e4c53fdced",5,"생산 확대 및 다변화 의지 관련 표현이 content에서 발견되었습니다: APAC, Asia Pacific"
49,Maxon,2,생산 확대 및 다변화 의지,APAC 신규 시설 확장 검토·생산기지 타당성 조사 등,maxon achieves a respectable result with CHF 594.7 million revenue despite challenging conditions,https://www.maxongroup.com/en/news-and-events/news/maxon-achieves-a-respectable-result-with-chf-594-7-million-revenue-despite-challenging-conditions-283946,Maxon - News / Newsroom / News,official,,2026-08-11T04:32:19Z,APAC; Asia Pacific,content,,5,"생산 확대 및 다변화 의지 관련 표현이 content에서 발견되었습니다: APAC, Asia Pacific"
62,Arkema,2,생산 확대 및 다변화 의지,APAC 신규 시설 확장 검토·생산기지 타당성 조사 등,Press releases and news,https://www.arkema.com/global/en/media/newsroom/,Arkema - Financial News / Financial News,official,,2026-08-11T04:32:19Z,APAC; capacity expansion,content,"le East, Arkema delivered a robust performance with ... Read more 2026 results ""> investor relations.jpg Arkema successfully started up its 15% PVDF capacity expansion in North America This capacity expansion in Calvert City, Kentucky, strengthens the Group’s leadership in ... Read more 15% PVDF capacity expansion in North America""> calvert-city-pvdf-expansion.jpg Arkema; dle East, Arkema delivered a robust performance with ... Read more 2026 results ""> investor relations.jpg Arkema successfully started up its 15% PVDF capacity expansion in North America This capacity expansion in Calvert City, Kentucky, strengthens the Group’s leadership in ... Read more 15% PVDF capacity expansion in North America""> calvert-city-pvdf-expansion.jpg Arkema showcases inn",5,"생산 확대 및 다변화 의지 관련 표현이 content에서 발견되었습니다: APAC, capacity expansion"
73,Sumitomo Chemical,2,생산 확대 및 다변화 의지,APAC 신규 시설 확장 검토·생산기지 타당성 조사 등,Sustainability,https://www.sumitomo-chem.co.jp/english/news/category/sustainability/,Sumitomo Chemical - News Releases Filter / Press Releases,official,2026-08-05T00:00:00Z,2026-08-11T04:32:19Z,scale up; scale-up,content,"n Award at the 38th Nikkei New Office Awards for New Research Facility at Its Chiba Site Aug. 20, 2025 Business & Products Sumitomo Chemical Achieves Scale-Up of Its Proprietary Process for Producing Propylene Directly from Ethanol Aug. 8, 2025 Sustainability Sumitomo Chemical Newly Designates Eight Products and Technologies as Sumika Sustainable Solutions Jul. 22, 2025 Susta",4,"생산 확대 및 다변화 의지 관련 표현이 content에서 발견되었습니다: scale up, scale-up"
59,Airbus,2,생산 확대 및 다변화 의지,APAC 신규 시설 확장 검토·생산기지 타당성 조사 등,Airbus spearheads new E2D European defence tech fund Press Release Defence 21 July 2026 2 min read,https://www.airbus.com/en/newsroom/press-releases/2026-07-airbus-spearheads-new-e2d-european-defence-tech-fund,Airbus - Newsroom / Newsroom / News,official,2026-07-21T00:00:00Z,2026-08-11T04:32:19Z,scale up; scale-up,content,"ienced pan-European venture investors, founded in 1997. With €2.5 billion under management, Earlybird is supporting tech-differentiated start-ups and scale-ups through their growth phases with financial resources and strategic network access. Since its establishment in 2016 in Paris, AVP has operated as an independent global investment platform dedicated to high-growth tech c",4,"생산 확대 및 다변화 의지 관련 표현이 content에서 발견되었습니다: scale up, scale-up"
17,Onsemi,2,생산 확대 및 다변화 의지,APAC 신규 시설 확장 검토·생산기지 타당성 조사 등,onsemi Advances Fab Right Strategy with Agreements to Divest Two Manufacturing Facilities,https://investor.onsemi.com/news-releases/news-release-details/onsemi-advances-fab-right-strategy-agreements-divest-two,Onsemi - Investor News / Investor News,official,2026-07-07T00:00:00Z,2026-08-11T04:32:19Z,manufacturing footprint,content,"e sustained gross margin expansion as part of its Fab Right strategy. onsemi’s Fab Right manufacturing strategy focuses on continuous optimization of manufacturing footprint and directs resources to the most competitive, scalable and technology-aligned operations across its global manufacturing footprint. This approach is designed to improve the company’s long-term cost structure and streng",4,생산 확대 및 다변화 의지 관련 표현이 content에서 발견되었습니다: manufacturing footprint
27,Prodrive,2,생산 확대 및 다변화 의지,APAC 신규 시설 확장 검토·생산기지 타당성 조사 등,5-11-2025 | Press release Prodrive Technologies inaugurates 4MW green hydrogen rectifier test facility,https://prodrive-technologies.com/en/about-us/news/prodrive-technologies-inaugurates-4mw-green-hydrogen-rectifier-test-facility/,Prodrive - Press-release Filter / Press Releases,official,,2026-08-11T04:32:19Z,new facility,content,"ia production without compromising efficiency or grid compatibility.” The first factory acceptance testing has already concluded successfully at this new facility, after which Hydra systems have been delivered to one of the largest multinational oil and gas companies for further field testing. Prodrive technologies is a privately owned Dutch high-tech electronics developer and ma",4,생산 확대 및 다변화 의지 관련 표현이 content에서 발견되었습니다: new facility
12,Chemours,3,투자 재원 확보,대규모 회사채 발행·유상증자·신용공여 조달 등,The Chemours Company Reports Second Quarter Results,https://investors.chemours.com/news-releases/news-release-details/chemours-company-reports-second-quarter-results,Chemours - News Releases / Press Releases,official,2026-08-04T00:00:00Z,2026-08-11T04:32:19Z,credit facility; revolving credit; term loan; liquidity; capital expenditure,content,"asis. Total liquidity was $1.6 billion , comprised of $671 million in unrestricted 5 cash and cash equivalents and $953 million of revolving credit facility capacity, net of outstanding letters of credit. During the quarter, the Company paid down €230 million of the outstanding tranche of the B-3 Euro-denominated Term Loan due August 2028 , using a mixture of proceeds from the previ; d EBITDA basis. Total liquidity was $1.6 billion , comprised of $671 million in unrestricted 5 cash and cash equivalents and $953 million of revolving credit facility capacity, net of outstanding letters of credit. During the quarter, the Company paid down €230 million of the outstanding tranche of the B-3 Euro-denominated Term Loan due August 2028 , using a mixture of proceeds from; outstanding letters of credit. During the quarter, the Company paid down €230 million of the outstanding tranche of the B-3 Euro-denominated Term Loan due August 2028 , using a mixture of proceeds from the previously announced Kuan Yin land sale and organic cash. The Company anticipates further debt repayments in 2026. Operating cash flows for the second quarter of 2026 were $",8,"투자 재원 확보 관련 표현이 content에서 발견되었습니다: credit facility, revolving credit, term loan, liquidity, capital expenditure"
16,Amkor Technology,3,투자 재원 확보,대규모 회사채 발행·유상증자·신용공여 조달 등,Amkor Technology Reports Financial Results for the Second Quarter 2026,https://ir.amkor.com/news-releases/news-release-details/amkor-technology-reports-financial-results-second-quarter-2026,Amkor Technology - Investor Press Releases / Press Releases,official,2026-07-27T00:00:00Z,2026-08-11T04:32:19Z,convertible notes; funding; liquidity; capital expenditure,content,"ems; restrictive covenants in the indentures and agreements governing our current and future indebtedness; our substantial indebtedness; terms of our convertible notes could delay or prevent an otherwise beneficial takeover of us, may dilute the ownership interest of existing stockholders or may otherwise adversely affect the price of our common stock; the capped call transactions ent; industry; dependence on key customers or concentration of customers in certain end markets, such as mobile communications and automotive; difficulty funding our liquidity needs; challenges with integrating diverse operations; dependence on international factories and operations, and risks relating to trade restrictions and regional conflict, including restrictive trade barr; ependence on key customers or concentration of customers in certain end markets, such as mobile communications and automotive; difficulty funding our liquidity needs; challenges with integrating diverse operations; dependence on international factories and operations, and risks relating to trade restrictions and regional conflict, including restrictive trade barriers, export c",7,"투자 재원 확보 관련 표현이 content에서 발견되었습니다: convertible notes, funding, liquidity, capital expenditure"
5,Cytiva,3,투자 재원 확보,대규모 회사채 발행·유상증자·신용공여 조달 등,Open Report of unscheduled material events or corporate event in HTML.,https://app.quotemedia.com/data/downloadFiling?webmasterId=101533&ref=320237260&type=HTML&symbol=DHR&cdn=c898b557e52916ddfb63d5a675223d01&companyName=Danaher+Corporation&formType=8-K&dateFiled=2026-08-03,Cytiva - Danaher SEC Filings / Regulatory Filings,official,2026-08-03T00:00:00Z,2026-08-11T04:32:19Z,senior notes; funding; liquidity,content,"Act: Title of each class Trading Symbol(s) Name of each exchange on which registered Common stock, $0.01 par value DHR New York Stock Exchange 2.100% Senior Notes due 2026 DHR 26 New York Stock Exchange 1.200% Senior Notes due 2027 DHR/27 New York Stock Exchange 0.450% Senior Notes due 2028 DHR/28 New York Stock Exchange Floating Rate Senior Notes due 2028 DHR 28 New York Stock E; ect to our production capacity in times of national emergency or with respect to intellectual property/production capacity developed using government funding, risks relating to product, service or software defects, product liability and recalls, risks relating to our manufacturing operations, the impact of climate change, legal or regulatory measures to address climate chang; U.S. and other countries, the impact of our debt obligations (including debt we incurred to finance the acquisition of Masimo) on our operations and liquidity, deterioration of or instability in the global economy, the markets we serve and the financial markets, uncertainties with respect to the development, deployment, and use of artificial intelligence in our business and p",6,"투자 재원 확보 관련 표현이 content에서 발견되었습니다: senior notes, funding, liquidity"
21,GE Healthcare,3,투자 재원 확보,대규모 회사채 발행·유상증자·신용공여 조달 등,GE HealthCare reports second quarter 2026 financial results,https://investor.gehealthcare.com/news-releases/news-release-details/ge-healthcare-reports-second-quarter-2026-financial-results,GE Healthcare - Investor News Releases / Investor News / Press Releases,official,2026-07-29T00:00:00Z,2026-08-11T04:32:19Z,revolving credit; liquidity; capital expenditure,content,"pany continues to prioritize investment in capacity expansion and innovation. Cash and cash equivalents of $2.1 billion and access to $3.5 billion of revolving credit facilities. Total debt outstanding of $10.1 billion . The Company repurchased 3.3 million shares for total consideration of $200 million ; $500 million remaining in the share repurchase program authorized by the Board o; P financial measures The non-GAAP financial measures presented in this press release are supplemental measures of GE HealthCare’s performance and its liquidity that the Company believes will help investors understand its financial condition, cash flows, and operating results, and assess its future prospects. When read in conjunction with the Company’s U.S . GAAP results, these; n , up $74 million . Free cash flow* of $68 million , up $61 million . Cash flow from operating activities includes a tariff refund of $107 million . Capital expenditures of $100 million compared to $87 million in the prior year. The Company continues to prioritize investment in capacity expansion and innovation. Cash and cash equivalents of $2.1 billion and access to $3.5 billion of re",6,"투자 재원 확보 관련 표현이 content에서 발견되었습니다: revolving credit, liquidity, capital expenditure"
19,Skyworks,3,투자 재원 확보,대규모 회사채 발행·유상증자·신용공여 조달 등,Skyworks Delivers Solid Third Quarter Fiscal Year 2026 Results; Announces Key Steps Toward Qorvo Combination,https://investors.skyworksinc.com/news-releases/news-release-details/skyworks-delivers-solid-third-quarter-fiscal-year-2026-results,Skyworks - Press Releases / Press Releases,official,2026-07-28T00:00:00Z,2026-08-11T04:32:19Z,debt financing; liquidity; capital expenditure,content,"Regulatory Approvals Progressing Announces Expected Leadership Team for Combined Company Anticipates Raising Approximately $2 Billion of Acquisition Debt Financing Announces New Capital Allocation Framework for Combined Company; New Stock Repurchase Authorization of $2 Billion IRVINE, Calif. , July 28, 2026 (GLOBE NEWSWIRE) -- Skyworks Solutions, Inc. (Nasdaq: SWKS), a leading dev; d similar risks, any of which could have a material adverse effect on Skyworks’ or Qorvo’s consolidated financial condition, results of operations or liquidity. The forward-looking statements contained in this earnings release are made only as of the date hereof, and we undertake no obligation to update or revise any forward-looking statements, whether as a result of new infor; ment; the potential impacts of the proposed transactions with Qorvo on the businesses of Skyworks and Qorvo, including unforeseen liabilities, future capital expenditures, revenues, expenses, earnings, synergies, economic performance, indebtedness, financial condition, losses, future prospects, business and management strategies, and the expansion and growth of their businesses; the fai",6,"투자 재원 확보 관련 표현이 content에서 발견되었습니다: debt financing, liquidity, capital expenditure"
24,Ouster,3,투자 재원 확보,대규모 회사채 발행·유상증자·신용공여 조달 등,"Ouster, Inc. Announces Pricing of Public Offering of Common Stock",https://investors.ouster.com/news-releases/news-release-details/ouster-inc-announces-pricing-public-offering-common-stock,Ouster - News Releases / Press Releases,official,2026-07-02T00:00:00Z,2026-08-11T04:32:19Z,public offering; shelf registration; use of proceeds,title; content; url,"Skip to main navigation Ouster acquires StereoLabs. Learn More Ouster, Inc. Announces Pricing of Public Offering of Common Stock July 2, 2026 PDF Version SAN FRANCISCO --(BUSINESS WIRE)--Jul. 2, 2026-- Ouster, Inc. (Nasdaq: OUST) (“Ouster” or the “Company”), a leader in sensing and perception for Physical AI, today announced the p; apital Markets is acting as the sole bookrunner for the Offering. The securities described above are being offered by Ouster pursuant to an effective shelf registration statement on Form S-3 that was filed with the U.S. Securities and Exchange Commission (the “SEC”) on July 1, 2026 and was immediately effective upon filing. The Offering is being made only by means of a written prospect; ein, including, without limitation, statements regarding the completion of the Offering, the expected gross proceeds of the Offering, the anticipated use of proceeds from the Offering and the potential exercise by the underwriter of an option to purchase additional shares, are forward-looking statements reflecting the current beliefs and expectations of Ouster’s management made purs",6,"투자 재원 확보 관련 표현이 title, content, url에서 발견되었습니다: public offering, shelf registration, use of proceeds"
9,Albemarle,3,투자 재원 확보,대규모 회사채 발행·유상증자·신용공여 조달 등,"Press Releases August 05, 2026 Albemarle Reports Second Quarter 2026 Results CHARLOTTE, N.C., Aug. 5, 2026 /PRNewswire/ -- Albemarle Corporation (NYSE: ALB), a global leader in providing essential elements for mobility, energy, connectivity and health, today announced its results for the second quarter ended June 30, 2026. Second Quarter 2026 and Recent Highlights (Unless",https://www.albemarle.com/us/en/news/albemarle-reports-second-quarter-2026-results,Albemarle - Newsroom / Newsroom / News,official,2026-08-05T00:00:00Z,2026-08-11T04:32:19Z,liquidity; capital expenditure,content,"eriod. Capital expenditures of $170 million in the first six months of 2026 decreased by $132 million versus the prior-year period. Balance Sheet and Liquidity As of June&nbsp;30, 2026, Albemarle had estimated liquidity of approximately $3.2 billion, including $1.6 billion of cash and cash equivalents, $1.5 billion available under our revolver and $78 million available under o; ume related to the fire at Talison CGP3 which occurred on June 9, in part due to better-than-planned output from the Wodgina mine. Reducing full-year capital expenditure forecast to approximately $500 million due to ongoing capital efficiency improvements. (a) See Non-GAAP&nbsp;Reconciliations for further details. ""Albemarle delivered another quarter of strong results, reflecting improv",5,"투자 재원 확보 관련 표현이 content에서 발견되었습니다: liquidity, capital expenditure"
19,Skyworks,3,투자 재원 확보,대규모 회사채 발행·유상증자·신용공여 조달 등,Skyworks and Qorvo Announce Expected Leadership Team for Combined Company,https://investors.skyworksinc.com/news-releases/news-release-details/skyworks-and-qorvo-announce-expected-leadership-team-combined,Skyworks - Press Releases / Press Releases,official,2026-07-28T00:00:00Z,2026-08-11T04:32:19Z,liquidity; capital expenditure,content,"d similar risks, any of which could have a material adverse effect on Skyworks’ or Qorvo’s consolidated financial condition, results of operations or liquidity. Neither Skyworks nor Qorvo assumes any obligation to publicly provide revisions or updates to any forward-looking statements, whether as a result of new information, future developments or otherwise, should circumstanc; osed transaction on anticipated terms and timing, including obtaining regulatory approvals, anticipated tax treatment, unforeseen liabilities, future capital expenditures, revenues, expenses, earnings, synergies, economic performance, indebtedness, financial condition, losses, future prospects, business and management strategies, expansion and growth of Skyworks’ and Qorvo’s businesses",5,"투자 재원 확보 관련 표현이 content에서 발견되었습니다: liquidity, capital expenditure"
22,Boeing,3,투자 재원 확보,대규모 회사채 발행·유상증자·신용공여 조달 등,Boeing Reports Second Quarter Results,https://boeing.mediaroom.com/2026-07-28-Boeing-Reports-Second-Quarter-Results,Boeing - News Releases and Statements / Press Releases / Statements,official,2026-07-28T00:00:00Z,2026-08-11T04:32:19Z,liquidity; capital expenditure,content,"andatory expenditures such as repayment of maturing debt. Management uses free cash flow as a measure to assess both business performance and overall liquidity. See Table 2 on page 2 for a reconciliation of free cash flow to the most directly comparable GAAP measure, operating cash flow. Caution Concerning Forward-Looking Statements This press release contains ""forward-looking; AP measures to the most directly comparable GAAP measure is provided on page 12. Free Cash Flow Free cash flow is GAAP operating cash flow reduced by capital expenditures for property, plant and equipment . Management believes free cash flow provides investors with an important perspective on the cash available for shareholders, debt repayment, and acquisitions after making the capital",5,"투자 재원 확보 관련 표현이 content에서 발견되었습니다: liquidity, capital expenditure"
30,NXP,3,투자 재원 확보,대규모 회사채 발행·유상증자·신용공여 조달 등,NXP Semiconductors Reports Second Quarter 2026 Results,https://media.nxp.com/news-releases/news-release-details/nxp-semiconductors-reports-second-quarter-2026-results,NXP - Press Releases / Press Releases,official,2026-07-28T00:00:00Z,2026-08-11T04:32:19Z,liquidity; capital expenditure,content,"and trends affecting NXP’s business. We believe that they enable investors to perform additional comparisons of our operating results, to assess our liquidity and capital position and to analyze financial performance excluding the effect of expenses unrelated to core operating performance, certain non-cash expenses and share-based compensation expense, which may obscure trend; vided by (used for) operating activities 860 793 779 Cash flows from investing activities: Purchase of identified intangible assets (37 ) (42 ) (37 ) Capital expenditures on property, plant and equipment (69 ) (79 ) (83 ) Purchase of interests in businesses, net of cash acquired — — (679 ) Proceeds from sale of interests in businesses, net of cash divested — 878 — Purchase of investment",5,"투자 재원 확보 관련 표현이 content에서 발견되었습니다: liquidity, capital expenditure"
28,ASML,3,투자 재원 확보,대규모 회사채 발행·유상증자·신용공여 조달 등,"July 15, 2026 ASML reports €9.3 billion total net sales and €2.9 billion net income in Q2 2026",https://www.asml.com/en/news/press-releases/2026/q2-2026-financial-results,ASML - ASML News / Newsroom / News,official,2026-07-15T00:00:00Z,2026-08-11T04:32:19Z,liquidity; capital expenditure,content,"y licenses and to sell our systems and provide services to certain customers, the impact of the tariff announcements, changes in tax rates, available liquidity and free cash flow and liquidity requirements, our ability to refinance our indebtedness, available cash and distributable reserves for, and other factors impacting, dividend payments and share repurchases, the number o; pect to dividends, expected performance and capabilities of our systems and product roadmaps, customer outlook and plans including customer roadmaps, capital expenditures and capacity expansion plans, ESG strategy and commitments and other non-historical statements. You can generally identify these statements by the use of words like “may”, “expect”, “will”, “could”, “should”, “project”",5,"투자 재원 확보 관련 표현이 content에서 발견되었습니다: liquidity, capital expenditure"
40,Evonik Industries,3,투자 재원 확보,대규모 회사채 발행·유상증자·신용공여 조달 등,Press Release Archive since 2022,https://www.evonik.com/en/media/press-releases/press-release-archive.html,Evonik Industries - Media / Newsroom / Media,official,2024-08-12T19:02:21Z,2026-08-11T04:32:19Z,credit facility; revolving credit,content,", 2022 Evonik shows solid performance in a challenging environment Company Nov 04, 2022 Evonik successfully renews €1.75 billion syndicated revolving credit facility Company Nov 03, 2022 Wind energy from the North Sea: Evonik and EnBW sign long-term contract for power supply from offshore wind farm He Dreiht Company Nov 03, 2022 Evonik has launched new sustainability podcast Animal; any Nov 08, 2022 Evonik shows solid performance in a challenging environment Company Nov 04, 2022 Evonik successfully renews €1.75 billion syndicated revolving credit facility Company Nov 03, 2022 Wind energy from the North Sea: Evonik and EnBW sign long-term contract for power supply from offshore wind farm He Dreiht Company Nov 03, 2022 Evonik has launched new sustainability podcas",5,"투자 재원 확보 관련 표현이 content에서 발견되었습니다: credit facility, revolving credit"
17,Onsemi,3,투자 재원 확보,대규모 회사채 발행·유상증자·신용공여 조달 등,News & Insights,https://www.onsemi.com/company/newsroom/news-and-insights,Onsemi - Press-filtered Newsroom / Press Releases,official,2026-08-11T00:00:00Z,2026-08-11T04:32:19Z,senior notes,content,"How onsemi Is Powering the Next Generation of AI Factories May 7, 2026 onsemi Announces Pricing of Private Offering of $1.3 Billion of 0% Convertible Senior Notes May 6, 2026 onsemi Announces Proposed Private Offering of $1.3 Billion of Convertible Senior Notes May 4, 2026 onsemi Reports First Quarter 2026 Results Show More Keep in Touch News Alerts Subscribe to onsemi’s newslett",4,투자 재원 확보 관련 표현이 content에서 발견되었습니다: senior notes
13,BorgWarner,3,투자 재원 확보,대규모 회사채 발행·유상증자·신용공여 조달 등,BorgWarner Announces Cash Tender Offers for its Senior Notes,https://www.borgwarner.com/newsroom/press-releases/2026/08/10/borgwarner-announces-cash-tender-offers-for-its-senior-notes,BorgWarner - Press Releases / Press Releases,official,2026-08-10T00:00:00Z,2026-08-11T04:32:19Z,senior notes,title; content; url,"Skip to main content BorgWarner Announces Cash Tender Offers for its Senior Notes Auburn Hills, Michigan, August 10, 2026 &ndash; BorgWarner Inc. (NYSE: BWA) (the &ldquo;Company&rdquo;) today announced that it has commenced tender offers to purchase for cash the debt securities issued by the Company",4,"투자 재원 확보 관련 표현이 title, content, url에서 발견되었습니다: senior notes"
13,BorgWarner,3,투자 재원 확보,대규모 회사채 발행·유상증자·신용공여 조달 등,Press Releases,https://www.borgwarner.com/newsroom/press-releases,BorgWarner - Newsroom / Newsroom / News,official,2026-08-10T00:00:00Z,2026-08-11T04:32:19Z,senior notes,content,"th America Year All 2026 2025 2024 2023 2022 2021 2020 2019 2018 2017 2016 Reset filters Aug 10, 2026 BorgWarner Announces Cash Tender Offers for its Senior Notes Auburn Hills, Michigan, August 10, 2026 – BorgWarner Inc. (NYSE: BWA) (the “Company”) today announced that it has commenced tender offers to purchase for cash the debt securities issued by the Company referred to below",4,투자 재원 확보 관련 표현이 content에서 발견되었습니다: senior notes
30,NXP,3,투자 재원 확보,대규모 회사채 발행·유상증자·신용공여 조달 등,Press Releases,https://media.nxp.com/media-center/press-releases/?page=0,NXP - Media Center Press Releases / Newsroom / Media,official,2026-08-04T00:00:00Z,2026-08-11T04:32:19Z,senior notes,content,"roxy Materials for the Annual General Meeting of Shareholders to Be Held on June 10, 2026 PDF Version Apr 20, 2026 NXP Announces Redemption of 3.875% Senior Notes Due 2026 PDF Version Apr 09, 2026 NXP Semiconductors Announces Conference Call to Review First Quarter 2026 Financial Results PDF Version Mar 16, 2026 NXP Delivers New Innovations for Advanced Physical AI with NVIDIA PD",4,투자 재원 확보 관련 표현이 content에서 발견되었습니다: senior notes
5,Cytiva,3,투자 재원 확보,대규모 회사채 발행·유상증자·신용공여 조달 등,Danaher Appoints Julie Sawyer Montgomery as President and Chief Executive Officer,https://investors.danaher.com/2026-08-03-Danaher-Appoints-Julie-Sawyer-Montgomery-as-President-and-Chief-Executive-Officer,Cytiva - Danaher Investor Relations / Investor Relations RSS,official,2026-08-03T20:15:00Z,2026-08-11T04:32:19Z,funding; liquidity,content,"ect to our production capacity in times of national emergency or with respect to intellectual property/production capacity developed using government funding, risks relating to product, service or software defects, product liability and recalls, risks relating to our manufacturing operations, the impact of climate change, legal or regulatory measures to address climate chang; U.S. and other countries, the impact of our debt obligations (including debt we incurred to finance the acquisition of Masimo) on our operations and liquidity, deterioration of or instability in the global economy, the markets we serve and the financial markets, uncertainties with respect to the development, deployment, and use of artificial intelligence in our business and p",4,"투자 재원 확보 관련 표현이 content에서 발견되었습니다: funding, liquidity"
17,Onsemi,3,투자 재원 확보,대규모 회사채 발행·유상증자·신용공여 조달 등,onsemi Reports Second Quarter 2026 Results,https://investor.onsemi.com/news-releases/news-release-details/onsemi-reports-second-quarter-2026-results,Onsemi - Investor News / Investor News,official,2026-08-03T00:00:00Z,2026-08-11T04:32:19Z,convertible notes,content,"luted shares outstanding can vary as a result of, among other things, the vesting of restricted stock units, the incremental dilutive shares from the convertible notes, and the repurchase or the issuance of stock or convertible notes or the sale of treasury shares. In periods when the quarterly average stock price per share exceeds $52.97 for the 0% Notes, $103.87 for the 0.50% Notes,",4,투자 재원 확보 관련 표현이 content에서 발견되었습니다: convertible notes
62,Arkema,3,투자 재원 확보,대규모 회사채 발행·유상증자·신용공여 조달 등,Second-quarter 2026 results,https://www.arkema.com/global/en/media/newslist/news/global/investorrelations/2026/20260730--second-quarter-2026-results/,Arkema - Newsroom / Newsroom / News,official,2026-07-30T00:00:00Z,2026-08-11T04:32:19Z,capital expenditure,content,"TDA in 2026 versus 2025. Cash allocation will also continue to be a key focus for the Group, notably through strict management of working capital and capital expenditure limited to &euro;600 million in 2026. In this global environment, on the basis of all these initiatives and the Group&rsquo;s achievement in H1, Arkema is confident of delivering its guidance of a FY&rsquo;26 EBITDA sli",4,투자 재원 확보 관련 표현이 content에서 발견되었습니다: capital expenditure
7,West Pharmaceutical,3,투자 재원 확보,대규모 회사채 발행·유상증자·신용공여 조달 등,West Reports Second-Quarter 2026 Results,https://investor.westpharma.com/news-releases/news-release-details/west-reports-second-quarter-2026-results,West Pharmaceutical - Press Releases / Press Releases,official,2026-07-23T00:00:00Z,2026-08-11T04:32:19Z,capital expenditure,content,"Diluted earnings per share (""EPS"") of $2.15 increased 18.1%. Adjusted-diluted EPS of $2.37 increased 28.8%. Operating cash flow was $213.9 million . Capital expenditures were $85.9 million . Free cash flow (defined as operating cash flow less capital expenditures) was $128.0 million . During the first six months of 2026, the Company repurchased 1.8 million shares for $454.3 million at",4,투자 재원 확보 관련 표현이 content에서 발견되었습니다: capital expenditure
5,Cytiva,3,투자 재원 확보,대규모 회사채 발행·유상증자·신용공여 조달 등,Danaher Reports Second Quarter 2026 Results Danaher Corporation (NYSE: DHR) today announced results for the second quarter 2026. All results in this release reflect only continuing operations and period-to-period comparisons are... 07.21.2026,https://investors.danaher.com/2026-07-21-Danaher-Reports-Second-Quarter-2026-Results,Cytiva - Danaher Press Releases / Press Releases,official,2026-07-21T00:00:00Z,2026-08-11T04:32:19Z,funding; liquidity,content,"ect to our production capacity in times of national emergency or with respect to intellectual property/production capacity developed using government funding, risks relating to product, service or software defects, product liability and recalls, risks relating to our manufacturing operations, the impact of climate change, legal or regulatory measures to address climate chang; her countries, the impact of our debt obligations (including debt we incurred to finance the acquisition of Masimo Corporation) on our operations and liquidity, deterioration of or instability in the global economy, the markets we serve and the financial markets, uncertainties with respect to the development, deployment, and use of artificial intelligence in our business and p",4,"투자 재원 확보 관련 표현이 content에서 발견되었습니다: funding, liquidity"
12,Chemours,3,투자 재원 확보,대규모 회사채 발행·유상증자·신용공여 조달 등,Chemours Reaches Agreement with U.S. EPA to Resolve Claims Relating to PFAS,https://investors.chemours.com/news-releases/news-release-details/chemours-reaches-agreement-us-epa-resolve-claims-relating-pfas,Chemours - News Releases / Press Releases,official,2026-06-24T00:00:00Z,2026-08-11T04:32:19Z,capital expenditure,content,"ndividually and the Company as a whole, business plans, prospects, targets, goals and commitments, capital investments and projects and target capital expenditures, efforts to resolve outstanding or potential litigation, including claims related to legacy PFAS liabilities, plans for dividends, sufficiency or longevity of intellectual property protection, cost reductions or savings targe",4,투자 재원 확보 관련 표현이 content에서 발견되었습니다: capital expenditure
43,EMM(Umicore),3,투자 재원 확보,대규모 회사채 발행·유상증자·신용공여 조달 등,Half Year Results 2026,https://www.umicore.com/en/media/newsroom/half-year-results-2026/,EMM(Umicore) - Umicore Investor Relations / Investor Relations,official,,2026-08-11T04:32:19Z,capital expenditure,content,"sus 4.4 for H1 2025 Turning earnings into cash while maintaining rigorous capital discipline and efficiency focus Efficiency measures of € 60 million Capital expenditures of € 130 million Cash flow from operations of € 433 million and Free Operating Cash Flow of € 295 million Net Debt at € 1.5 billion, corresponding to a Net Debt/LTM adj. EBITDA ratio of 1.52x Upgrading guidance to slig",4,투자 재원 확보 관련 표현이 content에서 발견되었습니다: capital expenditure
44,Umicore,3,투자 재원 확보,대규모 회사채 발행·유상증자·신용공여 조달 등,Half Year Results 2026,https://www.umicore.com/en/media/newsroom/half-year-results-2026/,Umicore - Investor Relations / Investor Relations,official,,2026-08-11T04:32:19Z,capital expenditure,content,"sus 4.4 for H1 2025 Turning earnings into cash while maintaining rigorous capital discipline and efficiency focus Efficiency measures of € 60 million Capital expenditures of € 130 million Cash flow from operations of € 433 million and Free Operating Cash Flow of € 295 million Net Debt at € 1.5 billion, corresponding to a Net Debt/LTM adj. EBITDA ratio of 1.52x Upgrading guidance to slig",4,투자 재원 확보 관련 표현이 content에서 발견되었습니다: capital expenditure
65,Toppan Holdings,4,기술 생태계 밀착(R&D),공동연구·기술 라이선싱·PoC 매칭·지분투자 등,Newsroom Search Results｜TOPPAN Holdings Inc.,https://www.holdings.toppan.com/en/news/search.html,Toppan Holdings - Newsroom / Newsroom / News,official,2026-08-04T00:00:00Z,2026-08-11T04:32:19Z,PoC; R&D; joint research; proof of concept; open innovation,content,"by GPIF Tag Sustainability Certification Company TOPPAN Holdings Inc. Secure Media Jul 10, 2026 INFORMATION SBI XDC Network APAC and TOPPAN Conduct a PoC of Online Factoring Workflow Using Digital Corporate Identity Certificates Demonstrating Automated Corporate Identity Verification and the Authenticity of Receivables Records Tag Manufacturing & Distribution DX Security; ve Year Also included in Sustainability Yearbook’s Top 1% for two years in a row Tag Sustainability Awards Certification Company TOPPAN Holdings Inc. R&D Apr 27, 2026 NEWS RELEASE SoftBank Corp. and TOPPAN Holdings Develop Lightweight, Durable Skin for Solar HAPS Aircraft Wings Skin’s compatibility with stratospheric conditions such as extreme UV rays and ultra-low tempe; nications between servers and clients to facilitate a phased transition from current to quantum-safe cryptography Tag Digital Transformation Security Joint Research / Industry-Academia Collaboration Pilot Testing Company TOPPAN Holdings Inc. R&D Apr 07, 2026 TOPICS TOPPAN Group Develops AI-OCR to Decipher Medieval Greek Manuscripts Printing Museum, Tokyo to present research finding",8,"기술 생태계 밀착(R&D) 관련 표현이 content에서 발견되었습니다: PoC, R&D, joint research, proof of concept, open innovation"
65,Toppan Holdings,4,기술 생태계 밀착(R&D),공동연구·기술 라이선싱·PoC 매칭·지분투자 등,"TOPPAN Develops PQC CARD Dual, the World’s First Dual-Interface Smart Card Featuring Post-Quantum Cryptography",https://www.holdings.toppan.com/en/news/2026/08/newsrelease260803_1.html,Toppan Holdings - Newsroom / Newsroom / News,official,2026-08-03T00:00:00Z,2026-08-11T04:32:19Z,PoC; R&D; joint research; proof of concept,content,"d access management can continue to be used as-is by simply updating the cryptographic functionality to PQC. Looking Forward TOPPAN aims to carry out PoC testing for PQC CARD Dual and related systems within fiscal 2026 for industries requiring a high level of security, such as public services and medicine. Once efficacy has been confirmed, TOPPAN aims to begin offering P; art card, by leveraging memory-saving technology developed for smart cards, along with knowledge gained through quantum and post-quantum cryptography R&D.&nbsp; PQC CARD Dual Features ・World&rsquo;s first both contact and contactless smart card featuring PQC PQC has been successfully applied to dual-interface smart cards that can perform both contact and contactless tran; of of Concept for Technology Enabling Seamless Migration to Post-Quantum Cryptography for Certificate Authorities Tag Digital Transformation Security Joint Research / Industry-Academia Collaboration Pilot Testing Erhoeht-X 2026/01/21 TOPPAN Digital Enables End-to-End Post-Quantum Cryptography Support for IoT Devices Tag AI / IoT / Big Data Security R&D 2022/10/24 Toppan and NICT Es",7,"기술 생태계 밀착(R&D) 관련 표현이 content에서 발견되었습니다: PoC, R&D, joint research, proof of concept"
4,Charles River,4,기술 생태계 밀착(R&D),공동연구·기술 라이선싱·PoC 매칭·지분투자 등,Charles River Laboratories Announces Second-Quarter 2026 Results,https://ir.criver.com/news-releases/news-release-details/charles-river-laboratories-announces-second-quarter-2026-results,Charles River - News Releases / Press Releases,official,2026-08-05T00:00:00Z,2026-08-11T04:32:19Z,R&D; research and development; equity investment,content,"onships, the Company has joined Eli Lilly's TuneLab AI/ML platform by providing non-clinical testing expertise to optimize drug discovery and advance R&D modernization efforts. Additionally, it has collaborated with Arovella Therapeutics to provide in vitro Next Generation Sequencing (NGS) services, which was added through the PathoQuest acquisition. This collaboration w; cquire, and risks and uncertainties associated with businesses that we acquire; the timing and magnitude of our share repurchases; negative trends in research and development spending, negative trends in the level of outsourced services, or other cost reduction actions by our clients; the ability to convert backlog to revenue; demand and booking trends; special interest groups; contamination; other costs associated with our restructuring initiatives; investment gains or losses associated with our venture capital and certain other strategic equity investments; certain legal costs and adjustments related to an NHP inventory charge in our DSA segment related to now concluded U.S . government investigations into the NHP supply chain; legal and advisory costs related to enterin",6,"기술 생태계 밀착(R&D) 관련 표현이 content에서 발견되었습니다: R&D, research and development, equity investment"
21,GE Healthcare,4,기술 생태계 밀착(R&D),공동연구·기술 라이선싱·PoC 매칭·지분투자 등,GE HealthCare reports second quarter 2026 financial results,https://investor.gehealthcare.com/news-releases/news-release-details/ge-healthcare-reports-second-quarter-2026-financial-results,GE Healthcare - Investor News Releases / Investor News / Press Releases,official,2026-07-29T00:00:00Z,2026-08-11T04:32:19Z,research collaboration; research and development; equity investment,content,"re partner to expand patient access across Long Island GE HealthCare and Mayo Clinic aim to advance personalized cancer care through new theranostics research collaboration GE HealthCare and University Hospital Essen collaborate to advance theranostics and personalized cancer care with new Nuclear Medicine Center GE HealthCare advancing enterprise imaging with cloud-enabled solutions GE He; 60 4,500 4,122 Cost of services 898 863 1,769 1,665 Gross profit 2,180 1,985 4,157 3,997 Selling, general, and administrative 1,118 1,029 2,235 2,069 Research and development 323 302 668 646 Total operating expenses 1,441 1,331 2,903 2,714 Operating income 739 654 1,254 1,283 Interest and other financial charges – net 114 113 210 224 Non-operating benefit (income) costs (45 ) (73 ) (96 ) (14; ne-time costs. (4) Consists of gains and losses resulting from the sale of assets and investments. (5) Primarily relates to valuation adjustments for equity investments and for the six months ended June 30, 2025 , includes the impact from the revaluation of our existing 50% interest in NMP as part of the acquisition transaction. (6) Consists of the pre-tax impact of refunds pertaining",6,"기술 생태계 밀착(R&D) 관련 표현이 content에서 발견되었습니다: research collaboration, research and development, equity investment"
59,Airbus,4,기술 생태계 밀착(R&D),공동연구·기술 라이선싱·PoC 매칭·지분투자 등,Airbus reports Half-Year (H1) 2026 results Press Release Company Airbus SE (stock exchange symbol: AIR) reported consolidated financial results for the Half-Year (H1) ended 30 June 2026. 29 July 2026 10 min read,https://www.airbus.com/en/newsroom/press-releases/2026-07-airbus-reports-half-year-h1-2026-results,Airbus - Newsroom / Newsroom / News,official,2026-06-30T00:00:00Z,2026-08-11T04:32:19Z,R&D; research and development; equity investment,content,". Airbus Helicopters’ EBIT Adjusted totalled € 240 million (H1 2025: € 249 million), reflecting a solid performance from programmes, offset by higher R&D expenses.&nbsp; EBIT Adjusted at Airbus Defence and Space increased to € 487 million (H1 2025: € 265 million), supported by favourable cost phasing, improved profitability and higher volumes. Consolidated self-financed; and legal processes, including the availability of government financing for certain programmes and the size of defence and space procurement budgets; Research and development costs in connection with new products; Legal, financial and governmental risks related to international transactions or affecting global trade (e.g. tariffs); Legal and investigatory proceedings and other economic, poli; M&A, of which € -27 million were in Q2. The financial result was € 186 million (H1 2025: € 490 million), mainly reflecting the revaluation of certain equity investments and of the participations held in the Venture Capital Funds managed by Airbus Ventures. These were partially offset by the revaluation of financial instruments and the evolution of the US dollar. Consolidated&nbsp; net",6,"기술 생태계 밀착(R&D) 관련 표현이 content에서 발견되었습니다: R&D, research and development, equity investment"
55,EVG,4,기술 생태계 밀착(R&D),공동연구·기술 라이선싱·PoC 매칭·지분투자 등,21.04.2026 CEZAMAT Boosts Advanced Photonics R&D with State-of-the-Art UV Nanoimprint System from EV Group Read more,https://www.evgroup.com/company/news/detail/cezamat-boosts-advanced-photonics-rd-with-state-of-the-art-uv-nanoimprint-system-from-ev-group,EVG - Press Center / News / Newsroom / News,official,2026-04-21T00:00:00Z,2026-08-11T04:32:19Z,R&D; research and development; research center,title; content,"lish (EN) Choose your language EN English (EN) Deutsch (DE) 日本語 (JA) 中文 (ZH) Services Contact EV Group Company News CEZAMAT Boosts Advanced Photonics R&D with State-of-the-Art UV Nanoimprint System from EV Group New EVG®6200 NT platform enables high-resolution, scalable fabrication of next-generation micro- and nanostructures The EVG®6200 NT mask alignment system with UV; next‑generation device manufacturing across the region.” About CEZAMAT Centre for Advanced Materials and Technologies CEZAMAT is a multidisciplinary research and development center in Europe, established to effectively bridge advanced scientific research with industrial implementation and commercialization. As the flagship research center of the Warsaw University of Technology, CEZAMAT oper; etary SmartNIL® technology in the cleanroom. Source: EV Group. WARSAW, Poland and ST. FLORIAN, Austria, April 21, 2026&nbsp; – CEZAMAT, a world-class research center for advanced materials and technologies, and EV Group (EVG), a leading provider of innovative process solutions and expertise serving leading-edge and future semiconductor designs and chip integration schemes, today ann",6,"기술 생태계 밀착(R&D) 관련 표현이 title, content에서 발견되었습니다: R&D, research and development, research center"
27,Prodrive,4,기술 생태계 밀착(R&D),공동연구·기술 라이선싱·PoC 매칭·지분투자 등,1-12-2025 | Press release Prodrive Technologies takes €40 million EIB loan to boost R&D in new technologies,https://prodrive-technologies.com/en/about-us/news/prodrive-technologies-takes-40-million-eib-loan-to-boost-rd-in-new-technologies-1/,Prodrive - Press-release Filter / Press Releases,official,,2026-08-11T04:32:19Z,R&D; research and development; strategic partnership,title; content,"Skip to content 1-12-2025 | Press release Prodrive Technologies takes €40 million EIB loan to boost R&D in new technologies LUXEMBOURG/SON (1 December, 2025)&nbsp; Dutch-based Prodrive Technologies has signed a €40 million lending agreement with the European Investment Bank (EIB). The financing will advance Prodrive Techn; gnal that we want to support homegrown technology in support of Europe’s strategic autonomy.” stated EIB vice president Robert de Groot . “Prodrive’s research and development are complementary to the EU Chips Act, while also providing perspective for technologies that enable green growth. It’s important to make sure that European companies can grow, thrive and expand here in the EU and we’re; 76 151 | nadia.van.sinten@prodrive-technologies.com Related articles 20-05-2026 | Press release Prodrive Technologies and Fortaegis Technologies sign strategic partnership agreement 1-05-2026 | Press release Prodrive Technologies appoints Mark Roeloffzen as new Chief Executive Officer 1-04-2026 | Press release Prodrive Technologies announces 2025 financial results 5-11-2025 | Press releas",6,"기술 생태계 밀착(R&D) 관련 표현이 title, content에서 발견되었습니다: R&D, research and development, strategic partnership"
73,Sumitomo Chemical,4,기술 생태계 밀착(R&D),공동연구·기술 라이선싱·PoC 매칭·지분투자 등,Sustainability,https://www.sumitomo-chem.co.jp/english/news/category/sustainability/,Sumitomo Chemical - News Releases Filter / Press Releases,official,2026-08-05T00:00:00Z,2026-08-11T04:32:19Z,R&D; innovation center,content,"Participate in the 39 th DVN Munich Lighting Workshop, A Venue for Sharing Cutting-Edge Innovations in the Field of Automotive Lighting Sep. 16, 2025 R&D Sumitomo Chemical Wins New Office Promotion Award at the 38th Nikkei New Office Awards for New Research Facility at Its Chiba Site Aug. 20, 2025 Business & Products Sumitomo Chemical Achieves Scale-Up of Its Proprietary; ly Designates 10 Products and Technologies as Sumika Sustainable Solutions Jun. 27, 2024 R&D Sumitomo Chemical Begins Operations of Newly Established Innovation Center, Consolidates Environmental Impact Reduction Technology Research Groups to Accelerate Creation of New Value May. 22, 2024 Business & Products Lummus and Sumitomo Chemical Announce Collaboration Agreements for Circular a",5,"기술 생태계 밀착(R&D) 관련 표현이 content에서 발견되었습니다: R&D, innovation center"
9,Albemarle,4,기술 생태계 밀착(R&D),공동연구·기술 라이선싱·PoC 매칭·지분투자 등,"Press Releases August 05, 2026 Albemarle Reports Second Quarter 2026 Results CHARLOTTE, N.C., Aug. 5, 2026 /PRNewswire/ -- Albemarle Corporation (NYSE: ALB), a global leader in providing essential elements for mobility, energy, connectivity and health, today announced its results for the second quarter ended June 30, 2026. Second Quarter 2026 and Recent Highlights (Unless",https://www.albemarle.com/us/en/news/albemarle-reports-second-quarter-2026-results,Albemarle - Newsroom / Newsroom / News,official,2026-08-05T00:00:00Z,2026-08-11T04:32:19Z,research and development; equity investment,content,",175 Selling, general and administrative expenses 126,353 132,457 263,759 255,959 Restructuring charges and asset write-offs 7,337 4,448 33,203 3,385 Research and development expenses 3,667 12,444 12,837 26,543 Loss on sale of business — — 95,018 — Operating income 452,944 47,527 686,450 67,288 Interest and financing expenses (30,924) (49,939) (64,045) (98,916) Other income (expenses), net 1; e net income to cash flows from operating activities: Depreciation and amortization 313,606 330,485 Loss on sale of business 95,018 — Gain on sale of equity investment (42,300) — Stock-based compensation and other 14,661 17,068 Equity in net income of unconsolidated investments (net of tax) (247,857) (142,544) Dividends received from unconsolidated investments and nonmarketable securi",5,"기술 생태계 밀착(R&D) 관련 표현이 content에서 발견되었습니다: research and development, equity investment"
30,NXP,4,기술 생태계 밀착(R&D),공동연구·기술 라이선싱·PoC 매칭·지분투자 등,NXP Semiconductors Reports Second Quarter 2026 Results,https://media.nxp.com/news-releases/news-release-details/nxp-semiconductors-reports-second-quarter-2026-results,NXP - Press Releases / Press Releases,official,2026-07-28T00:00:00Z,2026-08-11T04:32:19Z,research and development; strategic partnership,content,"easures from actions taken to reduce costs with the goal of increasing our gross margin and operating margin and when assessing appropriate levels of research and development efforts. In addition, management relies upon these non-GAAP financial measures when making decisions about product spending, administrative budgets, and other operating expenses. We believe that these non-GAAP financial; pliers; our ability to avoid operational problems and product defects and, if such issues were to arise, to correct them quickly; our ability to form strategic partnerships and joint ventures and successfully cooperate with our strategic alliance partners; our ability to win competitive bid selection processes; our ability to develop products for use in our customers’ equipment and produc",5,"기술 생태계 밀착(R&D) 관련 표현이 content에서 발견되었습니다: research and development, strategic partnership"
16,Amkor Technology,4,기술 생태계 밀착(R&D),공동연구·기술 라이선싱·PoC 매칭·지분투자 등,Amkor Technology Reports Financial Results for the Second Quarter 2026,https://ir.amkor.com/news-releases/news-release-details/amkor-technology-reports-financial-results-second-quarter-2026,Amkor Technology - Investor Press Releases / Press Releases,official,2026-07-27T00:00:00Z,2026-08-11T04:32:19Z,research and development; strategic partnership,content,",579,375 1,329,495 3,025,044 2,493,487 Gross profit 318,590 181,897 557,622 339,480 Selling, general and administrative 78,904 47,922 175,891 128,330 Research and development 39,832 42,008 81,590 87,660 Total operating expenses 118,736 89,930 257,481 215,990 Operating income 199,854 91,967 300,141 123,490 Interest expense 16,971 16,810 34,681 33,619 Other (income) expense, net (20,292 ) (8,0; uting and Automotive & Industrial end markets,” said Kevin Engel , president and chief executive officer. “During the first half of 2026, we expanded strategic partnerships across the semiconductor ecosystem, advanced key customer programs in AI and HPC, and continued the expansion of our Advanced packaging and test capacity. We expect these actions will strengthen our competitive positio",5,"기술 생태계 밀착(R&D) 관련 표현이 content에서 발견되었습니다: research and development, strategic partnership"
4,Charles River,4,기술 생태계 밀착(R&D),공동연구·기술 라이선싱·PoC 매칭·지분투자 등,Charles River Joins Lilly TuneLab to Optimize AI/ML Platform through Nonclinical Testing Expertise,https://ir.criver.com/news-releases/news-release-details/charles-river-joins-lilly-tunelab-optimize-aiml-platform-through,Charles River - News Releases / Press Releases,official,2026-06-18T00:00:00Z,2026-08-11T04:32:19Z,R&D; research and development,content,"inical Testing Expertise PDF Version Collaboration supports Charles River’s strategic goals to build deeper client relationships to further modernize R&D through innovative technologies WILMINGTON, Mass. --(BUSINESS WIRE)--Jun. 18, 2026-- Charles River Laboratories International, Inc. (NYSE: CRL) announced a collaboration with Lilly TuneLab , a collaborative AI/ML drug d; Gateway Labs , and Lilly ExploR&D, which together support biotech innovation by providing access to strategic capital, lab space and technology, and research and development capabilities. Charles River remains committed to advancing the validation and acceptance of new approach methodologies (NAMs), including through its Alternative Methods Advancement Project™ (AMAP™) initiative. Together",5,"기술 생태계 밀착(R&D) 관련 표현이 content에서 발견되었습니다: R&D, research and development"
25,Applied Materials,4,기술 생태계 밀착(R&D),공동연구·기술 라이선싱·PoC 매칭·지분투자 등,"Applied Materials Unveils SENZ™, a Fully Integrated Visual System for Next-Gen Smart Glasses Press Release Arow1-50 --> > -->",https://ir.appliedmaterials.com/news-releases/news-release-details/applied-materials-unveils-senztm-fully-integrated-visual-system,Applied Materials - Investor Relations / Investor Relations,official,2026-06-17T00:00:00Z,2026-08-11T04:32:19Z,joint development; strategic collaboration,content,"part of Snapdragon START, bringing our engineering excellence in design and manufacturing to support AI-powered, next-generation smart glasses; A joint development program with EssilorLuxottica to accelerate the commercialization of next-generation intelligent optical systems for augmented reality and AI-powered smart eyewear. A media kit with additional information on the SENZ syste; ners can now create bespoke products using the SENZ system solutions and reference designs. Key partnerships supporting the SENZ launch include: A strategic collaboration with GlobalFoundries that allows Applied to produce its waveguides at scale, leveraging GF’s high-volume fabrication facility in Singapore ; A collaboration with Qualcomm Technologies as part of Snapdragon START, bringing",5,"기술 생태계 밀착(R&D) 관련 표현이 content에서 발견되었습니다: joint development, strategic collaboration"
27,Prodrive,4,기술 생태계 밀착(R&D),공동연구·기술 라이선싱·PoC 매칭·지분투자 등,1-05-2026 | Press release Prodrive Technologies appoints Mark Roeloffzen as new Chief Executive Officer,https://prodrive-technologies.com/en/about-us/news/prodrive-technologies-appoints-mark-roeloffzen-as-new-chief-executive-officer/,Prodrive - Press-release Filter / Press Releases,official,2026-06-01T00:00:00Z,2026-08-11T04:32:19Z,R&D; strategic partnership,content,"emiconductors and Nexperia. At Nexperia, Mark served as an Executive and General Manager of a global Business Group, combining strategic, commercial, R&D, and operational responsibility with full P&L ownership. Across these roles, he built a strong track record in scaling technology‑driven organizations, navigating complex global markets, and aligning innovation with lon; g subsidiaries in Malaysia and South-Korea in 2026. Related articles 20-05-2026 | Press release Prodrive Technologies and Fortaegis Technologies sign strategic partnership agreement 1-04-2026 | Press release Prodrive Technologies announces 2025 financial results 1-12-2025 | Press release Prodrive Technologies takes €40 million EIB loan to boost R&D in new technologies 5-11-2025 | Press re",5,"기술 생태계 밀착(R&D) 관련 표현이 content에서 발견되었습니다: R&D, strategic partnership"
55,EVG,4,기술 생태계 밀착(R&D),공동연구·기술 라이선싱·PoC 매칭·지분투자 등,"19.05.2026 EV Group Highlights Hybrid Bonding, Layer Transfer and Maskless Lithography Technologies for Heterogeneous Integration and Advanced Packaging at ECTC 2026 Read more",https://www.evgroup.com/company/news/detail/ev-group-highlights-hybrid-bonding-layer-transfer-and-maskless-lithography-technologies-for-heterogeneous-integration-and-advanced-packaging-at-ectc-2026,EVG - Press Center / News / Newsroom / News,official,2026-05-19T00:00:00Z,2026-08-11T04:32:19Z,R&D; ecosystem partnership,content,".com Downloads Download Press Release - 0.14 MB Download Press Picture - 1.35 MB Menu About EVG Global Presence News Events Suppliers and Partners R&D Projects EV Group - Press contact DI Erich Thallner Strasse 1 4782 St. Florian am Inn Austria Phone +43 7712 5311 0 Fax +43 7712 5311 1500 Send E-Mail Follow us Related News EV Group Earns Impressive Ninth Consecutive Trip; ogeneous integration and 3D stacking, semiconductor manufacturers increasingly need scalable and proven process integration technologies and strong ecosystem partnerships to bring next-generation devices into high-volume manufacturing,” stated Bernd Dielacher, director of business development at&nbsp; EV Group. “ECTC provides an important forum for collaboration across the semiconductor e",5,"기술 생태계 밀착(R&D) 관련 표현이 content에서 발견되었습니다: R&D, ecosystem partnership"
14,DOW,4,기술 생태계 밀착(R&D),공동연구·기술 라이선싱·PoC 매칭·지분투자 등,Learn more about recycling technologies,https://corporate.dow.com/en-us/news/seek-together/future-of-plastic-recycling-innovative-solutions.html,DOW - Corporate News / Newsroom / News,official,2025-11-07T04:00:00Z,2026-08-11T04:32:19Z,R&D; joint development,content,"one. This is a powerful reminder of both the hurdles and opportunities ahead. This is the work I am involved with every day at Dow. From our advanced R&D labs in Texas to cutting-edge AI-guided technologies, I’ve connected with some of the brightest minds dedicated to changing the future of plastics. How do you recycle plastics? At a global level, 9% of plastic is curren; to incorporate more recycled materials into product packaging. In all sectors, this effort requires innovation. An exciting development at Dow is our joint development agreement with P&G , focusing on dissolution technology. This recycling method uses solvents to break down complex waste, transforming it into high-quality, food-grade applications. This technology is expected to increa",5,"기술 생태계 밀착(R&D) 관련 표현이 content에서 발견되었습니다: R&D, joint development"
27,Prodrive,4,기술 생태계 밀착(R&D),공동연구·기술 라이선싱·PoC 매칭·지분투자 등,20-05-2026 | Press release Prodrive Technologies and Fortaegis Technologies sign strategic partnership agreement,https://prodrive-technologies.com/en/about-us/news/prodrive-technologies-and-fortaegis-technologies-sign-strategic-partnership-agreement/,Prodrive - Press-release Filter / Press Releases,official,,2026-08-11T04:32:19Z,R&D; strategic partnership,title; content; url,"ss release Prodrive Technologies announces 2025 financial results 1-12-2025 | Press release Prodrive Technologies takes €40 million EIB loan to boost R&D in new technologies 5-11-2025 | Press release Prodrive Technologies inaugurates 4MW green hydrogen rectifier test facility 23-09-2025 | Press release Change in executive management at Prodrive Technologies 13-05-2025 |; Skip to content 20-05-2026 | Press release Prodrive Technologies and Fortaegis Technologies sign strategic partnership agreement Son, the Netherlands, May 2026 – Prodrive Technologies Group B.V. (“Prodrive Technologies”) and Fortaegis Technologies B.V. have signed a strategic partnership agreement to support the development, industriali",5,"기술 생태계 밀착(R&D) 관련 표현이 title, content, url에서 발견되었습니다: R&D, strategic partnership"
27,Prodrive,4,기술 생태계 밀착(R&D),공동연구·기술 라이선싱·PoC 매칭·지분투자 등,1-04-2026 | Press release Prodrive Technologies announces 2025 financial results,https://prodrive-technologies.com/en/about-us/news/prodrive-technologies-announces-2025-financial-results/,Prodrive - Press-release Filter / Press Releases,official,,2026-08-11T04:32:19Z,R&D; strategic partnership,content,"hnologies appoints Mark Roeloffzen as new Chief Executive Officer 1-12-2025 | Press release Prodrive Technologies takes €40 million EIB loan to boost R&D in new technologies 5-11-2025 | Press release Prodrive Technologies inaugurates 4MW green hydrogen rectifier test facility 23-09-2025 | Press release Change in executive management at Prodrive Technologies 13-05-2025 |; subsidiaries in Europe, the U.S., China, and Japan. Related articles 20-05-2026 | Press release Prodrive Technologies and Fortaegis Technologies sign strategic partnership agreement 1-05-2026 | Press release Prodrive Technologies appoints Mark Roeloffzen as new Chief Executive Officer 1-12-2025 | Press release Prodrive Technologies takes €40 million EIB loan to boost R&D in new technologi",5,"기술 생태계 밀착(R&D) 관련 표현이 content에서 발견되었습니다: R&D, strategic partnership"
27,Prodrive,4,기술 생태계 밀착(R&D),공동연구·기술 라이선싱·PoC 매칭·지분투자 등,5-11-2025 | Press release Prodrive Technologies inaugurates 4MW green hydrogen rectifier test facility,https://prodrive-technologies.com/en/about-us/news/prodrive-technologies-inaugurates-4mw-green-hydrogen-rectifier-test-facility/,Prodrive - Press-release Filter / Press Releases,official,,2026-08-11T04:32:19Z,R&D; strategic partnership,content,"30 years to the energy infrastructure, semiconductor, healthcare, and e-mobility industries. It employs over 2200 professionals, of which over 500 in R&D and engineering. Related articles 20-05-2026 | Press release Prodrive Technologies and Fortaegis Technologies sign strategic partnership agreement 1-05-2026 | Press release Prodrive Technologies appoints Mark Roeloffzen; ssionals, of which over 500 in R&D and engineering. Related articles 20-05-2026 | Press release Prodrive Technologies and Fortaegis Technologies sign strategic partnership agreement 1-05-2026 | Press release Prodrive Technologies appoints Mark Roeloffzen as new Chief Executive Officer 1-04-2026 | Press release Prodrive Technologies announces 2025 financial results 1-12-2025 | Press releas",5,"기술 생태계 밀착(R&D) 관련 표현이 content에서 발견되었습니다: R&D, strategic partnership"
49,Maxon,4,기술 생태계 밀착(R&D),공동연구·기술 라이선싱·PoC 매칭·지분투자 등,maxon acquires strategic minority stake in Synapticon,https://www.maxongroup.com/en/news-and-events/news/maxon-acquires-strategic-minority-stake-in-synapticon-285238,Maxon - News / Newsroom / News,official,,2026-08-11T04:32:19Z,joint development; strategic partnership,content,"its expertise in the field of motion control through a strategic partnership with the German company Synapticon. The goal of the collaboration is the joint development of high-performance drive solutions with integrated functional safety, based on optimally combined components from both companies. As part of this partnership, the maxon Group has acquired a minority stake in Synapticon; r Stuttgart, Germany Download Contact us Share current page The Swiss maxon Group is expanding its expertise in the field of motion control through a strategic partnership with the German company Synapticon. The goal of the collaboration is the joint development of high-performance drive solutions with integrated functional safety, based on optimally combined components from both companie",5,"기술 생태계 밀착(R&D) 관련 표현이 content에서 발견되었습니다: joint development, strategic partnership"
55,EVG,4,기술 생태계 밀착(R&D),공동연구·기술 라이선싱·PoC 매칭·지분투자 등,05.05.2026 Xanadu and EV Group partner to build industrial-scale photonic quantum hardware Read more,https://www.evgroup.com/company/news/detail/xanadu-and-ev-group-partner-to-build-industrial-scale-photonic-quantum-hardware,EVG - Press Center / News / Newsroom / News,official,,2026-08-11T04:32:19Z,R&D; strategic partnership,content,"- 0.12 MB Download Press Release (German) - 0.14 MB Download Press Photo - 2.01 MB Menu About EVG Global Presence News Events Suppliers and Partners R&D Projects EV Group - Press contact DI Erich Thallner Strasse 1 4782 St. Florian am Inn Austria Phone +43 7712 5311 0 Fax +43 7712 5311 1500 Send E-Mail Follow us Related News EV Group Announces Management Board Expansion; a leading photonic quantum computing company, and EV Group ( EVG ), a leading supplier of wafer bonding and lithography equipment, today announced a strategic partnership to develop critical heterogeneous integration and wafer bonding processes to facilitate the scalability of photonic quantum systems. Throughout this partnership, Xanadu and EVG expect to utilize EVG’s industrial manufac",5,"기술 생태계 밀착(R&D) 관련 표현이 content에서 발견되었습니다: R&D, strategic partnership"
62,Arkema,4,기술 생태계 밀착(R&D),공동연구·기술 라이선싱·PoC 매칭·지분투자 등,Press releases and news,https://www.arkema.com/global/en/media/newsroom/,Arkema - Financial News / Financial News,official,,2026-08-11T04:32:19Z,R&D; research center,content,rt of sport running-shoes-arkema.jpg Business our activities fond matiere 4.jpg Sustainability our ambition wind-turbine-renewable.jpg Innovation our R&D strategy kop-research-center-3.jpg Women in industry our commitments arkema-woman-employee-plant.jpg Human resources our commitments coordinateur-maintenance_4-3.jpg Philanthropy our actions sport-dans-la-ville-5.jpg Ap,5,"기술 생태계 밀착(R&D) 관련 표현이 content에서 발견되었습니다: R&D, research center"
17,Onsemi,4,기술 생태계 밀착(R&D),공동연구·기술 라이선싱·PoC 매칭·지분투자 등,Financial Analyst Day 2023,https://www.onsemi.com/company/events/financial-analyst-day-2023,Onsemi - Investor News / Investor News,official,2026-08-11T00:00:00Z,2026-08-11T04:32:19Z,strategic collaboration,content,"de Technology in BMW Group’s Next-Generation Electric Vehicles Download PDF Word Document Press Announcement Jan. 25, 2023 onsemi and VW Group Cement Strategic Collaboration on Silicon Carbide Technology for Next-Generation Electric Vehicles with Strategic Agreement Download PDF Word Document Press Announcement Jan. 4, 2023 onsemi Silicon Carbide Power Module for Traction Inverters Selected",4,기술 생태계 밀착(R&D) 관련 표현이 content에서 발견되었습니다: strategic collaboration
12,Chemours,4,기술 생태계 밀착(R&D),공동연구·기술 라이선싱·PoC 매칭·지분투자 등,"Chemours Launches Opteon™ ZE and Opteon™ 515B Refrigerants for Chiller Applications Powering Data Centers, Commercial Buildings, and Other Mission Critical Environments",https://investors.chemours.com/news-releases/news-release-details/chemours-launches-opteontm-ze-and-opteontm-515b-refrigerants,Chemours - News Releases / Press Releases,official,2026-08-10T00:00:00Z,2026-08-11T04:32:19Z,research and development,content,"ergy efficiency, improving sustainability, circularity, decreasing environmental footprint, plans to continue investment in research and development, all of which are subject to substantial risks and uncertainties that could cause actual results to differ materially from those expressed or implied by such statements. These statements are not guarantees of future performance. Forward-looking",4,기술 생태계 밀착(R&D) 관련 표현이 content에서 발견되었습니다: research and development
24,Ouster,4,기술 생태계 밀착(R&D),공동연구·기술 라이선싱·PoC 매칭·지분투자 등,Ouster Announces Results for Second Quarter 2026,https://investors.ouster.com/news-releases/news-release-details/ouster-announces-results-second-quarter-2026,Ouster - News Releases / Press Releases,official,2026-08-06T00:00:00Z,2026-08-11T04:32:19Z,research and development,content,"rom those that we expected, including, but not limited to, risks related to Ouster’s limited operating history and history of losses; the substantial research and development costs needed to develop and commercialize new products; Ouster’s limited sales history and the ability to maintain confidence in the Company’s long-term business prospect among customers in target markets; fluctuations",4,기술 생태계 밀착(R&D) 관련 표현이 content에서 발견되었습니다: research and development
34,Infineon,4,기술 생태계 밀착(R&D),공동연구·기술 라이선싱·PoC 매칭·지분투자 등,Infineon and LS ELECTRIC collaborate to advance high-efficiency direct current power solutions for AI data centers,https://www.infineon.com/press-release/2026/infpr202607-121,Infineon - Press / Press Releases / Media,official,2026-08-05T00:00:00Z,2026-08-11T04:32:19Z,co-development,content,"nd industrial automation to drive system-level integration and implementation. Together, the two companies will align technology roadmaps and advance co-development efforts to capture growth opportunities in the next-generation energy infrastructure market. About Infineon Infineon Technologies AG is a global semiconductor leader in power systems and IoT. Infineon drives decarboniza",4,기술 생태계 밀착(R&D) 관련 표현이 content에서 발견되었습니다: co-development
69,Shin-Etsu Chemicals,4,기술 생태계 밀착(R&D),공동연구·기술 라이선싱·PoC 매칭·지분투자 등,"2026.08.05 IR Summary of Telephone Conference on Financial Results for the First Quarter Ended June 30, 2026",https://www.shinetsu.co.jp/en/ir/ir-data/ir-briefing/,Shin-Etsu Chemicals - News Releases / Press Releases,official,2026-08-05T00:00:00Z,2026-08-11T04:32:19Z,research and development,content,日本語 English Company Company Company Profile Company History Organization Corporate Governance Global Network Quality Control Research and Development Procurement Business & Products Business & Products Business Segment Product Search Product Sites Catalogs Investors Investors Management Policy Financial Highlights IR Library Stock Information General Meeting of Share,4,기술 생태계 밀착(R&D) 관련 표현이 content에서 발견되었습니다: research and development
20,Eli Lilly and Company,4,기술 생태계 밀착(R&D),공동연구·기술 라이선싱·PoC 매칭·지분투자 등,"Lilly reports second-quarter 2026 financial results, raises full-year guidance, and highlights continued growth and pipeline progress",https://investor.lilly.com/news-releases/news-release-details/lilly-reports-second-quarter-2026-financial-results-raises-full,Eli Lilly and Company - Investor Relations / Investor Relations,official,2026-08-05T00:00:00Z,2026-08-11T04:32:19Z,research and development,content,"r. The increase was primarily driven by improved cost of production and favorable product mix, partially offset by lower realized prices. In Q2 2026, research and development expenses increased 14% to $3.8 billion , or 17% of revenue, driven by continued investments in the company's early and late-stage portfolio. Marketing, selling, and administrative expenses increased 25% to $3.4 billion",4,기술 생태계 밀착(R&D) 관련 표현이 content에서 발견되었습니다: research and development
67,Asahi Glass,4,기술 생태계 밀착(R&D),공동연구·기술 라이선싱·PoC 매칭·지분투자 등,Semiconductor-Related Business Briefing Session,https://www.agc.com/en/ir/library/bizbriefing/index.html,Asahi Glass - Investor Relations / Investor Relations,official,2026-08-04T00:00:00Z,2026-08-11T04:32:19Z,research and development,content,"hemicals) Transcript Presentation ”Life Science Business” November 29, 2021 Presentation ”Life Science Business” Transcript Presentation ”Briefing on Research and Development” October 19, 2021 Presentation ”Briefing on Research and Development” Transcript ESG Briefing session 2022 September 10, 2021 Presentation ”ESG Briefing session” Transcript Presentation ”Fluorochemicals Business” Decemb",4,기술 생태계 밀착(R&D) 관련 표현이 content에서 발견되었습니다: research and development
17,Onsemi,4,기술 생태계 밀착(R&D),공동연구·기술 라이선싱·PoC 매칭·지분투자 등,onsemi Reports Second Quarter 2026 Results,https://investor.onsemi.com/news-releases/news-release-details/onsemi-reports-second-quarter-2026-results,Onsemi - Investor News / Investor News,official,2026-08-03T00:00:00Z,2026-08-11T04:32:19Z,research and development,content,"; expensing of appraised inventory fair market value step-up; restructuring-related cost of revenue charges; non-recurring facility costs; in-process research and development expenses; restructuring, asset impairments and other, net; goodwill impairment charges; gains and losses on debt prepayment; actuarial (gains) losses on pension plans and other pension benefits; and certain other specia",4,기술 생태계 밀착(R&D) 관련 표현이 content에서 발견되었습니다: research and development
43,EMM(Umicore),4,기술 생태계 밀착(R&D),공동연구·기술 라이선싱·PoC 매칭·지분투자 등,Newsroom,https://www.umicore.com/en/media/newsroom/,EMM(Umicore) - Umicore Newsroom / Newsroom / News,official,2026-07-31T00:00:00Z,2026-08-11T04:32:19Z,innovation center,content,"ance and resilience April 17, 2026 News Lithium: from lightweight metal to the heavyweight in the energy transition April 10, 2026 News Umicore opens innovation center in Shanghai March 31, 2026 Press release Notice of ordinary and extraordinary shareholders’ meetings and publication of the Annual Report 2025 March 27, 2026 News How are tires made? The science behind the rubber Februa",4,기술 생태계 밀착(R&D) 관련 표현이 content에서 발견되었습니다: innovation center
44,Umicore,4,기술 생태계 밀착(R&D),공동연구·기술 라이선싱·PoC 매칭·지분투자 등,Newsroom,https://www.umicore.com/en/media/newsroom/,Umicore - Newsroom / Newsroom / News,official,2026-07-31T00:00:00Z,2026-08-11T04:32:19Z,innovation center,content,"ance and resilience April 17, 2026 News Lithium: from lightweight metal to the heavyweight in the energy transition April 10, 2026 News Umicore opens innovation center in Shanghai March 31, 2026 Press release Notice of ordinary and extraordinary shareholders’ meetings and publication of the Annual Report 2025 March 27, 2026 News How are tires made? The science behind the rubber Februa",4,기술 생태계 밀착(R&D) 관련 표현이 content에서 발견되었습니다: innovation center
18,Qualcomm,4,기술 생태계 밀착(R&D),공동연구·기술 라이선싱·PoC 매칭·지분투자 등,Qualcomm Earnings Release Available on Company’s Investor Relations Website,https://investor.qualcomm.com/news-events/press-releases/news-details/2026/Qualcomm-Earnings-Release-Available-on-Companys-Investor-Relations-Website-67f54b885/default.aspx,Qualcomm - SEC Filings / Regulatory Filings RSS,official,2026-07-29T20:00:00Z,2026-08-11T04:32:19Z,research and development,content,". Qualcomm Technologies, Inc., a subsidiary of Qualcomm Incorporated, operates, along with its subsidiaries, substantially all of our engineering and research and development functions and substantially all of our products and services businesses, including our QCT semiconductor business. Snapdragon and Qualcomm branded products are products of Qualcomm Technologies, Inc. and/or its subsidia",4,기술 생태계 밀착(R&D) 관련 표현이 content에서 발견되었습니다: research and development
22,Boeing,4,기술 생태계 밀착(R&D),공동연구·기술 라이선싱·PoC 매칭·지분투자 등,Boeing Reports Second Quarter Results,https://boeing.mediaroom.com/2026-07-28-Boeing-Reports-Second-Quarter-Results,Boeing - News Releases and Statements / Press Releases / Statements,official,2026-07-28T00:00:00Z,2026-08-11T04:32:19Z,research and development,content,"20,314) 4,960 4,852 2,414 2,435 Income from operating investments, net 14 28 24 25 General and administrative expense (2,625) (2,905) (1,428) (1,793) Research and development expense, net (1,824) (1,754) (921) (910) Gain on dispositions, net 79 64 67 67 Earnings/(loss) from operations 604 285 156 (176) Other income, net 273 648 79 325 Interest and debt expense (1,216) (1,418) (600) (710) Los",4,기술 생태계 밀착(R&D) 관련 표현이 content에서 발견되었습니다: research and development
65,Toppan Holdings,4,기술 생태계 밀착(R&D),공동연구·기술 라이선싱·PoC 매칭·지분투자 등,TOPPAN Obtains PIMS Certification for MyAnchor Personal Information Platform,https://www.holdings.toppan.com/en/news/2026/07/newsrelease260728_1.html,Toppan Holdings - Newsroom / Newsroom / News,official,2026-07-28T00:00:00Z,2026-08-11T04:32:19Z,demonstration project,content,"ance platform functionality and has built a track record as a secure information management infrastructure through diverse use-case verifications and demonstration projects involving personal data in the fields of public administration and education. Operating on a mechanism that safely manages and distributes data based on individual user consent, the platform delivers value to both cons",4,기술 생태계 밀착(R&D) 관련 표현이 content에서 발견되었습니다: demonstration project
69,Shin-Etsu Chemicals,4,기술 생태계 밀착(R&D),공동연구·기술 라이선싱·PoC 매칭·지분투자 등,"2026.07.24 IR Financial Data for the First Quarter Ended June 30, 2026",https://www.shinetsu.co.jp/en/ir/ir-data/ir-results/,Shin-Etsu Chemicals - News Releases / Press Releases,official,2026-07-24T00:00:00Z,2026-08-11T04:32:19Z,research and development,content,日本語 English Company Company Company Profile Company History Organization Corporate Governance Global Network Quality Control Research and Development Procurement Business & Products Business & Products Business Segment Product Search Product Sites Catalogs Investors Investors Management Policy Financial Highlights IR Library Stock Information General Meeting of Share,4,기술 생태계 밀착(R&D) 관련 표현이 content에서 발견되었습니다: research and development
7,West Pharmaceutical,4,기술 생태계 밀착(R&D),공동연구·기술 라이선싱·PoC 매칭·지분투자 등,West Reports Second-Quarter 2026 Results,https://investor.westpharma.com/news-releases/news-release-details/west-reports-second-quarter-2026-results,West Pharmaceutical - Press Releases / Press Releases,official,2026-07-23T00:00:00Z,2026-08-11T04:32:19Z,research and development,content,"1,717.2 100 % $ 1,464.5 100 % Cost of goods and services sold 543.1 62 492.6 64 1,091.6 64 958.7 65 Gross profit 329.2 38 273.9 36 625.6 36 505.8 35 Research and development 19.7 2 19.1 2 35.5 2 35.4 2 Selling, general and administrative expenses 117.6 14 95.9 13 217.1 12 183.9 13 Other expense (income), net 12.8 1 5.2 1 16.8 1 25.8 2 Operating profit 179.1 21 153.7 20 356.2 21 260.7 18 Int",4,기술 생태계 밀착(R&D) 관련 표현이 content에서 발견되었습니다: research and development
16,Amkor Technology,4,기술 생태계 밀착(R&D),공동연구·기술 라이선싱·PoC 매칭·지분투자 등,Amkor Technology Announces Strategic Partnership with NVIDIA to Expand Advanced Packaging and Test for Next-Generation AI Infrastructure,https://ir.amkor.com/news-releases/news-release-details/amkor-technology-announces-strategic-partnership-nvidia-expand,Amkor Technology - Investor Press Releases / Press Releases,official,2026-07-23T00:00:00Z,2026-08-11T04:32:19Z,strategic partnership,title; content; url,Skip to content Press Releases Printer-friendly version Back Amkor Technology Announces Strategic Partnership with NVIDIA to Expand Advanced Packaging and Test for Next-Generation AI Infrastructure $1.5 Billion Multi-Year Advanced Packaging and Development Agreement to Support Expansion of Amkor’s U.S . Advanced Packaging Capac,4,"기술 생태계 밀착(R&D) 관련 표현이 title, content, url에서 발견되었습니다: strategic partnership"
21,GE Healthcare,4,기술 생태계 밀착(R&D),공동연구·기술 라이선싱·PoC 매칭·지분투자 등,GE HealthCare announces CFO transition; reports preliminary second quarter 2026 financial results and reaffirms guidance reflecting business momentum,https://investor.gehealthcare.com/news-releases/news-release-details/ge-healthcare-announces-cfo-transition-reports-preliminary,GE Healthcare - Investor News Releases / Investor News / Press Releases,official,2026-07-23T00:00:00Z,2026-08-11T04:32:19Z,research and development,content,"ersecurity, or data security breaches; maintenance and protection of the Company’s intellectual property rights, as well as maintenance of successful research and development efforts with respect to commercially successful products and technologies; the Company’s ability to attract and/or retain key talent and qualified employees; increasing attention to sustainability matters; compliance wi",4,기술 생태계 밀착(R&D) 관련 표현이 content에서 발견되었습니다: research and development
23,3M,4,기술 생태계 밀착(R&D),공동연구·기술 라이선싱·PoC 매칭·지분투자 등,3M Reports Second-Quarter 2026 Results; Increases Full-Year Guidance,https://investors.3m.com/news-events/press-releases/detail/1938/3m-reports-second-quarter-2026-results-increases-full-year,3M - IR Press Releases / Investor Press Releases RSS,official,2026-07-21T10:30:00Z,2026-08-11T04:32:19Z,strategic partnership,content,ee cash flow of $1.3 billion. Strategic and operational highlights The following are recently announced highlights: 3M and Microsoft announced a&nbsp;strategic partnership to advance AI data center infrastructure and enterprise transformation. Microsoft becomes the first announced&nbsp;hyperscale cloud provider to deploy 3M Expanded Beam Optics (EBO) technology. Microsoft is a member of t,4,기술 생태계 밀착(R&D) 관련 표현이 content에서 발견되었습니다: strategic partnership
5,Cytiva,4,기술 생태계 밀착(R&D),공동연구·기술 라이선싱·PoC 매칭·지분투자 등,Danaher Reports Second Quarter 2026 Results Danaher Corporation (NYSE: DHR) today announced results for the second quarter 2026. All results in this release reflect only continuing operations and period-to-period comparisons are... 07.21.2026,https://investors.danaher.com/2026-07-21-Danaher-Reports-Second-Quarter-2026-Results,Cytiva - Danaher Press Releases / Press Releases,official,2026-07-21T00:00:00Z,2026-08-11T04:32:19Z,research and development,content,"3) (5,014) (4,643) Gross profit 3,611 3,523 7,202 7,034 Operating costs: Selling, general and administrative expenses (2,072) (2,360) (3,932) (4,218) Research and development expenses (412) (403) (799) (782) Operating profit 1,127 760 2,471 2,034 Nonoperating income (expense): Other income (expense), net (3) (42) (76) (121) Interest expense (107) (71) (170) (143) Interest income 61 8 88 14 E",4,기술 생태계 밀착(R&D) 관련 표현이 content에서 발견되었습니다: research and development
59,Airbus,4,기술 생태계 밀착(R&D),공동연구·기술 라이선싱·PoC 매칭·지분투자 등,Air Canada and Airbus launch joint initiative to scale domestic Canadian SAF and… Press Release Innovation 20 July 2026 5 min read,https://www.airbus.com/en/newsroom/press-releases/2026-07-air-canada-and-airbus-launch-joint-initiative-to-scale-domestic-canadian-saf-and-help-reduce-the,Airbus - Investors / Investor Relations,official,2026-07-20T00:00:00Z,2026-08-11T04:32:19Z,strategic partnership,content,ation fuel How Airbus supports the usage and uptake of sustainable aviation fuel (SAF). Related news Continue reading Airbus and Landing Zones sign strategic partnership for advanced UAS in Canada Press Release Defence Airbus Defence and Space and Landing Zones have signed a strategic partnership agreement for advanced uncrewed aerial systems (UAS) in Canada. Airbus unveils study on the p,4,기술 생태계 밀착(R&D) 관련 표현이 content에서 발견되었습니다: strategic partnership
18,Qualcomm,4,기술 생태계 밀착(R&D),공동연구·기술 라이선싱·PoC 매칭·지분투자 등,Qualcomm Announces Quarterly Cash Dividend,https://investor.qualcomm.com/news-events/press-releases/news-details/2026/Qualcomm-Announces-Quarterly-Cash-Dividend-26b7f8bdb/default.aspx,Qualcomm - SEC Filings / Regulatory Filings RSS,official,2026-07-17T13:00:00Z,2026-08-11T04:32:19Z,research and development,content,". Qualcomm Technologies, Inc., a subsidiary of Qualcomm Incorporated, operates, along with its subsidiaries, substantially all of our engineering and research and development functions and substantially all of our products and services businesses, including our QCT semiconductor business. Snapdragon and Qualcomm branded products are products of Qualcomm Technologies, Inc. and/or its subsidia",4,기술 생태계 밀착(R&D) 관련 표현이 content에서 발견되었습니다: research and development
21,GE Healthcare,4,기술 생태계 밀착(R&D),공동연구·기술 라이선싱·PoC 매칭·지분투자 등,Catholic Health and GE HealthCare partner to expand patient access across Long Island,https://investor.gehealthcare.com/news-releases/news-release-details/catholic-health-and-ge-healthcare-partner-expand-patient-access,GE Healthcare - Investor News Releases / Investor News / Press Releases,official,2026-07-16T00:00:00Z,2026-08-11T04:32:19Z,strategic partnership,content,"Jul. 16, 2026-- Catholic Health , an integrated health system located on Long Island , NY, and GE HealthCare (Nasdaq: GEHC) announced today a 10-year strategic partnership, known as a Care Alliance , valued at approximately $500 million , to help expand access to advanced imaging, precision diagnostics and AI-enabled technology across Catholic Health in support of innovative, compassionat",4,기술 생태계 밀착(R&D) 관련 표현이 content에서 발견되었습니다: strategic partnership
23,3M,4,기술 생태계 밀착(R&D),공동연구·기술 라이선싱·PoC 매칭·지분투자 등,3M and Microsoft announce strategic partnership to advance AI data center infrastructure and enterprise transformation,https://investors.3m.com/news-events/press-releases/detail/1937/3m-and-microsoft-announce-strategic-partnership-to-advance,3M - IR Press Releases / Investor Press Releases RSS,official,2026-07-15T13:01:00Z,2026-08-11T04:32:19Z,strategic partnership,title; content; url,"3M and Microsoft announce strategic partnership to advance AI data center infrastructure and enterprise transformation Jul 15, 2026 • 9:01 AM EDT Download as PDF Microsoft becomes first announced&nbsp;hyperscale cloud provider to deploy 3M Expanded Beam Optical (EBO)",4,"기술 생태계 밀착(R&D) 관련 표현이 title, content, url에서 발견되었습니다: strategic partnership"
18,Qualcomm,4,기술 생태계 밀착(R&D),공동연구·기술 라이선싱·PoC 매칭·지분투자 등,Qualcomm Schedules Third Quarter Fiscal 2026 Earnings Release and Conference Call,https://investor.qualcomm.com/news-events/press-releases/news-details/2026/Qualcomm-Schedules-Third-Quarter-Fiscal-2026-Earnings-Release-and-Conference-Call/default.aspx,Qualcomm - SEC Filings / Regulatory Filings RSS,official,2026-07-15T13:00:00Z,2026-08-11T04:32:19Z,research and development,content,". Qualcomm Technologies, Inc., a subsidiary of Qualcomm Incorporated, operates, along with its subsidiaries, substantially all of our engineering and research and development functions and substantially all of our products and services businesses, including our QCT semiconductor business. Snapdragon and Qualcomm branded products are products of Qualcomm Technologies, Inc. and/or its subsidia",4,기술 생태계 밀착(R&D) 관련 표현이 content에서 발견되었습니다: research and development
28,ASML,4,기술 생태계 밀착(R&D),공동연구·기술 라이선싱·PoC 매칭·지분투자 등,Press releases & announcements,https://www.asml.com/en/news/press-releases,ASML - ASML News / Newsroom / News,official,2026-07-15T00:00:00Z,2026-08-11T04:32:19Z,strategic partnership,content,"roduct July 15, 2026 ASML reports €9.3 billion total net sales and €2.9 billion net income in Q2 2026 May 16, 2026 Tata Electronics and ASML Announce Strategic Partnership to Advance the Semiconductor Manufacturing Ecosystem in India Sorry, we were not able to find a match See share buyback press releases Sign up for news alerts Latest press releases July 15, 2026 High NA EUV reaches new",4,기술 생태계 밀착(R&D) 관련 표현이 content에서 발견되었습니다: strategic partnership
4,Charles River,4,기술 생태계 밀착(R&D),공동연구·기술 라이선싱·PoC 매칭·지분투자 등,"Charles River Provides NGS Services to Arovella Therapeutics, Accelerating Progress Toward Alternative Cancer Treatment Approaches",https://ir.criver.com/news-releases/news-release-details/charles-river-provides-ngs-services-arovella-therapeutics,Charles River - News Releases / Press Releases,official,2026-07-13T00:00:00Z,2026-08-11T04:32:19Z,research and development,content,"ant ISO, 6 cleanroom suites, 8-10 weeks cell bank completion to release, and over 2,000 cell and viral banks produced supporting client programs from research and development through commercial manufacturing. About Arovella Therapeutics Arovella Therapeutics Ltd (ASX: ALA) is a biotechnology company focused on developing its invariant natural killer T (iNKT) cell therapy platform from Imperi",4,기술 생태계 밀착(R&D) 관련 표현이 content에서 발견되었습니다: research and development
23,3M,4,기술 생태계 밀착(R&D),공동연구·기술 라이선싱·PoC 매칭·지분투자 등,3M Young Scientist Challenge Names 10 Finalists for 2026 National Competition,https://news.3m.com/2026-07-06-3M-Young-Scientist-Challenge-Names-10-Finalists-for-2026-National-Competition,3M - Corporate Press Releases / Press Releases RSS,official,2026-07-06T13:30:00Z,2026-08-11T04:32:19Z,innovation center,content,"ese mentors will provide guidance and advice to help advance each finalist's solution. Then, on October 12-13, all 10 finalists will gather at the 3M Innovation Center in St. Paul, Minn., to go head-to-head in the final interactive competition. At this final event, each finalist will participate in a series of live challenges before presenting their final project and answering questio",4,기술 생태계 밀착(R&D) 관련 표현이 content에서 발견되었습니다: innovation center
24,Ouster,4,기술 생태계 밀착(R&D),공동연구·기술 라이선싱·PoC 매칭·지분투자 등,"Ouster Acquires StereoLabs, Creating a World-Leading Physical AI Sensing and Perception Company",https://investors.ouster.com/news-releases/news-release-details/ouster-acquires-stereolabs-creating-world-leading-physical-ai,Ouster - News Releases / Press Releases,official,2026-02-09T00:00:00Z,2026-08-11T04:32:19Z,research and development,content,"rom those that we expected, including, but not limited to, risks related to Ouster’s limited operating history and history of losses; the substantial research and development costs needed to develop and commercialize new products; Ouster’s ability to integrate StereoLabs into Ouster’s corporate structure and its solutions and platform into Ouster’s product offering; the challenges in develop",4,기술 생태계 밀착(R&D) 관련 표현이 content에서 발견되었습니다: research and development
23,3M,4,기술 생태계 밀착(R&D),공동연구·기술 라이선싱·PoC 매칭·지분투자 등,rss_feed News RSS,https://investors.3m.com/news-events/press-releases/rss,3M - IR Press Releases / Investor Press Releases,official,,2026-08-11T04:32:19Z,strategic partnership,content,,4,기술 생태계 밀착(R&D) 관련 표현이 content에서 발견되었습니다: strategic partnership
27,Prodrive,4,기술 생태계 밀착(R&D),공동연구·기술 라이선싱·PoC 매칭·지분투자 등,News,https://prodrive-technologies.com/en/about-us/news/?label=Whitepaper,Prodrive - Press-release Filter / Press Releases,official,,2026-08-11T04:32:19Z,strategic partnership,content,Skip to content 20-05-2026 | Press release Prodrive Technologies and Fortaegis Technologies sign strategic partnership agreement Filter news Whitepaper Press release Case study Show all 18-02-2026 | Whitepaper Revolutionizing plasma power solutions for etching and deposition,4,기술 생태계 밀착(R&D) 관련 표현이 content에서 발견되었습니다: strategic partnership
53,Rio Tinto,4,기술 생태계 밀착(R&D),공동연구·기술 라이선싱·PoC 매칭·지분투자 등,S2: Adam Rutherford,https://www.riotinto.com/en/news/podcast/season-2/s2-episode-1,Rio Tinto - Releases / Press Releases,official,,2026-08-11T04:32:19Z,research and development,content,"e DNA samples that underpin his lab work. Furthermore, as he explains to Dr Anna, fridges are good for keeping his beer cold! In an episode all about research and development, Adam and Anna are joined by Marie-Pierre Paquin, Head of Science and Partnerships at Rio Tinto, to explore how a mix of curiosity, diligence and data leads to scientific breakthroughs. Listen to find out how many perio",4,기술 생태계 밀착(R&D) 관련 표현이 content에서 발견되었습니다: research and development
73,Sumitomo Chemical,4,기술 생태계 밀착(R&D),공동연구·기술 라이선싱·PoC 매칭·지분투자 등,Sustainability News Releases,https://www.sumitomo-chem.co.jp/english/sustainability/news/,Sumitomo Chemical - News Releases Filter / Press Releases,official,,2026-08-11T04:32:19Z,innovation center,content,"The Material Issues to Be Addressed as Management Priorities Contribution to Developing a Circular System for Plastics Contributing through Business Innovation Centered on the 3Rs Collaboration with Others Educational Activities Key Performance Indicators (KPIs) for Material Issues Promoting Sustainability Contributing through Business ― Sumika Sustainable Solutions (SSS) ""Sumika Sus",4,기술 생태계 밀착(R&D) 관련 표현이 content에서 발견되었습니다: innovation center
49,Maxon,4,기술 생태계 밀착(R&D),공동연구·기술 라이선싱·PoC 매칭·지분투자 등,New Chair of the Board of Directors and stable fiscal year at maxon,https://www.maxongroup.com/en/news-and-events/news/new-chair-of-the-board-of-directors-and-stable-fiscal-year-at-maxon-301688,Maxon - News / Newsroom / News,official,,2026-08-11T04:32:19Z,research and development,content,"million), and in Asia and Oceania, sales increased to CHF 128.9 million (previous year: CHF 118.4 million). maxon continues to invest consistently in research and development. Compared to 2024, expenditure increased slightly to CHF 52.4 million (previous year: CHF 47.8 million), which corresponds to 8.8 percent of sales. In 2025, the maxon Group shipped a total of 4.6 million products (previ",4,기술 생태계 밀착(R&D) 관련 표현이 content에서 발견되었습니다: research and development
49,Maxon,4,기술 생태계 밀착(R&D),공동연구·기술 라이선싱·PoC 매칭·지분투자 등,maxon achieves a respectable result with CHF 594.7 million revenue despite challenging conditions,https://www.maxongroup.com/en/news-and-events/news/maxon-achieves-a-respectable-result-with-chf-594-7-million-revenue-despite-challenging-conditions-283946,Maxon - News / Newsroom / News,official,,2026-08-11T04:32:19Z,research and development,content,"anks to proactive measures, the company considers the 2024 revenue of CHF 594.7 million a satisfactory result under the circumstances. Investments in research and development declined slightly but remain almost stable at 8 percent in percentage terms. The increasing demand for integrated mechatronic systems is evident in the portfolio. maxon is therefore making significant investments in the",4,기술 생태계 밀착(R&D) 관련 표현이 content에서 발견되었습니다: research and development
28,ASML,4,기술 생태계 밀착(R&D),공동연구·기술 라이선싱·PoC 매칭·지분투자 등,Go to 2025 Annual Report,https://www.asml.com/en/investors/annual-report/2025,ASML - Financial Results / Financial Reports / Results,official,,2026-08-11T04:32:19Z,research and development,content,"52.8% Read more More profitability KPIs: €17.3bn Gross profit €11.3bn Income from operations €9.6bn Net income €24.73 Earnings per share (basic) Back Research and development €4.7bn Read more Our portfolio-wide innovations tackle the most complex challenges in semiconductor manufacturing, aiming to keep us ahead of market demands and customer expectations.&nbsp;&nbsp;&nbsp;&nbsp;&nbsp;&nbsp;",4,기술 생태계 밀착(R&D) 관련 표현이 content에서 발견되었습니다: research and development
17,Onsemi,5,핵심 전략 인력의 이동,C-Level 이동·극비 방한 및 실사 조율 등,Financial Analyst Day 2023,https://www.onsemi.com/company/events/financial-analyst-day-2023,Onsemi - Investor News / Investor News,official,2026-08-11T00:00:00Z,2026-08-11T04:32:19Z,appointed as,content,"l-Khoury President, Chief Executive Officer and Director Download Bio Hassane El-Khoury was elected as a director of ON Semiconductor Corporation and appointed as President and Chief Executive Officer of onsemi and Semiconductor Components Industries, LLC in December 2020. Prior to joining onsemi , El-Khoury served most recently as president, chief executive officer and member of",4,핵심 전략 인력의 이동 관련 표현이 content에서 발견되었습니다: appointed as
5,Cytiva,5,핵심 전략 인력의 이동,C-Level 이동·극비 방한 및 실사 조율 등,Open Report of unscheduled material events or corporate event in HTML.,https://app.quotemedia.com/data/downloadFiling?webmasterId=101533&ref=320237260&type=HTML&symbol=DHR&cdn=c898b557e52916ddfb63d5a675223d01&companyName=Danaher+Corporation&formType=8-K&dateFiled=2026-08-03,Cytiva - Danaher SEC Filings / Regulatory Filings,official,2026-08-03T00:00:00Z,2026-08-11T04:32:19Z,leadership transition,content,"e employment as Senior Advisor of the Company from the Effective Date through December 31, 2026 (such period, the “Advisory Period”) to assist in the leadership transition and, following the Advisory Period, to serve as a consultant until March 31, 2027 (such period, the “Consultancy Period”). Transition Letter Agreement with Mr. Blair To document Mr. Blair’s transition arrangements, on A",4,핵심 전략 인력의 이동 관련 표현이 content에서 발견되었습니다: leadership transition
27,Prodrive,5,핵심 전략 인력의 이동,C-Level 이동·극비 방한 및 실사 조율 등,1-05-2026 | Press release Prodrive Technologies appoints Mark Roeloffzen as new Chief Executive Officer,https://prodrive-technologies.com/en/about-us/news/prodrive-technologies-appoints-mark-roeloffzen-as-new-chief-executive-officer/,Prodrive - Press-release Filter / Press Releases,official,2026-06-01T00:00:00Z,2026-08-11T04:32:19Z,leadership transition,content,"anagement Science from the University of Twente and an Executive MBA with honors from IMD Business School in Lausanne, Switzerland. Reflecting on the leadership transition, Pieter Janssen, co‑founder and incoming CTO of Prodrive Technologies, commented: “Developments in our key markets are moving at a rapid pace, and I am very pleased that Mark is joining our leadership team as CEO. I am",4,핵심 전략 인력의 이동 관련 표현이 content에서 발견되었습니다: leadership transition
23,3M,5,핵심 전략 인력의 이동,C-Level 이동·극비 방한 및 실사 조율 등,rss_feed News RSS,https://investors.3m.com/news-events/press-releases/rss,3M - IR Press Releases / Investor Press Releases,official,,2026-08-11T04:32:19Z,board appointment,content,,4,핵심 전략 인력의 이동 관련 표현이 content에서 발견되었습니다: board appointment
