target_no,company,industry,target_technology,technology_relevance_score,technology_matched_terms,investment_signal_no,investment_signal_label,investment_signal_description,title,url,source,source_type,source_kind,source_label_ko,published_at,collected_at,matched_terms,matched_fields,evidence_snippets,investment_signal_score,investment_signal_reason
54,HyproMag,철강금속,사용후 영구자석 고순도 희토류 추출,11,NdFeB; rare earth; magnet recycling; end-of-life magnet; neodymium; dysprosium; rare earth separation; NdFeB magnet,1,공급망·지정학 리스크 대응,특정지역 의존도 축소·공급망 다변화·규제 리스크 대응 등,Welcome to Mkango Resources Ltd.,https://mkango.ca/news/mkango-completes-acquisition-of-remloy/,HyproMag - Mkango 2026 News / News Archive RSS,official,newsroom,공식출처,2026-08-31T12:33:45Z,2026-09-04T05:09:02Z,supply chain; supply-chain; geopolitical; export control; export controls; tariff,content,"team and all stakeholders to grow the Remloy business within Mkango. Through this Transaction, we will further develop and strengthen the rare earth supply chain and ecosystem for recycling and magnet manufacturing in Germany and its neighbours. Mkango is now uniquely positioned across the whole rare earth supply chain in Europe and North America, including projects for recyclin; deferred consideration; and that demand and prices for rare earth materials and magnetic products, and general economic, market, currency, tariff and geopolitical conditions, do not change materially and adversely. Although the Company considers these factors and assumptions to be reasonable based on information currently available to it, they may prove to be incorrect, and actua; eraeus group; the availability of financing on acceptable terms; and changes in rare earth and NdFeB prices, exchange rates, energy and labour costs, export controls and tariffs. These risks should be read together with the other risks described below and in the Company’s continuous disclosure filings, which are available on SEDAR+ at www.sedarplus.ca . Forward-looking statements i",9,"공급망·지정학 리스크 대응 관련 표현이 content에서 발견되었습니다: supply chain, supply-chain, geopolitical, export control, export controls, tariff"
25,Applied Materials,반도체,nm급 W2W 하이브리드 본딩 장비,0,,1,공급망·지정학 리스크 대응,특정지역 의존도 축소·공급망 다변화·규제 리스크 대응 등,Applied Materials Announces Third Quarter 2026 Results,https://ir.appliedmaterials.com/news-releases/news-release-details/applied-materials-announces-third-quarter-2026-results,Applied Materials - Investor News Releases / Press Releases,official,press_release,공식보도자료,2026-08-13T00:00:00Z,2026-09-04T05:09:02Z,geopolitical; export control; export controls; tariff,content,"imely basis, if at all; changes in tariffs, any retaliatory measures, and our ability to mitigate the impact of tariffs; the effects of geopolitical turmoil or conflicts; demand for semiconductor chips and electronic devices; customers’ technology and capacity requirements; the introduction of new and innovative technologies, and the timing of technology transitions; our ability; arge of $253 million for settlement with the U.S. Commerce Department Bureau of Industry and Security to resolve a previously disclosed export controls compliance matter. 3 The restr",8,"공급망·지정학 리스크 대응 관련 표현이 content에서 발견되었습니다: geopolitical, export control, export controls, tariff"
24,Ouster,로봇,로봇용 라이다,5,LiDAR; lidar,1,공급망·지정학 리스크 대응,특정지역 의존도 축소·공급망 다변화·규제 리스크 대응 등,Earnings Release,https://investors.ouster.com/news-releases/news-release-details/ouster-announces-results-second-quarter-2026,Ouster - Investor Relations / Investor Relations,official,press_release,공식보도자료,2026-08-06T20:06:06Z,2026-09-04T05:09:02Z,supply chain; supply-chain; tariff; regulatory risk,content,"ty to use tax attributes; Ouster’s dependence on key third party suppliers, in particular Benchmark Electronics, Inc., Fabrinet, and other suppliers; supply chain constraints and challenges; conditions in the industries the Company targets or the global economy; Ouster’s ability to recruit and retain key personnel; its ability to complete, successfully integrate or achieve the an; ully integrate or achieve the anticipated benefits of new acquisitions or investments, including the Stereolabs acquisition; changes to trade policy, tariffs, and import/export regulations may have a material adverse effect on Ouster’s business, financial condition and results of operations; risks related to the use of AI tools by us and others, including risks related to c; ta regulations, product performance, and data privacy; Ouster’s ability to adequately protect and enforce its intellectual property rights; legal and regulatory risks; risks related to operating as a public company; and other important factors discussed in the Company’s Annual Report on Form 10-K for the year ended December 31, 2025 , and updated by the Company’s Quarterly Report on",8,"공급망·지정학 리스크 대응 관련 표현이 content에서 발견되었습니다: supply chain, supply-chain, tariff, regulatory risk"
16,Amkor Technology,반도체,반도체 후공정용 고성능 방열소재,0,,1,공급망·지정학 리스크 대응,특정지역 의존도 축소·공급망 다변화·규제 리스크 대응 등,Amkor Technology Reports Financial Results for the Second Quarter 2026,https://ir.amkor.com/news-releases/news-release-details/amkor-technology-reports-financial-results-second-quarter-2026,Amkor Technology - Investor Press Releases / Press Releases,official,press_release,공식보도자료,2026-07-27T20:03:28Z,2026-09-04T05:09:02Z,export control; export controls; tariff; trade restriction,content,"ence on international factories and operations, and risks relating to trade restrictions and regional conflict, including restrictive trade barriers, export controls, tariffs, customs and duties; our ability to develop new proprietary technology, protect our proprietary technology, operate without infringing the proprietary rights of others and implement new technologies; our conti; ence on international factories and operations, and risks relating to trade restrictions and regional conflict, including restrictive trade barriers, export controls, tariffs, customs and duties; our ability to develop new proprietary technology, protect our proprietary technology, operate without infringing the proprietary rights of others and implement new technologies; our contin; onal factories and operations, and risks relating to trade restrictions and regional conflict, including restrictive trade barriers, export controls, tariffs, customs and duties; our ability to develop new proprietary technology, protect our proprietary technology, operate without infringing the proprietary rights of others and implement new technologies; our continuing dev",8,"공급망·지정학 리스크 대응 관련 표현이 content에서 발견되었습니다: export control, export controls, tariff, trade restriction"
23,3M,화학소재,이온교환막 및 바이폴라 이온교환막,0,,1,공급망·지정학 리스크 대응,특정지역 의존도 축소·공급망 다변화·규제 리스크 대응 등,3M Reports Second-Quarter 2026 Results; Increases Full-Year Guidance,https://investors.3m.com/news-events/press-releases/detail/1938/3m-reports-second-quarter-2026-results-increases-full-year,3M - Investor Relations / Investor Relations,official,press_release,공식보도자료,2026-07-21T06:30:00Z,2026-09-04T05:09:02Z,supply chain; supply-chain; geopolitical; tariff,content,"(8) the availability and cost of purchased components, compounds, raw materials and energy due to shortages, increased demand and wages, tariffs, supply chain interruptions, or natural or other disasters, (9) unanticipated problems or delays when implementing new business systems and solutions, including with the phased implementation of a global enterprise resource planning sys; actual results to differ from the Company's forward-looking statements include:(1) worldwide economic, political, regulatory, international trade, geopolitical, tariffs, and retaliatory countermeasures, capital markets, and other external conditions, (2) foreign currency exchange rates and fluctuations in those rates, (3) liabilities and contingencies related to PFAS, including l; to differ from the Company's forward-looking statements include:(1) worldwide economic, political, regulatory, international trade, geopolitical, tariffs, and retaliatory countermeasures, capital markets, and other external conditions, (2) foreign currency exchange rates and fluctuations in those rates, (3) liabilities and contingencies related to PFAS, including liabiliti",8,"공급망·지정학 리스크 대응 관련 표현이 content에서 발견되었습니다: supply chain, supply-chain, geopolitical, tariff"
61,Air Liquide,화학소재,이온교환막 및 바이폴라 이온교환막,0,,1,공급망·지정학 리스크 대응,특정지역 의존도 축소·공급망 다변화·규제 리스크 대응 등,When tech makes an impact,https://www.airliquide.com/2025-integrated-annual-report,Air Liquide - Press Releases & News / Press Releases / News,official,press_release,공식보도자료,,2026-09-04T05:09:02Z,reshoring; regionalization; de-risking; derisking,content,"and amid the most dynamic industrial reconfigurations. South Korea, Singapore and China are competing for leadership in advanced manufacturing, while reshoring and de-risking strategies are reshaping where and how critical materials are produced. The Group is strengthening its positions through new plants and long-term contracts, while also deepening execution capabilities thr; e time, its presence in the USA and in Asia is a decisive advantage: it enables Air Liquide to maintain its growth trajectory despite the dynamics of regionalization and the new realities of a global industry that is reorganizing itself."" Christina Law , Independant Director, Member of the Remuneration Committee and the Environment and Society Committee Read Christina Law’s full int; ost dynamic industrial reconfigurations. South Korea, Singapore and China are competing for leadership in advanced manufacturing, while reshoring and de-risking strategies are reshaping where and how critical materials are produced. The Group is strengthening its positions through new plants and long-term contracts, while also deepening execution capabilities through engineerin",8,"공급망·지정학 리스크 대응 관련 표현이 content에서 발견되었습니다: reshoring, regionalization, de-risking, derisking"
4,Charles River,바이오,바이러스 검증 및 MCB/WCB 특성분석,9,NGS; next-generation sequencing; next generation sequencing; gene therapy; PathoQuest,1,공급망·지정학 리스크 대응,특정지역 의존도 축소·공급망 다변화·규제 리스크 대응 등,Charles River Laboratories Announces Second-Quarter 2026 Results,https://ir.criver.com/news-releases/news-release-details/charles-river-laboratories-announces-second-quarter-2026-results,Charles River - News Releases / Press Releases,official,press_release,공식보도자료,2026-08-05T11:00:57Z,2026-09-04T05:09:02Z,supply chain; supply-chain; geopolitical,content,"gal costs and adjustments related to an NHP inventory charge in our DSA segment related to now concluded U.S . government investigations into the NHP supply chain; legal and advisory costs related to entering into a Cooperation Agreement with a shareholder; tax effect of all of the aforementioned matters; and adjustments related to the derecognition of certain deferred tax assets; NHP supply constraints; changes and uncertainties in the global economy and financial markets, including disruptions in the global economy caused by geopolitical conflicts; the ability to successfully integrate businesses we acquire, and risks and uncertainties associated with businesses that we acquire; the timing and magnitude of our share repurchases; negative trends in resea",7,"공급망·지정학 리스크 대응 관련 표현이 content에서 발견되었습니다: supply chain, supply-chain, geopolitical"
40,Evonik Industries,화학소재,타이어용 친환경 침강실리카 제조기술,5,precipitated silica,1,공급망·지정학 리스크 대응,특정지역 의존도 축소·공급망 다변화·규제 리스크 대응 등,"August 04, 2026 Company Evonik reports strong second quarter Essen, Germany. As announced on June 26, Evonik delivered strong earnings in the second quarter. The ongoing conflict in the Middle East caused supply chain bottlenecks, mainly outside Europe, resulting in an economic windfall.",https://www.evonik.com/en/news/press-releases/2026/08/q2-2026.html,Evonik Industries - Media / Newsroom / Media,official,press_release,공식보도자료,2026-08-04T00:00:00Z,2026-09-04T05:09:02Z,supply chain; supply-chain,title; content,"st 04, 2026 Evonik reports strong second quarter Adjusted EBITDA rises to €630 million in the second quarter Higher volumes and selling prices due to supply chain bottlenecks outside of Europe Outlook 2026: €2.0 billion to €2.2 billion adjusted EBITDA Essen, Germany . As announced on June 26, Evonik delivered strong earnings in the second quarter. The ongoing conflict in the Midd",6,"공급망·지정학 리스크 대응 관련 표현이 title, content에서 발견되었습니다: supply chain, supply-chain"
5,Cytiva,바이오,바이오의약품 생산용 배양 및 정제 시스템,4,resin,1,공급망·지정학 리스크 대응,특정지역 의존도 축소·공급망 다변화·규제 리스크 대응 등,Danaher Appoints Julie Sawyer Montgomery as President and Chief Executive Officer,https://investors.danaher.com/2026-08-03-Danaher-Appoints-Julie-Sawyer-Montgomery-as-President-and-Chief-Executive-Officer,Cytiva - Danaher Investor Relations / Investor Relations RSS,official,press_release,공식보도자료,2026-08-03T20:15:00Z,2026-09-04T05:09:02Z,geopolitical; tariff,content,"r our products and services, labor matters and our ability to recruit, retain and motivate talented employees, U.S. and non-U.S. economic, political, geopolitical, legal, compliance, social and business factors (including the impact of elections, regulatory and policy changes or uncertainty, government shutdowns and military conflicts such as the conflict in the Middle East), dis; factors include, among other things: our ability to retain key personnel, our ability to execute on growth and other opportunities, the impact of the tariffs and related actions implemented by the U.S. and other countries, the impact of our debt obligations (including debt we incurred to finance the acquisition of Masimo) on our operations and liquidity, deterioration of or",6,"공급망·지정학 리스크 대응 관련 표현이 content에서 발견되었습니다: geopolitical, tariff"
16,Amkor Technology,반도체,반도체 후공정용 고성능 방열소재,0,,1,공급망·지정학 리스크 대응,특정지역 의존도 축소·공급망 다변화·규제 리스크 대응 등,Amkor Technology Announces Strategic Partnership with NVIDIA to Expand Advanced Packaging and Test for Next-Generation AI Infrastructure,https://ir.amkor.com/news-releases/news-release-details/amkor-technology-announces-strategic-partnership-nvidia-expand,Amkor Technology - Investor Press Releases / Press Releases,official,press_release,공식보도자료,2026-07-23T21:00:54Z,2026-09-04T05:09:02Z,supply chain; supply-chain,content,"ty in Arizona , complementing the company’s established manufacturing footprint across Asia , to create a geographically diverse and resilient global supply chain. “AI is driving a generational shift in technology, transforming every industry and creating a unique opportunity to reinvigorate American manufacturing and supply chains,” said Debora Shoquist , Executive Vice Presiden; ment to expanding full turnkey advanced packaging and test capabilities in the United States , strengthening domestic semiconductor manufacturing and supply-chain resilience for AI infrastructure. NVIDIA’s capacity agreement supports Amkor’s expansion of U.S . capacity in Arizona , complementing the company’s established manufacturing footprint across Asia , to create a geographi",6,"공급망·지정학 리스크 대응 관련 표현이 content에서 발견되었습니다: supply chain, supply-chain"
23,3M,화학소재,이온교환막 및 바이폴라 이온교환막,0,,1,공급망·지정학 리스크 대응,특정지역 의존도 축소·공급망 다변화·규제 리스크 대응 등,3M and Microsoft announce strategic partnership to advance AI data center infrastructure and enterprise transformation,https://investors.3m.com/news-events/press-releases/detail/1937/3m-and-microsoft-announce-strategic-partnership-to-advance,3M - Investor Relations / Investor Relations,official,press_release,공식보도자료,2026-07-15T09:01:00Z,2026-09-04T05:09:02Z,supply chain; supply-chain,content,"3M to build datacenters that are faster to deploy, more resilient and ready for the scale of AI,"" said Cliff Henson, corporate vice president, Cloud Supply Chain, Microsoft. ""3M's EBO solution will help unlock new levels of performance, reliability and efficiency to ensure customers can run their cloud and AI workloads on a trusted, sustainable and advanced environment."" &nbsp;",6,"공급망·지정학 리스크 대응 관련 표현이 content에서 발견되었습니다: supply chain, supply-chain"
16,Amkor Technology,반도체,반도체 후공정용 고성능 방열소재,0,,1,공급망·지정학 리스크 대응,특정지역 의존도 축소·공급망 다변화·규제 리스크 대응 등,TSMC and Amkor Technology Announce Long Term Partnership to Accelerate Advanced Packaging in the United States,https://ir.amkor.com/news-releases/news-release-details/tsmc-and-amkor-technology-announce-long-term-partnership,Amkor Technology - Investor Press Releases / Press Releases,official,press_release,공식보도자료,2026-06-16T13:01:12Z,2026-09-04T05:09:02Z,supply chain; supply-chain,content,"hip that will enhance advanced semiconductor packaging capabilities in Arizona , strengthening and accelerating investment in the U.S . semiconductor supply chain ecosystem. The agreement establishes a collaboration framework for TSMC to procure from Amkor advanced packaging and testing services. By working together as partners to expand capacity, the companies aim to enable a mo",6,"공급망·지정학 리스크 대응 관련 표현이 content에서 발견되었습니다: supply chain, supply-chain"
7,West Pharmaceutical,바이오,Autoinjector/PFS 의약품 완충전 및 제조기술,5,injectable,1,공급망·지정학 리스크 대응,특정지역 의존도 축소·공급망 다변화·규제 리스크 대응 등,"West Announces Second-Quarter 2025 Results and Fourth-Quarter 2025 Dividend, Updates Full-Year 2025 Guidance - Thu, 07/24/2025 - 06:00",https://investor.westpharma.com/news-releases/news-release-details/west-announces-second-quarter-2025-results-and-fourth-quarter,West Pharmaceutical - Financial Information / Financial Reports / Filings,official,press_release,공식보도자료,2025-07-24T10:00:38Z,2026-09-04T05:09:02Z,geopolitical; tariff,content,"ergy and labor costs; fluctuations in currency exchange; the ability to meet development milestones with key customers; and the consequences of other geopolitical events, including tariffs, natural disasters, acts of war, and global health crises. This list of important factors is not all inclusive. For a description of certain additional factors that could cause the Company's fu; ed compensation. Our updated adjusted-diluted EPS guidance incorporates our estimate of $15 to $20 million for the net impact of recently implemented tariffs. For the remaining quarters of the year, our adjusted-diluted EPS guidance range assumes a tax rate of approximately 21% and does not include potential tax benefits from stock-based compensation. Any tax benefits assoc",6,"공급망·지정학 리스크 대응 관련 표현이 content에서 발견되었습니다: geopolitical, tariff"
27,Prodrive,모빌리티,자율주행차 카메라/이미지 신호처리,0,,1,공급망·지정학 리스크 대응,특정지역 의존도 축소·공급망 다변화·규제 리스크 대응 등,20-05-2026 | Press release Prodrive Technologies and Fortaegis Technologies sign strategic partnership agreement,https://prodrive-technologies.com/en/about-us/news/prodrive-technologies-and-fortaegis-technologies-sign-strategic-partnership-agreement/,Prodrive - Press-release Filter / Press Releases,official,press_release,공식보도자료,,2026-09-04T05:09:02Z,supply chain; supply-chain,content,"latforms to scalable deployment. The collaboration will commence with Prodrive Technologies supporting areas such as engineering, system integration, supply chain management and advanced manufacturing. The companies will also explore joint customer engagement, market development and participation in relevant Dutch and European innovation programs. “ This partnership is an importa",6,"공급망·지정학 리스크 대응 관련 표현이 content에서 발견되었습니다: supply chain, supply-chain"
32,Vestas,에너지,해상풍력터빈,8,offshore wind; blade; nacelle; floating wind,1,공급망·지정학 리스크 대응,특정지역 의존도 축소·공급망 다변화·규제 리스크 대응 등,Press releases from 2020,https://www.vestas.com/en/media/mwow-press-releases/2020,Vestas - Media / Newsroom / Media,official,press_release,공식보도자료,,2026-09-04T05:09:02Z,supply chain; supply-chain,content,Triton Knoll pre-assembly hub ramps up activity \r\n \r\n MHI Vestas and EolMed partner for floating offshore wind farm in France \r\n \r\n Taiwan’s supply chain gains another link with transformer purchase agreement \r\n \r\n MHI Vestas to source additional key turbine components locally in Taiwan \r\n \r\n Tower supply purchase agreement finalised in Taiwan \r\n \r\n First pow,6,"공급망·지정학 리스크 대응 관련 표현이 content에서 발견되었습니다: supply chain, supply-chain"
9,Albemarle,이차전지,"양극재 소재(수산화리튬, 탄산리튬)",6,lithium carbonate; lithium; spodumene,1,공급망·지정학 리스크 대응,특정지역 의존도 축소·공급망 다변화·규제 리스크 대응 등,"Press Releases August 05, 2026 Albemarle Reports Second Quarter 2026 Results CHARLOTTE, N.C., Aug. 5, 2026 /PRNewswire/ -- Albemarle Corporation (NYSE: ALB), a global leader in providing essential elements for mobility, energy, connectivity and health, today announced its results for the second quarter ended June 30, 2026. Second Quarter 2026 and Recent Highlights (Unless",https://www.albemarle.com/us/en/news/albemarle-reports-second-quarter-2026-results,Albemarle - Newsroom / Newsroom / News,official,newsroom,공식출처,2026-08-05T00:00:00Z,2026-09-04T05:09:02Z,geopolitical; tariff; trade restriction,content,"situation in the Middle East. Operations at the Jordan Bromine Company (JBC) joint venture are in line with expectations as it continues to navigate geopolitical tensions in the region. Segment FY 2026E Specialties net sales $1.4 - $1.6 billion Specialties adjusted EBITDA $275 - $325 million Other Corporate Outlook Considerations Albemarle expects its full-year 2026 capital expe; mptions and outlook considerations; expected capital allocation and expenditure amounts and the corresponding impact on cash flow; expected impact of tariffs and other trade restrictions; plans and expectations regarding other mining interests, resources, reserves, projects and activities, compound annual growth rate, cost reductions, conversion network optimization, margin; k considerations; expected capital allocation and expenditure amounts and the corresponding impact on cash flow; expected impact of tariffs and other trade restrictions; plans and expectations regarding other mining interests, resources, reserves, projects and activities, compound annual growth rate, cost reductions, conversion network optimization, margin improvement, accounting char",6,"공급망·지정학 리스크 대응 관련 표현이 content에서 발견되었습니다: geopolitical, tariff, trade restriction"
44,Umicore,이차전지,"양극재 소재(수산화리튬, 탄산리튬)",7,cathode material; lithium; battery material; precursor,1,공급망·지정학 리스크 대응,특정지역 의존도 축소·공급망 다변화·규제 리스크 대응 등,Full Year Results 2025,https://www.umicore.com/en/media/newsroom/full-year-results-2025/,Umicore - Investor Relations / Investor Relations,official,ir,공식출처,2026-02-20T06:30:00Z,2026-09-04T05:09:02Z,supply chain; supply-chain; geopolitical,content,"core’s circular, multi-metal model is as a powerful differentiator and an anchor in a fragmented market, ensuring independent, secure and sustainable supply chains for critical metals. ---------- 1 All references to revenues in this document refer to revenues excluding metals (i.e. all revenue elements less the value of the following purchased metals: Au, Ag, Pt, Pd, Rh, Co, Ni,; eve increased output for antimony and tin. At the same time, the project will strengthen its best-in-class environmental performance. While a dynamic geopolitical context continues to create uncertainty across several end‑markets, the Group expects to remain resilient thanks to its robust foundations, diversified portfolio, technology leadership and high‑quality product portfolio",6,"공급망·지정학 리스크 대응 관련 표현이 content에서 발견되었습니다: supply chain, supply-chain, geopolitical"
24,Ouster,로봇,로봇용 라이다,5,LiDAR; lidar,1,공급망·지정학 리스크 대응,특정지역 의존도 축소·공급망 다변화·규제 리스크 대응 등,"GUSS Automation, a wholly owned John Deere Subsidiary, Plans to Advance Precision Autonomy in High-Value Crops with Ouster's Next-Generation REV8 Digital Lidar",https://investors.ouster.com/news-releases/news-release-details/guss-automation-wholly-owned-john-deere-subsidiary-plans-advance,Ouster - News Releases / Press Releases,official,press_release,공식보도자료,2026-08-26T11:00:31Z,2026-09-04T05:09:02Z,regulatory risk,content,"product performance, cybersecurity, and data privacy; Ouster’s ability to adequately protect and enforce its intellectual property rights; legal and regulatory risks; and other important factors discussed in the Company’s Annual Report on Form 10-K for the year ended December 31, 2025, and as may be further updated from time to time in the Company’s Quarterly Reports on Form 10-Q a",5,공급망·지정학 리스크 대응 관련 표현이 content에서 발견되었습니다: regulatory risk
37,Merck,바이오,의약품용 부형제,5,formulation,1,공급망·지정학 리스크 대응,특정지역 의존도 축소·공급망 다변화·규제 리스크 대응 등,"Guidance for 2025 Delivered, Growth Foundation in Place",https://www.emdgroup.com/en/media-center/press-kits/q4-2025.html,Merck - News / Press Releases / News,official,press_release,공식보도자료,,2026-09-04T05:09:02Z,geopolitical,content,.0 0.7 4.0 Healthcare sales 8.6 1.8 3.7 Electronics sales 3.5 –7.1 –0.6 “We once again demonstrated our resilience in 2025 in the face of significant geopolitical challenges and strong currency headwinds.” Results & Beyond: Our CEO Speaks Our CEO Belén Garijo comments on the full-year 2025 results. Watch the video Annual Report 2025 Detailed information about the development of o,5,공급망·지정학 리스크 대응 관련 표현이 content에서 발견되었습니다: geopolitical
1,Australian Strategic Metals,철강금속,사용후 영구자석 고순도 희토류 추출,4,rare earth,1,공급망·지정학 리스크 대응,특정지역 의존도 축소·공급망 다변화·규제 리스크 대응 등,Energy Fuels completes acquisition of ASM,https://asm-au.com/energy-fuels-completes-acquisition-of-asm/,Australian Strategic Metals - News / Newsroom / News RSS,official,newsroom,공식출처,2026-08-31T05:41:54Z,2026-09-04T05:09:02Z,supply chain; supply-chain,content,"NYSE American and TSX from Friday, 28 August 2026 (Eastern Time). “We are excited to join Energy Fuels and contribute to a leading Western rare earth supply chain, and I would like to thank ASM employees and shareholders for their support in getting us to this point. The combination of Energy Fuels and ASM&nbsp;represents&nbsp;a major step forward in the development of a secure,",5,"공급망·지정학 리스크 대응 관련 표현이 content에서 발견되었습니다: supply chain, supply-chain"
25,Applied Materials,반도체,nm급 W2W 하이브리드 본딩 장비,0,,1,공급망·지정학 리스크 대응,특정지역 의존도 축소·공급망 다변화·규제 리스크 대응 등,Bringing Next-Generation CD-SEM Metrology to the Fab,https://www.appliedmaterials.com/us/en/newsroom/blogs/bringing-next-generation-cd-sem-metrology-to-the-fab.html,Applied Materials - Applied Materials Newsroom / Newsroom / News,official,newsroom,공식출처,2026-08-31T00:00:00Z,2026-09-04T05:09:02Z,supply chain; supply-chain,content,"jcr:content_root_globalheader_copy_tabs_item-0_item_0_copy_columncontainer_copy_column1_copy_text-34349"" class=""cmp-text""> Services Service Solutions Supply Chain Solutions Resources \r\n""}}"" id=""_content_experience-fragments_applied-materials_us_en_site_header_master_jcr:content_root_globalheader_copy_tabs_item-0_item_0_copy_columncontainer_copy_column1_copy_copy_text-55597"" cla",5,"공급망·지정학 리스크 대응 관련 표현이 content에서 발견되었습니다: supply chain, supply-chain"
52,Nexeon,이차전지,실리콘 음극재 기술(증착형 Si-C),7,silicon anode; silicon-carbon; anode material; lithium-ion battery,1,공급망·지정학 리스크 대응,특정지역 의존도 축소·공급망 다변화·규제 리스크 대응 등,"National Wealth Fund backs Nexeon in £100m investment round August 31, 2026",https://www.nexeonglobal.com/media/national-wealth-fund-backs-nexeon-in-gbp100m-investment-round,Nexeon - Media / Newsroom / Media,official,newsroom,공식출처,2026-08-31T00:00:00Z,2026-09-04T05:09:02Z,supply chain; supply-chain,content,"31, 2026 Nexeon has secured backing from the National Wealth Fund to support the expansion of its domestic operations, strengthening the UK’s battery supply chain, creating jobs and boosting growth. The National Wealth Fund’s commitment of £52.6 million ($70 million) marks the completion of Nexeon’s latest investment round totalling £100 million ($133 million). Other new investor",5,"공급망·지정학 리스크 대응 관련 표현이 content에서 발견되었습니다: supply chain, supply-chain"
52,Nexeon,이차전지,실리콘 음극재 기술(증착형 Si-C),5,silicon-carbon; anode material,1,공급망·지정학 리스크 대응,특정지역 의존도 축소·공급망 다변화·규제 리스크 대응 등,"Nexeon Achieves ISO 9001 Certification for Gunsan Plant August 28, 2026",https://www.nexeonglobal.com/media/nexeon-achieves-iso-9001-certification-for-gunsan-plant,Nexeon - Media / Newsroom / Media,official,newsroom,공식출처,2026-08-28T00:00:00Z,2026-09-04T05:09:02Z,supply chain; supply-chain,content,"rtification demonstrates the strength of the systems we have put in place to achieve that.” The Gunsan facility benefits from a strategically located supply chain, including direct access to monosilane, a critical precursor for Nexeon’s silicon-carbon materials. Its location also provides proximity to major Asian battery manufacturers and supports efficient integration into estab",5,"공급망·지정학 리스크 대응 관련 표현이 content에서 발견되었습니다: supply chain, supply-chain"
25,Applied Materials,반도체,nm급 W2W 하이브리드 본딩 장비,0,,1,공급망·지정학 리스크 대응,특정지역 의존도 축소·공급망 다변화·규제 리스크 대응 등,Tackling Key HBM and Advanced Packaging Bottlenecks for the AI Era,https://www.appliedmaterials.com/us/en/newsroom/blogs/tackling-key-hbm-and-advanced-packaging-bottlenecks-for-ai-era.html,Applied Materials - Applied Materials Newsroom / Newsroom / News,official,newsroom,공식출처,2026-08-18T00:00:00Z,2026-09-04T05:09:02Z,supply chain; supply-chain,content,"jcr:content_root_container_globalfooter_text-6639"" class=""cmp-text""> ©2026 Applied Materials, Inc. Sitemap Terms of Use Privacy Supply Chain Transparency Cookies Document",5,"공급망·지정학 리스크 대응 관련 표현이 content에서 발견되었습니다: supply chain, supply-chain"
16,Amkor Technology,반도체,반도체 후공정용 고성능 방열소재,0,,1,공급망·지정학 리스크 대응,특정지역 의존도 축소·공급망 다변화·규제 리스크 대응 등,Arizona-Korea Semiconductor Delegation,https://amkor.com/blog/arizona-korea-semiconductor-delegation/,Amkor Technology - Corporate News / Newsroom / News,official,newsroom,공식출처,2026-08-13T00:00:00Z,2026-09-04T05:09:02Z,supply chain; supply-chain,content,"oins Arizona Economic Delegation to the Republic of Korea August 13, 2026 in by Allison Grigg Share: Advancing Semiconductor Innovation, Investment & Supply Chain Resilience Through International Collaboration As Arizona’s semiconductor industry continues to grow, collaboration across industry, government, and the broader semiconductor ecosystem remains essential to building a st",5,"공급망·지정학 리스크 대응 관련 표현이 content에서 발견되었습니다: supply chain, supply-chain"
25,Applied Materials,반도체,nm급 W2W 하이브리드 본딩 장비,0,,1,공급망·지정학 리스크 대응,특정지역 의존도 축소·공급망 다변화·규제 리스크 대응 등,Q3 2026 Applied Materials Earnings Conference Call,https://ir.appliedmaterials.com/events/event-details/q3-2026-applied-materials-earnings-conference-call,Applied Materials - Investor Relations / Investor Relations,official,ir,공식출처,2026-08-13T00:00:00Z,2026-09-04T05:09:02Z,geopolitical; tariff,content,"zations on a timely basis, if at all; changes in tariffs, any retaliatory measures, and our ability to mitigate the impact of tariffs; the effects of geopolitical turmoil or conflicts; demand for semiconductor chips and electronic devices; customers’ technology and capacity requirements; the introduction of new and innovative technologies, and the timing of technology transitions; ations, license requirements, and their interpretation, and our ability to obtain licenses or authorizations on a timely basis, if at all; changes in tariffs, any retaliatory measures, and our ability to mitigate the impact of tariffs; the effects of geopolitical turmoil or conflicts; demand for semiconductor chips and electronic devices; customers’ technology and capacity",5,"공급망·지정학 리스크 대응 관련 표현이 content에서 발견되었습니다: geopolitical, tariff"
37,Merck,바이오,의약품용 부형제,4,formulation,1,공급망·지정학 리스크 대응,특정지역 의존도 축소·공급망 다변화·규제 리스크 대응 등,"Merck KGaA, Darmstadt, Germany, Delivers Robust Q2 2026 Performance, Upgrades ...",https://www.emdgroup.com/en/news/q2-2026-06-08-2026.html,Merck - News & Stories / Newsroom / Stories,official,newsroom,공식출처,2026-08-06T00:00:00Z,2026-09-04T05:09:02Z,geopolitical; tariff,content,"imary driver, while several key Asian currencies continued to have a slightly negative effect on reported performance. In an environment of continued geopolitical volatility and ongoing global conflicts, Merck KGaA, Darmstadt, Germany, benefits from its longstanding region-for-region approach built on close customer relationships and deep local market expertise. The company deliv; € 5.9 billion and € 6.3 billion. This adjustment primarily reflects assumptions of stronger momentum in Life Science – including minor headwinds from tariff refunds to customers – and Electronics, while Healthcare demonstrated resilience in a challenging environment. The guidance assumes no sales of Mavenclad ® in the United Sates from August 2026 (previous forecast: from M",5,"공급망·지정학 리스크 대응 관련 표현이 content에서 발견되었습니다: geopolitical, tariff"
5,Cytiva,바이오,바이오의약품 생산용 배양 및 정제 시스템,3,resin,1,공급망·지정학 리스크 대응,특정지역 의존도 축소·공급망 다변화·규제 리스크 대응 등,Open Report of unscheduled material events or corporate event in HTML.,https://app.quotemedia.com/data/downloadFiling?webmasterId=101533&ref=320237260&type=HTML&symbol=DHR&cdn=c898b557e52916ddfb63d5a675223d01&companyName=Danaher+Corporation&formType=8-K&dateFiled=2026-08-03,Cytiva - Danaher SEC Filings / Regulatory Filings,official,filing,공식출처,2026-08-03T00:00:00Z,2026-09-04T05:09:02Z,geopolitical; tariff,content,"r our products and services, labor matters and our ability to recruit, retain and motivate talented employees, U.S. and non-U.S. economic, political, geopolitical, legal, compliance, social and business factors (including the impact of elections, regulatory and policy changes or uncertainty, government shutdowns and military conflicts such as the conflict in the Middle East), dis; factors include, among other things: our ability to retain key personnel, our ability to execute on growth and other opportunities, the impact of the tariffs and related actions implemented by the U.S. and other countries, the impact of our debt obligations (including debt we incurred to finance the acquisition of Masimo) on our operations and liquidity, deterioration of or",5,"공급망·지정학 리스크 대응 관련 표현이 content에서 발견되었습니다: geopolitical, tariff"
25,Applied Materials,반도체,nm급 W2W 하이브리드 본딩 장비,0,,1,공급망·지정학 리스크 대응,특정지역 의존도 축소·공급망 다변화·규제 리스크 대응 등,"Media Kits & Digital Assets ""> Media Kits & Digital Assets",https://www.appliedmaterials.com/us/en/newsroom/media-kit-digital-assets.html,Applied Materials - Applied Materials Newsroom / Newsroom / News,official,newsroom,공식출처,2026-06-25T00:00:00Z,2026-09-04T05:09:02Z,supply chain; supply-chain,content,"nouncement \r\n \r\n Applied Materials, Inc.&nbsp;is working with Apple and Texas Instruments (TI) to bolster the semiconductor manufacturing supply chain in&nbsp;the United States. Applied is supporting Apple’s partnership with TI, announced today, by supplying American-made chipmaking equipment from&nbsp;Austin, Texas&nbsp;to TI’s&nbsp;U.S.&nbsp;factories.&nbsp; \r\n""}}"" id=""ro",5,"공급망·지정학 리스크 대응 관련 표현이 content에서 발견되었습니다: supply chain, supply-chain"
5,Cytiva,바이오,바이오의약품 생산용 배양 및 정제 시스템,5,biopharma; bioprocess,1,공급망·지정학 리스크 대응,특정지역 의존도 축소·공급망 다변화·규제 리스크 대응 등,News Article Top six takeaways from the 2026 Danaher Summit 06.15.26,https://www.danaher.com/top-six-takeaways-2026-danaher-summit-bioprocessing,Cytiva - Danaher Newsroom / Newsroom / News,official,newsroom,공식출처,2026-06-15T00:00:00Z,2026-09-04T05:09:02Z,supply chain; supply-chain,content,"ier commitments and shared performance targets as part of doing business. Far from being separate from operational strategy, this is part of building supply chains resilient enough to support long-term innovation at scale. Progress toward net-zero goals, Summit participants agreed, accelerates when sustainability is wired into commercial relationships rather than managed alongsid",5,"공급망·지정학 리스크 대응 관련 표현이 content에서 발견되었습니다: supply chain, supply-chain"
25,Applied Materials,반도체,nm급 W2W 하이브리드 본딩 장비,0,,1,공급망·지정학 리스크 대응,특정지역 의존도 축소·공급망 다변화·규제 리스크 대응 등,Q2 2026 Applied Materials Earnings Conference Call,https://ir.appliedmaterials.com/events/event-details/q2-2026-applied-materials-earnings-conference-call,Applied Materials - Investor Relations / Investor Relations,official,ir,공식출처,2026-05-14T00:00:00Z,2026-09-04T05:09:02Z,geopolitical; tariff,content,"zations on a timely basis, if at all; changes in tariffs, any retaliatory measures, and our ability to mitigate the impact of tariffs; the effects of geopolitical turmoil or conflicts; demand for semiconductor chips and electronic devices; customers’ technology and capacity requirements; the introduction of new and innovative technologies, and the timing of technology transitions; ations, license requirements, and their interpretation, and our ability to obtain licenses or authorizations on a timely basis, if at all; changes in tariffs, any retaliatory measures, and our ability to mitigate the impact of tariffs; the effects of geopolitical turmoil or conflicts; demand for semiconductor chips and electronic devices; customers’ technology and capacity",5,"공급망·지정학 리스크 대응 관련 표현이 content에서 발견되었습니다: geopolitical, tariff"
49,Maxon,로봇,로봇용 감속기,3,gearbox,1,공급망·지정학 리스크 대응,특정지역 의존도 축소·공급망 다변화·규제 리스크 대응 등,maxon achieves a respectable result with CHF 594.7 million revenue despite challenging conditions,https://www.maxongroup.com/en/news-and-events/news/maxon-achieves-a-respectable-result-with-chf-594-7-million-revenue-despite-challenging-conditions-283946,Maxon - News / Newsroom / News,official,newsroom,공식출처,2025-01-01T00:00:00Z,2026-09-04T05:09:02Z,geopolitical,content,"solid liquidity reserve in 2024 – a reassuring position in economically and politically uncertain times. 2025 will also be challenging; economic and geopolitical imponderables are currently difficult to assess."" Eugen Elmiger, CEO of the maxon Group, says of the annual result: ""We began 2024 with optimism but had to quickly adjust our expectations. After several years of revenue",4,공급망·지정학 리스크 대응 관련 표현이 content에서 발견되었습니다: geopolitical
25,Applied Materials,반도체,nm급 W2W 하이브리드 본딩 장비,0,,2,생산 확대 및 다변화 의지,APAC 신규 시설 확장 검토·생산기지 타당성 조사 등,Applied Materials Announces Third Quarter 2026 Results,https://ir.appliedmaterials.com/news-releases/news-release-details/applied-materials-announces-third-quarter-2026-results,Applied Materials - Investor News Releases / Press Releases,official,press_release,공식보도자료,2026-08-13T00:00:00Z,2026-09-04T05:09:02Z,APAC; manufacturing capacity; manufacturing footprint,content,"ar, particularly in DRAM as well as leading-edge foundry-logic and advanced packaging. Looking further ahead, we are making additional manufacturing capacity investments to support projected demand through the end of the decade.” Results Summary Q3 FY2026 Q3 FY2025 Change (In millions, except per share amounts and percentages) Revenue $ 9,115 $ 7,302 25% Gross margin 50.3; the calendar year, particularly in DRAM as well as leading-edge foundry-logic and advanced packaging. Looking further ahead, we are making additional manufacturing capacity investments to support projected demand through the end of the decade.” Results Summary Q3 FY2026 Q3 FY2025 Change (In millions, except per share amounts and percentages) Revenue $ 9,115 $ 7,302 25% Gross margin 50.3 %; S$500 million Tampines Campus more than doubles Applied’s advanced cleanroom capacity in Singapore and strengthens the company’s global manufacturing footprint. Announced a long-term joint development agreement with EssilorLuxottica to accelerate the commercialization of next-generation intelligent optical systems for augmented reality and AI-powered smart eyewear. Published our latest Impa",7,"생산 확대 및 다변화 의지 관련 표현이 content에서 발견되었습니다: APAC, manufacturing capacity, manufacturing footprint"
16,Amkor Technology,반도체,반도체 후공정용 고성능 방열소재,0,,2,생산 확대 및 다변화 의지,APAC 신규 시설 확장 검토·생산기지 타당성 조사 등,Amkor Technology Announces Strategic Partnership with NVIDIA to Expand Advanced Packaging and Test for Next-Generation AI Infrastructure,https://ir.amkor.com/news-releases/news-release-details/amkor-technology-announces-strategic-partnership-nvidia-expand,Amkor Technology - Investor Press Releases / Press Releases,official,press_release,공식보도자료,2026-07-23T21:00:54Z,2026-09-04T05:09:02Z,APAC; capacity expansion; manufacturing footprint,content,"tion AI Infrastructure $1.5 Billion Multi-Year Advanced Packaging and Development Agreement to Support Expansion of Amkor’s U.S . Advanced Packaging Capacity TEMPE, Ariz. --(BUSINESS WIRE)--Jul. 23, 2026-- Amkor Technology, Inc. (Nasdaq: AMKR) today announced a multi-year strategic partnership with NVIDIA to develop advanced semiconductor packaging and test technologies f; lities to support critical AI infrastructure.” Spanning Asia and the United States , the NVIDIA–Amkor collaboration aligns technology development and capacity expansion to support the continued evolution of AI platforms. About Amkor Technology, Inc. Amkor Technology, Inc. (Nasdaq: AMKR) is the world’s largest U.S. headquartered OSAT and is a global leader in outsourced semiconductor pa; for AI infrastructure. NVIDIA’s capacity agreement supports Amkor’s expansion of U.S . capacity in Arizona , complementing the company’s established manufacturing footprint across Asia , to create a geographically diverse and resilient global supply chain. “AI is driving a generational shift in technology, transforming every industry and creating a unique opportunity to reinvigorate Americ",7,"생산 확대 및 다변화 의지 관련 표현이 content에서 발견되었습니다: APAC, capacity expansion, manufacturing footprint"
61,Air Liquide,화학소재,이온교환막 및 바이폴라 이온교환막,0,,2,생산 확대 및 다변화 의지,APAC 신규 시설 확장 검토·생산기지 타당성 조사 등,When tech makes an impact,https://www.airliquide.com/2025-integrated-annual-report,Air Liquide - Press Releases & News / Press Releases / News,official,press_release,공식보도자료,,2026-09-04T05:09:02Z,APAC; new plant; Asia Pacific,content,"ile reshoring and de-risking strategies are reshaping where and how critical materials are produced. The Group is strengthening its positions through new plants and long-term contracts, while also deepening execution capabilities through engineering expertise and targeted portfolio expansion. Read our special feature on Asia-Pacific The Americas: building scale, resilience, an",7,"생산 확대 및 다변화 의지 관련 표현이 content에서 발견되었습니다: APAC, new plant, Asia Pacific"
52,Nexeon,이차전지,실리콘 음극재 기술(증착형 Si-C),7,silicon anode; silicon-carbon; anode material; lithium-ion battery,2,생산 확대 및 다변화 의지,APAC 신규 시설 확장 검토·생산기지 타당성 조사 등,"National Wealth Fund backs Nexeon in £100m investment round August 31, 2026",https://www.nexeonglobal.com/media/national-wealth-fund-backs-nexeon-in-gbp100m-investment-round,Nexeon - Media / Newsroom / Media,official,newsroom,공식출처,2026-08-31T00:00:00Z,2026-09-04T05:09:02Z,APAC; manufacturing capacity; scale up; scale-up,content,"ing technology unit, creating a number of new highly skilled jobs. By investing in innovative battery technologies and expanding local manufacturing capacity, the Fund’s investment is helping to decarbonise supply chains, boost place-based investment, and strengthen sovereign capabilities — supporting all three of the National Wealth Fund’s strategic ambitions. Honda Xcel; nced manufacturing technology unit, creating a number of new highly skilled jobs. By investing in innovative battery technologies and expanding local manufacturing capacity, the Fund’s investment is helping to decarbonise supply chains, boost place-based investment, and strengthen sovereign capabilities — supporting all three of the National Wealth Fund’s strategic ambitions. Honda Xcelera; hium-ion batteries, helping to reduce charging times and extend the range of electric vehicles. The investment round supports the company’s continued scale-up and commercialisation activities and marks another key milestone in the pathway to high-volume manufacturing and global customer adoption. The National Wealth Fund’s financing will support Nexeon’s development of a UK-b",7,"생산 확대 및 다변화 의지 관련 표현이 content에서 발견되었습니다: APAC, manufacturing capacity, scale up, scale-up"
37,Merck,바이오,의약품용 부형제,4,formulation,2,생산 확대 및 다변화 의지,APAC 신규 시설 확장 검토·생산기지 타당성 조사 등,"Merck KGaA, Darmstadt, Germany, Delivers Robust Q2 2026 Performance, Upgrades ...",https://www.emdgroup.com/en/news/q2-2026-06-08-2026.html,Merck - News & Stories / Newsroom / Stories,official,newsroom,공식출처,2026-08-06T00:00:00Z,2026-09-04T05:09:02Z,APAC; capacity expansion; new manufacturing site; Asia Pacific,content,"ng and single-use solutions. Performance was broad-based across regions, including China. Growth was driven by strong underlying demand and customer capacity expansion, further supported by temporarily higher purchasing activity of customers in Asia-Pacific. Discovery Solutions, which supports research and early-stage discovery across biology, chemistry and analytical wor; ing and single-use solutions. Performance was broad-based across regions, including China. Growth was driven by strong underlying demand and customer capacity expansion, further supported by temporarily higher purchasing activity of customers in Asia-Pacific. Discovery Solutions, which supports research and early-stage discovery across biology, chemistry and analytical workflows, deliv; effects. EBITDA pre was € 700 million, an organic increase of 8.2% year-on-year. The company increased R&D expenses and startup costs associated with new manufacturing sites, for example in Blarney, Ireland , and in Daejeon, Korea , to support future growth and advance its region-for-region strategy. Process Solutions, which offers solutions for every step of pharmaceutical manufacturing,",7,"생산 확대 및 다변화 의지 관련 표현이 content에서 발견되었습니다: APAC, capacity expansion, new manufacturing site, Asia Pacific"
24,Ouster,로봇,로봇용 라이다,5,LiDAR; lidar,2,생산 확대 및 다변화 의지,APAC 신규 시설 확장 검토·생산기지 타당성 조사 등,GeoCue Elevates Survey-Grade Drone Mapping with Ouster's BABA-Compliant Native Color Rev8 Digital Lidar,https://investors.ouster.com/news-releases/news-release-details/geocue-elevates-survey-grade-drone-mapping-ousters-baba,Ouster - News Releases / Press Releases,official,press_release,공식보도자료,2026-09-02T11:00:23Z,2026-09-04T05:09:02Z,APAC; Asia Pacific,content,,6,"생산 확대 및 다변화 의지 관련 표현이 content에서 발견되었습니다: APAC, Asia Pacific"
34,Infineon,우주항공,위성통신 및 레이다용 RF 반도체,4,GaN,2,생산 확대 및 다변화 의지,APAC 신규 시설 확장 검토·생산기지 타당성 조사 등,Infineon and Tack One win SICC Award for Best Technological Collaboration,https://www.infineon.com/press-release/2026/infpr202608-133,Infineon - Press / Press Releases / Media,official,press_release,공식보도자료,2026-08-31T00:00:00Z,2026-09-04T05:09:02Z,APAC; Asia Pacific,content,"oyment in urban and rural communities, helping improve flood preparedness and climate resilience. Singapore – 31 August 2026 – Infineon Technologies Asia Pacific Pte Ltd and Tack One Pte Ltd have been recognized by Singapore International Chamber of Commerce (SICC) as the winner of the “Best Technological Collaboration” category and as a finalist in the “Most Sustainable Collabor",6,"생산 확대 및 다변화 의지 관련 표현이 content에서 발견되었습니다: APAC, Asia Pacific"
24,Ouster,로봇,로봇용 라이다,5,LiDAR; lidar,2,생산 확대 및 다변화 의지,APAC 신규 시설 확장 검토·생산기지 타당성 조사 등,"GUSS Automation, a wholly owned John Deere Subsidiary, Plans to Advance Precision Autonomy in High-Value Crops with Ouster's Next-Generation REV8 Digital Lidar",https://investors.ouster.com/news-releases/news-release-details/guss-automation-wholly-owned-john-deere-subsidiary-plans-advance,Ouster - News Releases / Press Releases,official,press_release,공식보도자료,2026-08-26T11:00:31Z,2026-09-04T05:09:02Z,APAC; Asia Pacific,content,,6,"생산 확대 및 다변화 의지 관련 표현이 content에서 발견되었습니다: APAC, Asia Pacific"
24,Ouster,로봇,로봇용 라이다,5,LiDAR; lidar,2,생산 확대 및 다변화 의지,APAC 신규 시설 확장 검토·생산기지 타당성 조사 등,Ouster BlueCity with REV8 Lidar Wins Multimillion-Dollar Utah Traffic Modernization Expansion,https://investors.ouster.com/news-releases/news-release-details/ouster-bluecity-rev8-lidar-wins-multimillion-dollar-utah-traffic,Ouster - News Releases / Press Releases,official,press_release,공식보도자료,2026-08-11T10:00:32Z,2026-09-04T05:09:02Z,APAC; Asia Pacific,content,,6,"생산 확대 및 다변화 의지 관련 표현이 content에서 발견되었습니다: APAC, Asia Pacific"
24,Ouster,로봇,로봇용 라이다,5,LiDAR; lidar,2,생산 확대 및 다변화 의지,APAC 신규 시설 확장 검토·생산기지 타당성 조사 등,Ouster Announces Upcoming Investor Events,https://investors.ouster.com/news-releases/news-release-details/ouster-announces-upcoming-investor-events-1,Ouster - News Releases / Press Releases,official,press_release,공식보도자료,2026-08-07T12:01:40Z,2026-09-04T05:09:02Z,APAC; Asia Pacific,content,,6,"생산 확대 및 다변화 의지 관련 표현이 content에서 발견되었습니다: APAC, Asia Pacific"
24,Ouster,로봇,로봇용 라이다,5,LiDAR; lidar,2,생산 확대 및 다변화 의지,APAC 신규 시설 확장 검토·생산기지 타당성 조사 등,Earnings Release,https://investors.ouster.com/news-releases/news-release-details/ouster-announces-results-second-quarter-2026,Ouster - Investor Relations / Investor Relations,official,press_release,공식보도자료,2026-08-06T20:06:06Z,2026-09-04T05:09:02Z,APAC; Asia Pacific,content,,6,"생산 확대 및 다변화 의지 관련 표현이 content에서 발견되었습니다: APAC, Asia Pacific"
7,West Pharmaceutical,바이오,Autoinjector/PFS 의약품 완충전 및 제조기술,5,injectable,2,생산 확대 및 다변화 의지,APAC 신규 시설 확장 검토·생산기지 타당성 조사 등,West Reports Second-Quarter 2026 Results,https://investor.westpharma.com/news-releases/news-release-details/west-reports-second-quarter-2026-results,West Pharmaceutical - Press Releases / Press Releases,official,press_release,공식보도자료,2026-07-23T10:00:44Z,2026-09-04T05:09:02Z,APAC; Asia Pacific,content,"te (Decline) (Non- U.S . GAAP) (6) 2026 2025 Americas $388.7 $349.7 11.2 % 0.6 % 10.6 % Europe , Middle East , Africa 399.8 349.7 14.3 % 2.2 % 12.1 % Asia Pacific 83.8 67.1 24.9 % (2.1) % 27.0 % Total $872.3 $766.5 13.8 % 1.1 % 12.7 % Six Months Ended June 30 , Reported Net Sales ( U.S . GAAP) Percent Change Impact of Currency Organic Net Sales Growth Rate (Decline) (Non- U.S . G",6,"생산 확대 및 다변화 의지 관련 표현이 content에서 발견되었습니다: APAC, Asia Pacific"
16,Amkor Technology,반도체,반도체 후공정용 고성능 방열소재,0,,2,생산 확대 및 다변화 의지,APAC 신규 시설 확장 검토·생산기지 타당성 조사 등,TSMC and Amkor Technology Announce Long Term Partnership to Accelerate Advanced Packaging in the United States,https://ir.amkor.com/news-releases/news-release-details/tsmc-and-amkor-technology-announce-long-term-partnership,Amkor Technology - Investor Press Releases / Press Releases,official,press_release,공식보도자료,2026-06-16T13:01:12Z,2026-09-04T05:09:02Z,APAC; expand capacity,content,"ablishes a collaboration framework for TSMC to procure from Amkor advanced packaging and testing services. By working together as partners to expand capacity, the companies aim to enable a more efficient, mutually beneficial operating model while strengthening their ability to support customers’ evolving requirements. As demand accelerates for high-performance computing,; ment establishes a collaboration framework for TSMC to procure from Amkor advanced packaging and testing services. By working together as partners to expand capacity, the companies aim to enable a more efficient, mutually beneficial operating model while strengthening their ability to support customers’ evolving requirements. As demand accelerates for high-performance computing, art",6,"생산 확대 및 다변화 의지 관련 표현이 content에서 발견되었습니다: APAC, expand capacity"
7,West Pharmaceutical,바이오,Autoinjector/PFS 의약품 완충전 및 제조기술,5,injectable,2,생산 확대 및 다변화 의지,APAC 신규 시설 확장 검토·생산기지 타당성 조사 등,"West Reports First-Quarter 2026 Results - Thu, 04/23/2026 - 06:00",https://investor.westpharma.com/news-releases/news-release-details/west-reports-first-quarter-2026-results,West Pharmaceutical - Financial Information / Financial Reports / Filings,official,press_release,공식보도자료,2026-04-23T10:00:43Z,2026-09-04T05:09:02Z,APAC; Asia Pacific,content,"e (Decline) (Non- U.S. GAAP) (4) 2026 2025 Americas $377.3 $338.9 11.3 % 0.5 % 10.8 % Europe , Middle East , Africa 399.4 306.9 30.1 % 12.2 % 17.9 % Asia Pacific 68.2 52.2 30.7 % 1.4 % 29.3 % Total $844.9 $698.0 21.0 % 5.7 % 15.3 % (4) Organic net sales exclude the impact from acquisitions and/or divestitures and translate the current-period reported sales of subsidiaries whose f",6,"생산 확대 및 다변화 의지 관련 표현이 content에서 발견되었습니다: APAC, Asia Pacific"
24,Ouster,로봇,로봇용 라이다,5,LiDAR; lidar,2,생산 확대 및 다변화 의지,APAC 신규 시설 확장 검토·생산기지 타당성 조사 등,"Ouster Acquires StereoLabs, Creating a World-Leading Physical AI Sensing and Perception Company",https://investors.ouster.com/news-releases/news-release-details/ouster-acquires-stereolabs-creating-world-leading-physical-ai,Ouster - News Releases / Press Releases,official,press_release,공식보도자료,2026-02-09T09:30:26Z,2026-09-04T05:09:02Z,APAC; Asia Pacific,content,,6,"생산 확대 및 다변화 의지 관련 표현이 content에서 발견되었습니다: APAC, Asia Pacific"
7,West Pharmaceutical,바이오,Autoinjector/PFS 의약품 완충전 및 제조기술,5,injectable,2,생산 확대 및 다변화 의지,APAC 신규 시설 확장 검토·생산기지 타당성 조사 등,"West Announces Second-Quarter 2025 Results and Fourth-Quarter 2025 Dividend, Updates Full-Year 2025 Guidance - Thu, 07/24/2025 - 06:00",https://investor.westpharma.com/news-releases/news-release-details/west-announces-second-quarter-2025-results-and-fourth-quarter,West Pharmaceutical - Financial Information / Financial Reports / Filings,official,press_release,공식보도자료,2025-07-24T10:00:38Z,2026-09-04T05:09:02Z,APAC; manufacturing capacity,content,"plans and customer decisions to move forward with our new products and product categories; disruptions or limitations in the Company's manufacturing capacity; average profitability, or mix, of the products we sell; dependence on third-party suppliers and partners; increased raw material, energy and labor costs; fluctuations in currency exchange; the ability to meet develo; manufacturing plans and customer decisions to move forward with our new products and product categories; disruptions or limitations in the Company's manufacturing capacity; average profitability, or mix, of the products we sell; dependence on third-party suppliers and partners; increased raw material, energy and labor costs; fluctuations in currency exchange; the ability to meet developme",6,"생산 확대 및 다변화 의지 관련 표현이 content에서 발견되었습니다: APAC, manufacturing capacity"
52,Nexeon,이차전지,실리콘 음극재 기술(증착형 Si-C),5,silicon-carbon; anode material,2,생산 확대 및 다변화 의지,APAC 신규 시설 확장 검토·생산기지 타당성 조사 등,"Nexeon Achieves ISO 9001 Certification for Gunsan Plant August 28, 2026",https://www.nexeonglobal.com/media/nexeon-achieves-iso-9001-certification-for-gunsan-plant,Nexeon - Media / Newsroom / Media,official,newsroom,공식출처,2026-08-28T00:00:00Z,2026-09-04T05:09:02Z,APAC; expand capacity; commercial production,content,"tery manufacturers and supports efficient integration into established battery supply chains. The plant has been designed to enable Nexeon to expand capacity through the systematic addition of reactors as customer demand grows. This provides a scalable platform for the company’s transition to high-volume production, and supports its position as a leading global supplier o; sian battery manufacturers and supports efficient integration into established battery supply chains. The plant has been designed to enable Nexeon to expand capacity through the systematic addition of reactors as customer demand grows. This provides a scalable platform for the company’s transition to high-volume production, and supports its position as a leading global supplier of s; scales. Dr Scott Brown, CEO of Nexeon, said: “Achieving ISO 9001 certification at Gunsan is an important step as we move from commissioning our first commercial production facility to supplying customers at scale. Quality and consistency are fundamental to our ability to support the world’s leading battery and automotive companies, and this certification demonstrates the strength of the s",6,"생산 확대 및 다변화 의지 관련 표현이 content에서 발견되었습니다: APAC, expand capacity, commercial production"
16,Amkor Technology,반도체,반도체 후공정용 고성능 방열소재,0,,2,생산 확대 및 다변화 의지,APAC 신규 시설 확장 검토·생산기지 타당성 조사 등,Arizona-Korea Semiconductor Delegation,https://amkor.com/blog/arizona-korea-semiconductor-delegation/,Amkor Technology - Corporate News / Newsroom / News,official,newsroom,공식출처,2026-08-13T00:00:00Z,2026-09-04T05:09:02Z,APAC; capacity expansion; manufacturing footprint,content,"industry. Across Amkor’s global manufacturing network, demand remains strong, with several packaging and test technologies operating at or near full capacity. In a number of cases, production lines are fully booked well in advance as customers secure capacity for future programs. These trends reflect the growing demand for advanced packaging and reinforce the importance o; stomers secure capacity for future programs. These trends reflect the growing demand for advanced packaging and reinforce the importance of continued capacity expansion across Amkor’s global footprint, including the company’s investment in Arizona. The delegation also reflects Arizona’s increasing prominence as a global semiconductor hub. Trade between Arizona and Korea has grown signi; by ongoing collaboration between industry leaders and economic development organizations in both regions. As Amkor continues to invest in its global manufacturing footprint and support customers around the world, the company remains focused on advancing semiconductor innovation, strengthening strategic partnerships and helping build a resilient semiconductor ecosystem that supports long-te",6,"생산 확대 및 다변화 의지 관련 표현이 content에서 발견되었습니다: APAC, capacity expansion, manufacturing footprint"
27,Prodrive,모빌리티,자율주행차 카메라/이미지 신호처리,0,,2,생산 확대 및 다변화 의지,APAC 신규 시설 확장 검토·생산기지 타당성 조사 등,5-11-2025 | Press release Prodrive Technologies inaugurates 4MW green hydrogen rectifier test facility,https://prodrive-technologies.com/en/about-us/news/prodrive-technologies-inaugurates-4mw-green-hydrogen-rectifier-test-facility/,Prodrive - Press-release Filter / Press Releases,official,press_release,공식보도자료,,2026-09-04T05:09:02Z,new facility,content,"ia production without compromising efficiency or grid compatibility.” The first factory acceptance testing has already concluded successfully at this new facility, after which Hydra systems have been delivered to one of the largest multinational oil and gas companies for further field testing. Prodrive technologies is a privately owned Dutch high-tech electronics developer and ma",5,생산 확대 및 다변화 의지 관련 표현이 content에서 발견되었습니다: new facility
54,HyproMag,철강금속,사용후 영구자석 고순도 희토류 추출,11,NdFeB; rare earth; magnet recycling; end-of-life magnet; neodymium; dysprosium; rare earth separation; NdFeB magnet,2,생산 확대 및 다변화 의지,APAC 신규 시설 확장 검토·생산기지 타당성 조사 등,Welcome to Mkango Resources Ltd.,https://mkango.ca/news/mkango-completes-acquisition-of-remloy/,HyproMag - Mkango 2026 News / News Archive RSS,official,newsroom,공식출처,2026-08-31T12:33:45Z,2026-09-04T05:09:02Z,APAC; scale up; scale-up,content,"s to produce sintered magnets, and to Mkango Rare Earths UK’s long loop recycling process, to produce mixed rare earth carbonates and oxides. Target capacity is at least 500 tonnes per year of NdFeB alloy powder. Highlights Fully commissioned production facility, supported by significant investment in equipment and feedstock to date, providing a strong foundation for curr; dstock for Remloy and HyProMag, thereby helping to underpin their respective growth strategies, and providing future trading opportunities. Targeting scale-up to full capacity over the next few years with current focus on small scale production for product optimisation and initial sales, sample generation for customers and ongoing offtake discussions to support scale-up of op",5,"생산 확대 및 다변화 의지 관련 표현이 content에서 발견되었습니다: APAC, scale up, scale-up"
49,Maxon,로봇,로봇용 감속기,3,gearbox,2,생산 확대 및 다변화 의지,APAC 신규 시설 확장 검토·생산기지 타당성 조사 등,maxon achieves a respectable result with CHF 594.7 million revenue despite challenging conditions,https://www.maxongroup.com/en/news-and-events/news/maxon-achieves-a-respectable-result-with-chf-594-7-million-revenue-despite-challenging-conditions-283946,Maxon - News / Newsroom / News,official,newsroom,공식출처,2025-01-01T00:00:00Z,2026-09-04T05:09:02Z,APAC; Asia Pacific,content,,5,"생산 확대 및 다변화 의지 관련 표현이 content에서 발견되었습니다: APAC, Asia Pacific"
40,Evonik Industries,화학소재,타이어용 친환경 침강실리카 제조기술,5,precipitated silica,2,생산 확대 및 다변화 의지,APAC 신규 시설 확장 검토·생산기지 타당성 조사 등,"August 04, 2026 Company Evonik reports strong second quarter Essen, Germany. As announced on June 26, Evonik delivered strong earnings in the second quarter. The ongoing conflict in the Middle East caused supply chain bottlenecks, mainly outside Europe, resulting in an economic windfall.",https://www.evonik.com/en/news/press-releases/2026/08/q2-2026.html,Evonik Industries - Media / Newsroom / Media,official,press_release,공식보도자료,2026-08-04T00:00:00Z,2026-09-04T05:09:02Z,APAC,content,". Sales increased considerably. In the Organics business, crosslinkers posted a positive development as a result of competitors’ supply bottlenecks. Capacities for high-performance polymers were ramped up further in response to improved demand. Overall, the Organics business registered a considerable rise in sales. Slightly higher sales were posted by the Inorganics busin",4,생산 확대 및 다변화 의지 관련 표현이 content에서 발견되었습니다: APAC
5,Cytiva,바이오,바이오의약품 생산용 배양 및 정제 시스템,4,resin,2,생산 확대 및 다변화 의지,APAC 신규 시설 확장 검토·생산기지 타당성 조사 등,Danaher Appoints Julie Sawyer Montgomery as President and Chief Executive Officer,https://investors.danaher.com/2026-08-03-Danaher-Appoints-Julie-Sawyer-Montgomery-as-President-and-Chief-Executive-Officer,Cytiva - Danaher Investor Relations / Investor Relations RSS,official,press_release,공식보도자료,2026-08-03T20:15:00Z,2026-09-04T05:09:02Z,APAC,content,"luding intellectual property and environmental, health and safety matters, the rights of the United States government with respect to our production capacity in times of national emergency or with respect to intellectual property/production capacity developed using government funding, risks relating to product, service or software defects, product liability and recalls, r",4,생산 확대 및 다변화 의지 관련 표현이 content에서 발견되었습니다: APAC
16,Amkor Technology,반도체,반도체 후공정용 고성능 방열소재,0,,2,생산 확대 및 다변화 의지,APAC 신규 시설 확장 검토·생산기지 타당성 조사 등,Amkor Technology Reports Financial Results for the Second Quarter 2026,https://ir.amkor.com/news-releases/news-release-details/amkor-technology-reports-financial-results-second-quarter-2026,Amkor Technology - Investor Press Releases / Press Releases,official,press_release,공식보도자료,2026-07-27T20:03:28Z,2026-09-04T05:09:02Z,APAC,content,"ips across the semiconductor ecosystem, advanced key customer programs in AI and HPC, and continued the expansion of our Advanced packaging and test capacity. We expect these actions will strengthen our competitive position, increase our earnings power, and create sustainable shareholder value.” Quarterly Financial Results ($ in millions, except per share data) Q2 2026 Q1",4,생산 확대 및 다변화 의지 관련 표현이 content에서 발견되었습니다: APAC
16,Amkor Technology,반도체,반도체 후공정용 고성능 방열소재,0,,3,투자 재원 확보,대규모 회사채 발행·유상증자·신용공여 조달 등,Amkor Technology Reports Financial Results for the Second Quarter 2026,https://ir.amkor.com/news-releases/news-release-details/amkor-technology-reports-financial-results-second-quarter-2026,Amkor Technology - Investor Press Releases / Press Releases,official,press_release,공식보도자료,2026-07-27T20:03:28Z,2026-09-04T05:09:02Z,convertible notes; funding; liquidity; capital expenditure,content,"ems; restrictive covenants in the indentures and agreements governing our current and future indebtedness; our substantial indebtedness; terms of our convertible notes could delay or prevent an otherwise beneficial takeover of us, may dilute the ownership interest of existing stockholders or may otherwise adversely affect the price of our common stock; the capped call transactions ent; industry; dependence on key customers or concentration of customers in certain end markets, such as mobile communications and automotive; difficulty funding our liquidity needs; challenges with integrating diverse operations; dependence on international factories and operations, and risks relating to trade restrictions and regional conflict, including restrictive trade barr; ependence on key customers or concentration of customers in certain end markets, such as mobile communications and automotive; difficulty funding our liquidity needs; challenges with integrating diverse operations; dependence on international factories and operations, and risks relating to trade restrictions and regional conflict, including restrictive trade barriers, export c",8,"투자 재원 확보 관련 표현이 content에서 발견되었습니다: convertible notes, funding, liquidity, capital expenditure"
5,Cytiva,바이오,바이오의약품 생산용 배양 및 정제 시스템,3,resin,3,투자 재원 확보,대규모 회사채 발행·유상증자·신용공여 조달 등,Open Report of unscheduled material events or corporate event in HTML.,https://app.quotemedia.com/data/downloadFiling?webmasterId=101533&ref=320237260&type=HTML&symbol=DHR&cdn=c898b557e52916ddfb63d5a675223d01&companyName=Danaher+Corporation&formType=8-K&dateFiled=2026-08-03,Cytiva - Danaher SEC Filings / Regulatory Filings,official,filing,공식출처,2026-08-03T00:00:00Z,2026-09-04T05:09:02Z,senior notes; funding; liquidity,content,"Act: Title of each class Trading Symbol(s) Name of each exchange on which registered Common stock, $0.01 par value DHR New York Stock Exchange 2.100% Senior Notes due 2026 DHR 26 New York Stock Exchange 1.200% Senior Notes due 2027 DHR/27 New York Stock Exchange 0.450% Senior Notes due 2028 DHR/28 New York Stock Exchange Floating Rate Senior Notes due 2028 DHR 28 New York Stock E; ect to our production capacity in times of national emergency or with respect to intellectual property/production capacity developed using government funding, risks relating to product, service or software defects, product liability and recalls, risks relating to our manufacturing operations, the impact of climate change, legal or regulatory measures to address climate chang; U.S. and other countries, the impact of our debt obligations (including debt we incurred to finance the acquisition of Masimo) on our operations and liquidity, deterioration of or instability in the global economy, the markets we serve and the financial markets, uncertainties with respect to the development, deployment, and use of artificial intelligence in our business and p",6,"투자 재원 확보 관련 표현이 content에서 발견되었습니다: senior notes, funding, liquidity"
25,Applied Materials,반도체,nm급 W2W 하이브리드 본딩 장비,0,,3,투자 재원 확보,대규모 회사채 발행·유상증자·신용공여 조달 등,Applied Materials Announces Third Quarter 2026 Results,https://ir.appliedmaterials.com/news-releases/news-release-details/applied-materials-announces-third-quarter-2026-results,Applied Materials - Investor News Releases / Press Releases,official,press_release,공식보도자료,2026-08-13T00:00:00Z,2026-09-04T05:09:02Z,capital expenditure,content,"iabilities 14 588 (1,877 ) (1,458 ) Cash provided by operating activities 3,037 2,634 5,568 5,130 Cash flows from investing activities: Capital expenditures (707 ) (584 ) (1,988 ) (1,475 ) Cash paid for acquisitions, net of cash acquired (87 ) — (262 ) (29 ) Proceeds from asset sale — — 6 33 Proceeds from sales and maturities of investments 1,351 793 4,585 3,937 Purchases of investments",5,투자 재원 확보 관련 표현이 content에서 발견되었습니다: capital expenditure
5,Cytiva,바이오,바이오의약품 생산용 배양 및 정제 시스템,4,resin,3,투자 재원 확보,대규모 회사채 발행·유상증자·신용공여 조달 등,Danaher Appoints Julie Sawyer Montgomery as President and Chief Executive Officer,https://investors.danaher.com/2026-08-03-Danaher-Appoints-Julie-Sawyer-Montgomery-as-President-and-Chief-Executive-Officer,Cytiva - Danaher Investor Relations / Investor Relations RSS,official,press_release,공식보도자료,2026-08-03T20:15:00Z,2026-09-04T05:09:02Z,funding; liquidity,content,"ect to our production capacity in times of national emergency or with respect to intellectual property/production capacity developed using government funding, risks relating to product, service or software defects, product liability and recalls, risks relating to our manufacturing operations, the impact of climate change, legal or regulatory measures to address climate chang; U.S. and other countries, the impact of our debt obligations (including debt we incurred to finance the acquisition of Masimo) on our operations and liquidity, deterioration of or instability in the global economy, the markets we serve and the financial markets, uncertainties with respect to the development, deployment, and use of artificial intelligence in our business and p",5,"투자 재원 확보 관련 표현이 content에서 발견되었습니다: funding, liquidity"
7,West Pharmaceutical,바이오,Autoinjector/PFS 의약품 완충전 및 제조기술,5,injectable,3,투자 재원 확보,대규모 회사채 발행·유상증자·신용공여 조달 등,West Reports Second-Quarter 2026 Results,https://investor.westpharma.com/news-releases/news-release-details/west-reports-second-quarter-2026-results,West Pharmaceutical - Press Releases / Press Releases,official,press_release,공식보도자료,2026-07-23T10:00:44Z,2026-09-04T05:09:02Z,capital expenditure,content,"Diluted earnings per share (""EPS"") of $2.15 increased 18.1%. Adjusted-diluted EPS of $2.37 increased 28.8%. Operating cash flow was $213.9 million . Capital expenditures were $85.9 million . Free cash flow (defined as operating cash flow less capital expenditures) was $128.0 million . During the first six months of 2026, the Company repurchased 1.8 million shares for $454.3 million at",5,투자 재원 확보 관련 표현이 content에서 발견되었습니다: capital expenditure
7,West Pharmaceutical,바이오,Autoinjector/PFS 의약품 완충전 및 제조기술,5,injectable,3,투자 재원 확보,대규모 회사채 발행·유상증자·신용공여 조달 등,"West Reports First-Quarter 2026 Results - Thu, 04/23/2026 - 06:00",https://investor.westpharma.com/news-releases/news-release-details/west-reports-first-quarter-2026-results,West Pharmaceutical - Financial Information / Financial Reports / Filings,official,press_release,공식보도자료,2026-04-23T10:00:43Z,2026-09-04T05:09:02Z,capital expenditure,content,". Diluted earnings per share (""EPS"") of $1.92 increased 56.1%. Adjusted-diluted EPS of $2.13 increased 46.9%. Operating cash flow was $89.9 million . Capital expenditures were $42.7 million . Free cash flow (defined as operating cash flow less capital expenditures) was $47.2 million . The Company repurchased 1.2 million shares for $297.6 million at an average price of $243.57 per share",5,투자 재원 확보 관련 표현이 content에서 발견되었습니다: capital expenditure
7,West Pharmaceutical,바이오,Autoinjector/PFS 의약품 완충전 및 제조기술,5,injectable,3,투자 재원 확보,대규모 회사채 발행·유상증자·신용공여 조달 등,"West Announces Second-Quarter 2025 Results and Fourth-Quarter 2025 Dividend, Updates Full-Year 2025 Guidance - Thu, 07/24/2025 - 06:00",https://investor.westpharma.com/news-releases/news-release-details/west-announces-second-quarter-2025-results-and-fourth-quarter,West Pharmaceutical - Financial Information / Financial Reports / Filings,official,press_release,공식보도자료,2025-07-24T10:00:38Z,2026-09-04T05:09:02Z,capital expenditure,content,"devices. Financial Highlights (first six months of 2025) Operating cash flow was $306.5 million , an increase of 8.2% over the same period last year. Capital expenditures were $146.5 million , a decrease of 23.2% over the same period last year. Free cash flow (operating cash flow minus capital expenditures) was $160.0 million , an increase from the first six months 2024 free cash flow o",5,투자 재원 확보 관련 표현이 content에서 발견되었습니다: capital expenditure
9,Albemarle,이차전지,"양극재 소재(수산화리튬, 탄산리튬)",6,lithium carbonate; lithium; spodumene,3,투자 재원 확보,대규모 회사채 발행·유상증자·신용공여 조달 등,"Press Releases August 05, 2026 Albemarle Reports Second Quarter 2026 Results CHARLOTTE, N.C., Aug. 5, 2026 /PRNewswire/ -- Albemarle Corporation (NYSE: ALB), a global leader in providing essential elements for mobility, energy, connectivity and health, today announced its results for the second quarter ended June 30, 2026. Second Quarter 2026 and Recent Highlights (Unless",https://www.albemarle.com/us/en/news/albemarle-reports-second-quarter-2026-results,Albemarle - Newsroom / Newsroom / News,official,newsroom,공식출처,2026-08-05T00:00:00Z,2026-09-04T05:09:02Z,liquidity; capital expenditure,content,"eriod. Capital expenditures of $170 million in the first six months of 2026 decreased by $132 million versus the prior-year period. Balance Sheet and Liquidity As of June&nbsp;30, 2026, Albemarle had estimated liquidity of approximately $3.2 billion, including $1.6 billion of cash and cash equivalents, $1.5 billion available under our revolver and $78 million available under o; ume related to the fire at Talison CGP3 which occurred on June 9, in part due to better-than-planned output from the Wodgina mine. Reducing full-year capital expenditure forecast to approximately $500 million due to ongoing capital efficiency improvements. (a) See Non-GAAP&nbsp;Reconciliations for further details. ""Albemarle delivered another quarter of strong results, reflecting improv",5,"투자 재원 확보 관련 표현이 content에서 발견되었습니다: liquidity, capital expenditure"
4,Charles River,바이오,바이러스 검증 및 MCB/WCB 특성분석,9,NGS; next-generation sequencing; next generation sequencing; gene therapy; PathoQuest,3,투자 재원 확보,대규모 회사채 발행·유상증자·신용공여 조달 등,Charles River Laboratories Announces Second-Quarter 2026 Results,https://ir.criver.com/news-releases/news-release-details/charles-river-laboratories-announces-second-quarter-2026-results,Charles River - News Releases / Press Releases,official,press_release,공식보도자료,2026-08-05T11:00:57Z,2026-09-04T05:09:02Z,funding,content,"ments in our portfolio; market and industry conditions including the outsourcing of services and identification of spending trends by our clients and funding available to them; ability to gain market share and capitalize on business and growth opportunities; the impact of our restructuring initiatives, including annualized savings; and the impact of our stock repurchase auth",4,투자 재원 확보 관련 표현이 content에서 발견되었습니다: funding
23,3M,화학소재,이온교환막 및 바이폴라 이온교환막,0,,3,투자 재원 확보,대규모 회사채 발행·유상증자·신용공여 조달 등,3M Reports Second-Quarter 2026 Results; Increases Full-Year Guidance,https://investors.3m.com/news-events/press-releases/detail/1938/3m-reports-second-quarter-2026-results-increases-full-year,3M - Investor Relations / Investor Relations,official,press_release,공식보도자료,2026-07-21T06:30:00Z,2026-09-04T05:09:02Z,funding,content,"uctivity improvements, as well as the impact of organizational restructuring activities, (13) financial market risks that may affect the Company's funding obligations under defined benefit pension and postretirement plans, (14) the Company's credit ratings and its cost of funding, (15) tax-related external conditions, including changes in tax rates, laws, or regulations, (16",4,투자 재원 확보 관련 표현이 content에서 발견되었습니다: funding
44,Umicore,이차전지,"양극재 소재(수산화리튬, 탄산리튬)",5,cathode material; battery material,3,투자 재원 확보,대규모 회사채 발행·유상증자·신용공여 조달 등,Half Year Results 2026,https://www.umicore.com/en/media/newsroom/half-year-results-2026/,Umicore - Investor Relations / Investor Relations,official,ir,공식출처,2026-07-31T05:30:00Z,2026-09-04T05:09:02Z,capital expenditure,content,"sus 4.4 for H1 2025 Turning earnings into cash while maintaining rigorous capital discipline and efficiency focus Efficiency measures of € 60 million Capital expenditures of € 130 million Cash flow from operations of € 433 million and Free Operating Cash Flow of € 295 million Net Debt at € 1.5 billion, corresponding to a Net Debt/LTM adj. EBITDA ratio of 1.52x Upgrading guidance to slig",4,투자 재원 확보 관련 표현이 content에서 발견되었습니다: capital expenditure
43,EMM(Umicore),이차전지,실리콘 음극재 기술(증착형 Si-C),5,silicon-carbon; anode material,3,투자 재원 확보,대규모 회사채 발행·유상증자·신용공여 조달 등,Q1 and outlook 2026,https://www.umicore.com/en/media/newsroom/strong-start-of-the-year-sets-umicore-up-for-solid-2026-performance/,EMM(Umicore) - Umicore Investor Relations / Investor Relations,official,ir,공식출처,2026-04-30T15:40:00Z,2026-09-04T05:09:02Z,capital expenditure,content,"y reflect take-or-pay compensations 4 for volume shortfall. Umicore is executing its standalone mid-term plan, reducing its cost base and keeping its capital expenditures closely managed. Capital expenditures are anticipated to slightly increase versus 2025 driven by selective high-quality growth investments in the foundation businesses while maintaining a focus on strict capital alloca",4,투자 재원 확보 관련 표현이 content에서 발견되었습니다: capital expenditure
44,Umicore,이차전지,"양극재 소재(수산화리튬, 탄산리튬)",6,cathode material; lithium; battery material,3,투자 재원 확보,대규모 회사채 발행·유상증자·신용공여 조달 등,Q1 and outlook 2026,https://www.umicore.com/en/media/newsroom/strong-start-of-the-year-sets-umicore-up-for-solid-2026-performance/,Umicore - Investor Relations / Investor Relations,official,ir,공식출처,2026-04-30T15:40:00Z,2026-09-04T05:09:02Z,capital expenditure,content,"y reflect take-or-pay compensations 4 for volume shortfall. Umicore is executing its standalone mid-term plan, reducing its cost base and keeping its capital expenditures closely managed. Capital expenditures are anticipated to slightly increase versus 2025 driven by selective high-quality growth investments in the foundation businesses while maintaining a focus on strict capital alloca",4,투자 재원 확보 관련 표현이 content에서 발견되었습니다: capital expenditure
44,Umicore,이차전지,"양극재 소재(수산화리튬, 탄산리튬)",7,cathode material; lithium; battery material; precursor,3,투자 재원 확보,대규모 회사채 발행·유상증자·신용공여 조달 등,Full Year Results 2025,https://www.umicore.com/en/media/newsroom/full-year-results-2025/,Umicore - Investor Relations / Investor Relations,official,ir,공식출처,2026-02-20T06:30:00Z,2026-09-04T05:09:02Z,capital expenditure,content,"loyees of 4.5 per 1 million exposure hours Enhanced focus on capital discipline and performance Efficiency measures of € 100 million, target achieved Capital expenditures limited to € 310 million Cash flow from operations of € 849 million and Free Operating Cash Flow of € 524 million Net Debt at € 1.4 billion, corresponding to a Net Debt/LTM Adj EBITDA ratio of 1.60x Optimization of gol",4,투자 재원 확보 관련 표현이 content에서 발견되었습니다: capital expenditure
4,Charles River,바이오,바이러스 검증 및 MCB/WCB 특성분석,9,NGS; next-generation sequencing; next generation sequencing; gene therapy; PathoQuest,4,기술 생태계 밀착(R&D),공동연구·기술 라이선싱·PoC 매칭·지분투자 등,Charles River Laboratories Announces Second-Quarter 2026 Results,https://ir.criver.com/news-releases/news-release-details/charles-river-laboratories-announces-second-quarter-2026-results,Charles River - News Releases / Press Releases,official,press_release,공식보도자료,2026-08-05T11:00:57Z,2026-09-04T05:09:02Z,R&D; research and development; equity investment,content,"onships, the Company has joined Eli Lilly's TuneLab AI/ML platform by providing non-clinical testing expertise to optimize drug discovery and advance R&D modernization efforts. Additionally, it has collaborated with Arovella Therapeutics to provide in vitro Next Generation Sequencing (NGS) services, which was added through the PathoQuest acquisition. This collaboration w; cquire, and risks and uncertainties associated with businesses that we acquire; the timing and magnitude of our share repurchases; negative trends in research and development spending, negative trends in the level of outsourced services, or other cost reduction actions by our clients; the ability to convert backlog to revenue; demand and booking trends; special interest groups; contamination; other costs associated with our restructuring initiatives; investment gains or losses associated with our venture capital and certain other strategic equity investments; certain legal costs and adjustments related to an NHP inventory charge in our DSA segment related to now concluded U.S . government investigations into the NHP supply chain; legal and advisory costs related to enterin",7,"기술 생태계 밀착(R&D) 관련 표현이 content에서 발견되었습니다: R&D, research and development, equity investment"
27,Prodrive,모빌리티,자율주행차 카메라/이미지 신호처리,0,,4,기술 생태계 밀착(R&D),공동연구·기술 라이선싱·PoC 매칭·지분투자 등,1-12-2025 | Press release Prodrive Technologies takes €40 million EIB loan to boost R&D in new technologies,https://prodrive-technologies.com/en/about-us/news/prodrive-technologies-takes-40-million-eib-loan-to-boost-rd-in-new-technologies-1/,Prodrive - Press-release Filter / Press Releases,official,press_release,공식보도자료,,2026-09-04T05:09:02Z,R&D; research and development; strategic partnership,title; content,"Skip to content 1-12-2025 | Press release Prodrive Technologies takes €40 million EIB loan to boost R&D in new technologies LUXEMBOURG/SON (1 December, 2025)&nbsp; Dutch-based Prodrive Technologies has signed a €40 million lending agreement with the European Investment Bank (EIB). The financing will advance Prodrive Techn; gnal that we want to support homegrown technology in support of Europe’s strategic autonomy.” stated EIB vice president Robert de Groot . “Prodrive’s research and development are complementary to the EU Chips Act, while also providing perspective for technologies that enable green growth. It’s important to make sure that European companies can grow, thrive and expand here in the EU and we’re; 76 151 | nadia.van.sinten@prodrive-technologies.com Related articles 20-05-2026 | Press release Prodrive Technologies and Fortaegis Technologies sign strategic partnership agreement 1-05-2026 | Press release Prodrive Technologies appoints Mark Roeloffzen as new Chief Executive Officer 1-04-2026 | Press release Prodrive Technologies announces 2025 financial results 5-11-2025 | Press releas",7,"기술 생태계 밀착(R&D) 관련 표현이 title, content에서 발견되었습니다: R&D, research and development, strategic partnership"
25,Applied Materials,반도체,nm급 W2W 하이브리드 본딩 장비,0,,4,기술 생태계 밀착(R&D),공동연구·기술 라이선싱·PoC 매칭·지분투자 등,Applied Materials Announces Third Quarter 2026 Results,https://ir.appliedmaterials.com/news-releases/news-release-details/applied-materials-announces-third-quarter-2026-results,Applied Materials - Investor News Releases / Press Releases,official,press_release,공식보도자료,2026-08-13T00:00:00Z,2026-09-04T05:09:02Z,R&D; joint development,content,"n-GAAP gross margin 50.4 percent GAAP EPS $3.17 and record non-GAAP EPS $3.50 , up 43 percent and 41 percent year over year, respectively EPIC Center R&D partnerships expand to 11 engagements with leading chipmakers, universities and innovation partners SANTA CLARA, Calif. , Aug. 13, 2026 (GLOBE NEWSWIRE) -- Applied Materials, Inc. (NASDAQ: AMAT) today reported results f; Applied’s advanced cleanroom capacity in Singapore and strengthens the company’s global manufacturing footprint. Announced a long-term joint development agreement with EssilorLuxottica to accelerate the commercialization of next-generation intelligent optical systems for augmented reality and AI-powered smart eyewear. Published our latest Impact Report highlighting how Applied is pro",6,"기술 생태계 밀착(R&D) 관련 표현이 content에서 발견되었습니다: R&D, joint development"
25,Applied Materials,반도체,nm급 W2W 하이브리드 본딩 장비,0,,4,기술 생태계 밀착(R&D),공동연구·기술 라이선싱·PoC 매칭·지분투자 등,UC Berkeley to Join Applied Materials’ EPIC Center to Speed Chip Innovation,https://ir.appliedmaterials.com/news-releases/news-release-details/uc-berkeley-join-applied-materials-epic-center-speed-chip,Applied Materials - Investor News Releases / Press Releases,official,press_release,공식보도자료,2026-08-11T00:00:00Z,2026-09-04T05:09:02Z,R&D; research collaboration,content,"with Applied’s state-of-the-art equipment and process integration expertise Located in Silicon Valley , Applied’s EPIC Center provides industry-scale R&D environment with access to cutting-edge chipmaking equipment to enable rapid co-innovation and faster commercialization SANTA CLARA, Calif. , Aug. 11, 2026 (GLOBE NEWSWIRE) -- Applied Materials, Inc. today announced tha; f the Semiconductor Products Group at Applied Materials. “Few institutions have shaped modern chipmaking as profoundly as UC Berkeley . Expanding our research collaboration at the EPIC Center strengthens the lab-to-fab innovation pipeline and gives us a powerful platform for developing the semiconductor talent the industry will depend on for decades to come.” Research universities generate",6,"기술 생태계 밀착(R&D) 관련 표현이 content에서 발견되었습니다: R&D, research collaboration"
16,Amkor Technology,반도체,반도체 후공정용 고성능 방열소재,0,,4,기술 생태계 밀착(R&D),공동연구·기술 라이선싱·PoC 매칭·지분투자 등,Amkor Technology Reports Financial Results for the Second Quarter 2026,https://ir.amkor.com/news-releases/news-release-details/amkor-technology-reports-financial-results-second-quarter-2026,Amkor Technology - Investor Press Releases / Press Releases,official,press_release,공식보도자료,2026-07-27T20:03:28Z,2026-09-04T05:09:02Z,research and development; strategic partnership,content,",579,375 1,329,495 3,025,044 2,493,487 Gross profit 318,590 181,897 557,622 339,480 Selling, general and administrative 78,904 47,922 175,891 128,330 Research and development 39,832 42,008 81,590 87,660 Total operating expenses 118,736 89,930 257,481 215,990 Operating income 199,854 91,967 300,141 123,490 Interest expense 16,971 16,810 34,681 33,619 Other (income) expense, net (20,292 ) (8,0; uting and Automotive & Industrial end markets,” said Kevin Engel , president and chief executive officer. “During the first half of 2026, we expanded strategic partnerships across the semiconductor ecosystem, advanced key customer programs in AI and HPC, and continued the expansion of our Advanced packaging and test capacity. We expect these actions will strengthen our competitive positio",6,"기술 생태계 밀착(R&D) 관련 표현이 content에서 발견되었습니다: research and development, strategic partnership"
27,Prodrive,모빌리티,자율주행차 카메라/이미지 신호처리,0,,4,기술 생태계 밀착(R&D),공동연구·기술 라이선싱·PoC 매칭·지분투자 등,1-05-2026 | Press release Prodrive Technologies appoints Mark Roeloffzen as new Chief Executive Officer,https://prodrive-technologies.com/en/about-us/news/prodrive-technologies-appoints-mark-roeloffzen-as-new-chief-executive-officer/,Prodrive - Press-release Filter / Press Releases,official,press_release,공식보도자료,2026-06-01T00:00:00Z,2026-09-04T05:09:02Z,R&D; strategic partnership,content,"emiconductors and Nexperia. At Nexperia, Mark served as an Executive and General Manager of a global Business Group, combining strategic, commercial, R&D, and operational responsibility with full P&L ownership. Across these roles, he built a strong track record in scaling technology‑driven organizations, navigating complex global markets, and aligning innovation with lon; g subsidiaries in Malaysia and South-Korea in 2026. Related articles 20-05-2026 | Press release Prodrive Technologies and Fortaegis Technologies sign strategic partnership agreement 1-04-2026 | Press release Prodrive Technologies announces 2025 financial results 1-12-2025 | Press release Prodrive Technologies takes €40 million EIB loan to boost R&D in new technologies 5-11-2025 | Press re",6,"기술 생태계 밀착(R&D) 관련 표현이 content에서 발견되었습니다: R&D, strategic partnership"
27,Prodrive,모빌리티,자율주행차 카메라/이미지 신호처리,0,,4,기술 생태계 밀착(R&D),공동연구·기술 라이선싱·PoC 매칭·지분투자 등,20-05-2026 | Press release Prodrive Technologies and Fortaegis Technologies sign strategic partnership agreement,https://prodrive-technologies.com/en/about-us/news/prodrive-technologies-and-fortaegis-technologies-sign-strategic-partnership-agreement/,Prodrive - Press-release Filter / Press Releases,official,press_release,공식보도자료,,2026-09-04T05:09:02Z,R&D; strategic partnership,title; content; url,"ss release Prodrive Technologies announces 2025 financial results 1-12-2025 | Press release Prodrive Technologies takes €40 million EIB loan to boost R&D in new technologies 5-11-2025 | Press release Prodrive Technologies inaugurates 4MW green hydrogen rectifier test facility 23-09-2025 | Press release Change in executive management at Prodrive Technologies 13-05-2025 |; Skip to content 20-05-2026 | Press release Prodrive Technologies and Fortaegis Technologies sign strategic partnership agreement Son, the Netherlands, May 2026 – Prodrive Technologies Group B.V. (“Prodrive Technologies”) and Fortaegis Technologies B.V. have signed a strategic partnership agreement to support the development, industriali",6,"기술 생태계 밀착(R&D) 관련 표현이 title, content, url에서 발견되었습니다: R&D, strategic partnership"
27,Prodrive,모빌리티,자율주행차 카메라/이미지 신호처리,0,,4,기술 생태계 밀착(R&D),공동연구·기술 라이선싱·PoC 매칭·지분투자 등,1-04-2026 | Press release Prodrive Technologies announces 2025 financial results,https://prodrive-technologies.com/en/about-us/news/prodrive-technologies-announces-2025-financial-results/,Prodrive - Press-release Filter / Press Releases,official,press_release,공식보도자료,,2026-09-04T05:09:02Z,R&D; strategic partnership,content,"hnologies appoints Mark Roeloffzen as new Chief Executive Officer 1-12-2025 | Press release Prodrive Technologies takes €40 million EIB loan to boost R&D in new technologies 5-11-2025 | Press release Prodrive Technologies inaugurates 4MW green hydrogen rectifier test facility 23-09-2025 | Press release Change in executive management at Prodrive Technologies 13-05-2025 |; subsidiaries in Europe, the U.S., China, and Japan. Related articles 20-05-2026 | Press release Prodrive Technologies and Fortaegis Technologies sign strategic partnership agreement 1-05-2026 | Press release Prodrive Technologies appoints Mark Roeloffzen as new Chief Executive Officer 1-12-2025 | Press release Prodrive Technologies takes €40 million EIB loan to boost R&D in new technologi",6,"기술 생태계 밀착(R&D) 관련 표현이 content에서 발견되었습니다: R&D, strategic partnership"
27,Prodrive,모빌리티,자율주행차 카메라/이미지 신호처리,0,,4,기술 생태계 밀착(R&D),공동연구·기술 라이선싱·PoC 매칭·지분투자 등,5-11-2025 | Press release Prodrive Technologies inaugurates 4MW green hydrogen rectifier test facility,https://prodrive-technologies.com/en/about-us/news/prodrive-technologies-inaugurates-4mw-green-hydrogen-rectifier-test-facility/,Prodrive - Press-release Filter / Press Releases,official,press_release,공식보도자료,,2026-09-04T05:09:02Z,R&D; strategic partnership,content,"30 years to the energy infrastructure, semiconductor, healthcare, and e-mobility industries. It employs over 2200 professionals, of which over 500 in R&D and engineering. Related articles 20-05-2026 | Press release Prodrive Technologies and Fortaegis Technologies sign strategic partnership agreement 1-05-2026 | Press release Prodrive Technologies appoints Mark Roeloffzen; ssionals, of which over 500 in R&D and engineering. Related articles 20-05-2026 | Press release Prodrive Technologies and Fortaegis Technologies sign strategic partnership agreement 1-05-2026 | Press release Prodrive Technologies appoints Mark Roeloffzen as new Chief Executive Officer 1-04-2026 | Press release Prodrive Technologies announces 2025 financial results 1-12-2025 | Press releas",6,"기술 생태계 밀착(R&D) 관련 표현이 content에서 발견되었습니다: R&D, strategic partnership"
27,Prodrive,모빌리티,자율주행차 카메라/이미지 신호처리,0,,4,기술 생태계 밀착(R&D),공동연구·기술 라이선싱·PoC 매칭·지분투자 등,23-09-2025 | Press release Change in executive management at Prodrive Technologies,https://prodrive-technologies.com/en/about-us/news/change-in-executive-management-at-prodrive-technologies/,Prodrive - Press-release Filter / Press Releases,official,press_release,공식보도자료,,2026-09-04T05:09:02Z,R&D; strategic partnership,content,"ss release Prodrive Technologies announces 2025 financial results 1-12-2025 | Press release Prodrive Technologies takes €40 million EIB loan to boost R&D in new technologies 5-11-2025 | Press release Prodrive Technologies inaugurates 4MW green hydrogen rectifier test facility 13-05-2025 | Press release Prodrive Technologies begins shipping ultra-fast 10MPx and 21MPx mach; half of the Supervisory Board, Eric Saris, Chairman Related articles 20-05-2026 | Press release Prodrive Technologies and Fortaegis Technologies sign strategic partnership agreement 1-05-2026 | Press release Prodrive Technologies appoints Mark Roeloffzen as new Chief Executive Officer 1-04-2026 | Press release Prodrive Technologies announces 2025 financial results 1-12-2025 | Press releas",6,"기술 생태계 밀착(R&D) 관련 표현이 content에서 발견되었습니다: R&D, strategic partnership"
37,Merck,바이오,의약품용 부형제,5,formulation,4,기술 생태계 밀착(R&D),공동연구·기술 라이선싱·PoC 매칭·지분투자 등,"Guidance for 2025 Delivered, Growth Foundation in Place",https://www.emdgroup.com/en/media-center/press-kits/q4-2025.html,Merck - News / Press Releases / News,official,press_release,공식보도자료,,2026-09-04T05:09:02Z,R&D; open innovation,content,Delivery Systems & Services (DS&S) Specialty Gases Intermolecular® The Future Transformation Blog Events & Highlights Research Research Research Our R&D Approach Healthcare Pipeline Clinical Trials Global R&D Hubs Artificial Intelligence - AI Research Open Innovation Innovation Cup Research Grants Future Insight Prize Research Challenges Science Space Envisioning Tomorr; ts & Highlights Research Research Research Our R&D Approach Healthcare Pipeline Clinical Trials Global R&D Hubs Artificial Intelligence - AI Research Open Innovation Innovation Cup Research Grants Future Insight Prize Research Challenges Science Space Envisioning Tomorrow News & Media News & Media Press Releases Subscribe to News Releases Events Press Kits Download Gallery Media Con,6,"기술 생태계 밀착(R&D) 관련 표현이 content에서 발견되었습니다: R&D, open innovation"
37,Merck,바이오,의약품용 부형제,4,formulation,4,기술 생태계 밀착(R&D),공동연구·기술 라이선싱·PoC 매칭·지분투자 등,"Merck KGaA, Darmstadt, Germany, Delivers Robust Q2 2026 Performance, Upgrades ...",https://www.emdgroup.com/en/news/q2-2026-06-08-2026.html,Merck - News & Stories / Newsroom / Stories,official,newsroom,공식출처,2026-08-06T00:00:00Z,2026-09-04T05:09:02Z,R&D; research and development; open innovation,content,"Delivery Systems & Services (DS&S) Specialty Gases Intermolecular® The Future Transformation Blog Events & Highlights Research Research Research Our R&D Approach Healthcare Pipeline Clinical Trials Global R&D Hubs Artificial Intelligence - AI Research Open Innovation Innovation Cup Research Grants Future Insight Prize Research Challenges Science Space Envisioning Tomorr; e than offset the organic sales decline of ‍–‍3.4%. EBITDA pre declined by 4.6% to € 747 million, reflecting an organic decline of –‍5.7% amid higher research and development costs. Rare Diseases, the new strategic pillar in Healthcare, contributed € 115 million to net sales. Net sales of both Ogsiveo ® , which treats progressing desmoid tumors, and Gomekli ® , approved for adults and childr; ts & Highlights Research Research Research Our R&D Approach Healthcare Pipeline Clinical Trials Global R&D Hubs Artificial Intelligence - AI Research Open Innovation Innovation Cup Research Grants Future Insight Prize Research Challenges Science Space Envisioning Tomorrow News & Media News & Media Press Releases Subscribe to News Releases Events Press Kits Download Gallery Media Con",6,"기술 생태계 밀착(R&D) 관련 표현이 content에서 발견되었습니다: R&D, research and development, open innovation"
24,Ouster,로봇,로봇용 라이다,5,LiDAR; lidar,4,기술 생태계 밀착(R&D),공동연구·기술 라이선싱·PoC 매칭·지분투자 등,GeoCue Elevates Survey-Grade Drone Mapping with Ouster's BABA-Compliant Native Color Rev8 Digital Lidar,https://investors.ouster.com/news-releases/news-release-details/geocue-elevates-survey-grade-drone-mapping-ousters-baba,Ouster - News Releases / Press Releases,official,press_release,공식보도자료,2026-09-02T11:00:23Z,2026-09-04T05:09:02Z,strategic partnership,content,"SINESS WIRE)--Sep. 2, 2026-- Ouster, Inc. (Nasdaq: OUST) (“Ouster” or the “Company”), a leader in sensing and perception for Physical AI, announced a strategic partnership with GeoCue, a premier provider of drone mapping payloads and software, to integrate Ouster’s native color Rev8 OS1 Max digital lidar into GeoCue’s TrueView product line. The collaboration pairs GeoCue's TrueView 1 payl",5,기술 생태계 밀착(R&D) 관련 표현이 content에서 발견되었습니다: strategic partnership
24,Ouster,로봇,로봇용 라이다,5,LiDAR; lidar,4,기술 생태계 밀착(R&D),공동연구·기술 라이선싱·PoC 매칭·지분투자 등,Ouster BlueCity with REV8 Lidar Wins Multimillion-Dollar Utah Traffic Modernization Expansion,https://investors.ouster.com/news-releases/news-release-details/ouster-bluecity-rev8-lidar-wins-multimillion-dollar-utah-traffic,Ouster - News Releases / Press Releases,official,press_release,공식보도자료,2026-08-11T10:00:32Z,2026-09-04T05:09:02Z,research and development,content,"loyees primarily in North America, Econolite drives innovation in traffic management and safety solutions, including connected and automated vehicles research and development. In June 2022, Bridgepoint acquired a majority stake in Econolite Group, and together with PTV Group, a dynamic partnership was formed. Since 2023, Econolite Group and PTV Group are united under the brand Umovity. For m",5,기술 생태계 밀착(R&D) 관련 표현이 content에서 발견되었습니다: research and development
24,Ouster,로봇,로봇용 라이다,5,LiDAR; lidar,4,기술 생태계 밀착(R&D),공동연구·기술 라이선싱·PoC 매칭·지분투자 등,Earnings Release,https://investors.ouster.com/news-releases/news-release-details/ouster-announces-results-second-quarter-2026,Ouster - Investor Relations / Investor Relations,official,press_release,공식보도자료,2026-08-06T20:06:06Z,2026-09-04T05:09:02Z,research and development,content,"rom those that we expected, including, but not limited to, risks related to Ouster’s limited operating history and history of losses; the substantial research and development costs needed to develop and commercialize new products; Ouster’s limited sales history and the ability to maintain confidence in the Company’s long-term business prospect among customers in target markets; fluctuations",5,기술 생태계 밀착(R&D) 관련 표현이 content에서 발견되었습니다: research and development
16,Amkor Technology,반도체,반도체 후공정용 고성능 방열소재,0,,4,기술 생태계 밀착(R&D),공동연구·기술 라이선싱·PoC 매칭·지분투자 등,Amkor Technology Announces Strategic Partnership with NVIDIA to Expand Advanced Packaging and Test for Next-Generation AI Infrastructure,https://ir.amkor.com/news-releases/news-release-details/amkor-technology-announces-strategic-partnership-nvidia-expand,Amkor Technology - Investor Press Releases / Press Releases,official,press_release,공식보도자료,2026-07-23T21:00:54Z,2026-09-04T05:09:02Z,strategic partnership,title; content; url,Skip to content Press Releases Printer-friendly version Back Amkor Technology Announces Strategic Partnership with NVIDIA to Expand Advanced Packaging and Test for Next-Generation AI Infrastructure $1.5 Billion Multi-Year Advanced Packaging and Development Agreement to Support Expansion of Amkor’s U.S . Advanced Packaging Capac,5,"기술 생태계 밀착(R&D) 관련 표현이 title, content, url에서 발견되었습니다: strategic partnership"
7,West Pharmaceutical,바이오,Autoinjector/PFS 의약품 완충전 및 제조기술,5,injectable,4,기술 생태계 밀착(R&D),공동연구·기술 라이선싱·PoC 매칭·지분투자 등,West Reports Second-Quarter 2026 Results,https://investor.westpharma.com/news-releases/news-release-details/west-reports-second-quarter-2026-results,West Pharmaceutical - Press Releases / Press Releases,official,press_release,공식보도자료,2026-07-23T10:00:44Z,2026-09-04T05:09:02Z,research and development,content,"1,717.2 100 % $ 1,464.5 100 % Cost of goods and services sold 543.1 62 492.6 64 1,091.6 64 958.7 65 Gross profit 329.2 38 273.9 36 625.6 36 505.8 35 Research and development 19.7 2 19.1 2 35.5 2 35.4 2 Selling, general and administrative expenses 117.6 14 95.9 13 217.1 12 183.9 13 Other expense (income), net 12.8 1 5.2 1 16.8 1 25.8 2 Operating profit 179.1 21 153.7 20 356.2 21 260.7 18 Int",5,기술 생태계 밀착(R&D) 관련 표현이 content에서 발견되었습니다: research and development
23,3M,화학소재,이온교환막 및 바이폴라 이온교환막,0,,4,기술 생태계 밀착(R&D),공동연구·기술 라이선싱·PoC 매칭·지분투자 등,3M Reports Second-Quarter 2026 Results; Increases Full-Year Guidance,https://investors.3m.com/news-events/press-releases/detail/1938/3m-reports-second-quarter-2026-results-increases-full-year,3M - Investor Relations / Investor Relations,official,press_release,공식보도자료,2026-07-21T06:30:00Z,2026-09-04T05:09:02Z,strategic partnership,content,ee cash flow of $1.3 billion. Strategic and operational highlights The following are recently announced highlights: 3M and Microsoft announced a&nbsp;strategic partnership to advance AI data center infrastructure and enterprise transformation. Microsoft becomes the first announced&nbsp;hyperscale cloud provider to deploy 3M Expanded Beam Optics (EBO) technology. Microsoft is a member of t,5,기술 생태계 밀착(R&D) 관련 표현이 content에서 발견되었습니다: strategic partnership
23,3M,화학소재,이온교환막 및 바이폴라 이온교환막,0,,4,기술 생태계 밀착(R&D),공동연구·기술 라이선싱·PoC 매칭·지분투자 등,3M and Microsoft announce strategic partnership to advance AI data center infrastructure and enterprise transformation,https://investors.3m.com/news-events/press-releases/detail/1937/3m-and-microsoft-announce-strategic-partnership-to-advance,3M - Investor Relations / Investor Relations,official,press_release,공식보도자료,2026-07-15T09:01:00Z,2026-09-04T05:09:02Z,strategic partnership,title; content; url,"3M and Microsoft announce strategic partnership to advance AI data center infrastructure and enterprise transformation Jul 15, 2026 • 9:01 AM EDT Download as PDF Microsoft becomes first announced&nbsp;hyperscale cloud provider to deploy 3M Expanded Beam Optical (EBO)",5,"기술 생태계 밀착(R&D) 관련 표현이 title, content, url에서 발견되었습니다: strategic partnership"
50,Siemens-Gamesa,에너지,해상풍력터빈,5,wind power,4,기술 생태계 밀착(R&D),공동연구·기술 라이선싱·PoC 매칭·지분투자 등,Siemens Energy begins preparations for the launch of an independent brand,https://www.siemens-energy.com/global/en/home/press-releases/omterra-brand-announcement.html,Siemens-Gamesa - Siemens Energy Investor Relations / Investor Relations,official,press_release,공식보도자료,2026-07-14T00:00:00Z,2026-09-04T05:09:02Z,license agreement,content,"ccessful development, Siemens Energy is now beginning preparations for the transition to an independent brand. This move is based on the time-limited license agreement governing the use of the brand. In the future, the current entities Siemens Energy and Siemens Gamesa Renewable Energy will be united under a single name and brand umbrella: Omterra. The rebranding process is scheduled",5,기술 생태계 밀착(R&D) 관련 표현이 content에서 발견되었습니다: license agreement
4,Charles River,바이오,바이러스 검증 및 MCB/WCB 특성분석,26,viral safety; viral safety testing; viral safety release testing; pathogen detection; characterization; cell characterization; cell bank characterization; cell line characterization; cell bank; NGS; GMP NGS; cGMP NGS; CGMP NGS; next-generation sequencing; next generation sequencing; GMP; cGMP; CGMP; cell therapy; biologics testing; quality control testing; PathoQuest,4,기술 생태계 밀착(R&D),공동연구·기술 라이선싱·PoC 매칭·지분투자 등,"Charles River Provides NGS Services to Arovella Therapeutics, Accelerating Progress Toward Alternative Cancer Treatment Approaches",https://ir.criver.com/news-releases/news-release-details/charles-river-provides-ngs-services-arovella-therapeutics,Charles River - News Releases / Press Releases,official,press_release,공식보도자료,2026-07-13T12:00:27Z,2026-09-04T05:09:02Z,research and development,content,"ant ISO, 6 cleanroom suites, 8-10 weeks cell bank completion to release, and over 2,000 cell and viral banks produced supporting client programs from research and development through commercial manufacturing. About Arovella Therapeutics Arovella Therapeutics Ltd (ASX: ALA) is a biotechnology company focused on developing its invariant natural killer T (iNKT) cell therapy platform from Imperi",5,기술 생태계 밀착(R&D) 관련 표현이 content에서 발견되었습니다: research and development
7,West Pharmaceutical,바이오,Autoinjector/PFS 의약품 완충전 및 제조기술,5,injectable,4,기술 생태계 밀착(R&D),공동연구·기술 라이선싱·PoC 매칭·지분투자 등,"West Reports First-Quarter 2026 Results - Thu, 04/23/2026 - 06:00",https://investor.westpharma.com/news-releases/news-release-details/west-reports-first-quarter-2026-results,West Pharmaceutical - Financial Information / Financial Reports / Filings,official,press_release,공식보도자료,2026-04-23T10:00:43Z,2026-09-04T05:09:02Z,research and development,content,"hs Ended March 31 , 2026 2025 Net sales $ 844.9 100 % $ 698.0 100 % Cost of goods and services sold 548.5 65 466.1 67 Gross profit 296.4 35 231.9 33 Research and development 15.8 2 16.3 2 Selling, general and administrative expenses 99.5 12 88.0 13 Other expense (income), net 4.0 — 20.6 3 Operating profit 177.1 21 107.0 15 Interest (income) expense, net (3.2) — (3.7) (1) Other nonoperating e",5,기술 생태계 밀착(R&D) 관련 표현이 content에서 발견되었습니다: research and development
24,Ouster,로봇,로봇용 라이다,5,LiDAR; lidar,4,기술 생태계 밀착(R&D),공동연구·기술 라이선싱·PoC 매칭·지분투자 등,"Ouster Acquires StereoLabs, Creating a World-Leading Physical AI Sensing and Perception Company",https://investors.ouster.com/news-releases/news-release-details/ouster-acquires-stereolabs-creating-world-leading-physical-ai,Ouster - News Releases / Press Releases,official,press_release,공식보도자료,2026-02-09T09:30:26Z,2026-09-04T05:09:02Z,research and development,content,"rom those that we expected, including, but not limited to, risks related to Ouster’s limited operating history and history of losses; the substantial research and development costs needed to develop and commercialize new products; Ouster’s ability to integrate StereoLabs into Ouster’s corporate structure and its solutions and platform into Ouster’s product offering; the challenges in develop",5,기술 생태계 밀착(R&D) 관련 표현이 content에서 발견되었습니다: research and development
7,West Pharmaceutical,바이오,Autoinjector/PFS 의약품 완충전 및 제조기술,5,injectable,4,기술 생태계 밀착(R&D),공동연구·기술 라이선싱·PoC 매칭·지분투자 등,"West Announces Second-Quarter 2025 Results and Fourth-Quarter 2025 Dividend, Updates Full-Year 2025 Guidance - Thu, 07/24/2025 - 06:00",https://investor.westpharma.com/news-releases/news-release-details/west-announces-second-quarter-2025-results-and-fourth-quarter,West Pharmaceutical - Financial Information / Financial Reports / Filings,official,press_release,공식보도자료,2025-07-24T10:00:38Z,2026-09-04T05:09:02Z,research and development,content,"100&nbsp;% $ 1,397.5 100&nbsp;% Cost of goods and services sold 492.6 64 472.1 67 958.7 65 937.3 67 Gross profit 273.9 36 230.0 33 505.8 35 460.2 33 Research and development 19.1 2 17.5 2 35.4 2 35.1 3 Selling, general and administrative expenses 95.9 13 83.0 12 183.9 13 169.7 12 Other expense (income), net 5.2 1 3.3 1 25.8 2 6.4 — Operating profit 153.7 20 126.2 18 260.7 18 249.0 18 Intere",5,기술 생태계 밀착(R&D) 관련 표현이 content에서 발견되었습니다: research and development
32,Vestas,에너지,해상풍력터빈,9,offshore wind; wind turbine; wind energy; blade; nacelle,4,기술 생태계 밀착(R&D),공동연구·기술 라이선싱·PoC 매칭·지분투자 등,Press releases from 2018,https://www.vestas.com/en/media/mwow-press-releases/2018,Vestas - Media / Newsroom / Media,official,press_release,공식보도자료,,2026-09-04T05:09:02Z,demonstration project,content,s for Northwester 2 in Belgium \r\n \r\n MHI Vestas Advances Readiness for First Round of Taiwan Offshore Wind Projects \r\n \r\n Blyth Offshore Wind Demonstration Project Fully Commissioned \r\n \r\n MHI Vestas Receives Final Certification for V164-9.5 MW Offshore Wind Turbine \r\n \r\n Blauwwind Consortium Reaches Financial Close on Borssele III/IV \r\n \r\n Financial Close for Industry,5,기술 생태계 밀착(R&D) 관련 표현이 content에서 발견되었습니다: demonstration project
52,Nexeon,이차전지,실리콘 음극재 기술(증착형 Si-C),7,silicon anode; silicon-carbon; anode material; lithium-ion battery,4,기술 생태계 밀착(R&D),공동연구·기술 라이선싱·PoC 매칭·지분투자 등,"National Wealth Fund backs Nexeon in £100m investment round August 31, 2026",https://www.nexeonglobal.com/media/national-wealth-fund-backs-nexeon-in-gbp100m-investment-round,Nexeon - Media / Newsroom / Media,official,newsroom,공식출처,2026-08-31T00:00:00Z,2026-09-04T05:09:02Z,research and development; open innovation,content,"doption. The National Wealth Fund’s financing will support Nexeon’s development of a UK-based pilot manufacturing facility, directly supporting their research and development activities and allowing the expansion of its advanced manufacturing technology unit, creating a number of new highly skilled jobs. By investing in innovative battery technologies and expanding local manufacturing capaci; d strengthen sovereign capabilities — supporting all three of the National Wealth Fund’s strategic ambitions. Honda Xcelerator Ventures is the global open innovation program of the Honda Motor Co. Ltd., and invests in technologies shaping the future of mobility and electrification. The Korea Development Bank is a leading policy bank in South Korea, focused on supporting industrial i",5,"기술 생태계 밀착(R&D) 관련 표현이 content에서 발견되었습니다: research and development, open innovation"
9,Albemarle,이차전지,"양극재 소재(수산화리튬, 탄산리튬)",6,lithium carbonate; lithium; spodumene,4,기술 생태계 밀착(R&D),공동연구·기술 라이선싱·PoC 매칭·지분투자 등,"Press Releases August 05, 2026 Albemarle Reports Second Quarter 2026 Results CHARLOTTE, N.C., Aug. 5, 2026 /PRNewswire/ -- Albemarle Corporation (NYSE: ALB), a global leader in providing essential elements for mobility, energy, connectivity and health, today announced its results for the second quarter ended June 30, 2026. Second Quarter 2026 and Recent Highlights (Unless",https://www.albemarle.com/us/en/news/albemarle-reports-second-quarter-2026-results,Albemarle - Newsroom / Newsroom / News,official,newsroom,공식출처,2026-08-05T00:00:00Z,2026-09-04T05:09:02Z,research and development; equity investment,content,",175 Selling, general and administrative expenses 126,353 132,457 263,759 255,959 Restructuring charges and asset write-offs 7,337 4,448 33,203 3,385 Research and development expenses 3,667 12,444 12,837 26,543 Loss on sale of business — — 95,018 — Operating income 452,944 47,527 686,450 67,288 Interest and financing expenses (30,924) (49,939) (64,045) (98,916) Other income (expenses), net 1; e net income to cash flows from operating activities: Depreciation and amortization 313,606 330,485 Loss on sale of business 95,018 — Gain on sale of equity investment (42,300) — Stock-based compensation and other 14,661 17,068 Equity in net income of unconsolidated investments (net of tax) (247,857) (142,544) Dividends received from unconsolidated investments and nonmarketable securi",5,"기술 생태계 밀착(R&D) 관련 표현이 content에서 발견되었습니다: research and development, equity investment"
37,Merck,바이오,의약품용 부형제,4,formulation,4,기술 생태계 밀착(R&D),공동연구·기술 라이선싱·PoC 매칭·지분투자 등,MilliporeSigma Announces BioReliance ® Testing Facility Opening in ...,https://www.emdgroup.com/en/news/cts-darmstadt-opening-16-07-2026.html,Merck - News & Stories / Newsroom / Stories,official,newsroom,공식출처,2026-07-16T00:00:00Z,2026-09-04T05:09:02Z,R&D; open innovation,content,Delivery Systems & Services (DS&S) Specialty Gases Intermolecular® The Future Transformation Blog Events & Highlights Research Research Research Our R&D Approach Healthcare Pipeline Clinical Trials Global R&D Hubs Artificial Intelligence - AI Research Open Innovation Innovation Cup Research Grants Future Insight Prize Research Challenges Science Space Envisioning Tomorr; ts & Highlights Research Research Research Our R&D Approach Healthcare Pipeline Clinical Trials Global R&D Hubs Artificial Intelligence - AI Research Open Innovation Innovation Cup Research Grants Future Insight Prize Research Challenges Science Space Envisioning Tomorrow News & Media News & Media Press Releases Subscribe to News Releases Events Press Kits Download Gallery Media Con,5,"기술 생태계 밀착(R&D) 관련 표현이 content에서 발견되었습니다: R&D, open innovation"
49,Maxon,로봇,로봇용 감속기,4,actuator,4,기술 생태계 밀착(R&D),공동연구·기술 라이선싱·PoC 매칭·지분투자 등,maxon acquires strategic minority stake in Synapticon,https://www.maxongroup.com/en/news-and-events/news/maxon-acquires-strategic-minority-stake-in-synapticon-285238,Maxon - News / Newsroom / News,official,newsroom,공식출처,2025-01-01T00:00:00Z,2026-09-04T05:09:02Z,joint development; strategic partnership,content,"its expertise in the field of motion control through a strategic partnership with the German company Synapticon. The goal of the collaboration is the joint development of high-performance drive solutions with integrated functional safety, based on optimally combined components from both companies. As part of this partnership, the maxon Group has acquired a minority stake in Synapticon; r Stuttgart, Germany Download Contact us Share current page The Swiss maxon Group is expanding its expertise in the field of motion control through a strategic partnership with the German company Synapticon. The goal of the collaboration is the joint development of high-performance drive solutions with integrated functional safety, based on optimally combined components from both companie",5,"기술 생태계 밀착(R&D) 관련 표현이 content에서 발견되었습니다: joint development, strategic partnership"
34,Infineon,우주항공,위성통신 및 레이다용 RF 반도체,4,GaN,4,기술 생태계 밀착(R&D),공동연구·기술 라이선싱·PoC 매칭·지분투자 등,Infineon acquires C2i Semiconductors to expand its innovation capabilities in AI data center power management solutions,https://www.infineon.com/press-release/2026/infpr202608-129,Infineon - Press / Press Releases / Media,official,press_release,공식보도자료,2026-08-31T00:00:00Z,2026-09-04T05:09:02Z,R&D,content,"uding Substrate Integrated Voltages Regulators (SIVR) Transaction expands Infineon’s innovation footprint in India and further strengthens its global R&D capabilities Munich, Germany / Bangalore, India – 24 August 2026 – Infineon Technologies AG (FSE: IFX / OTCQX: IFNNY) today announced the acquisition of C2i Semiconductors, a Bangalore-based technology company specializ",4,기술 생태계 밀착(R&D) 관련 표현이 content에서 발견되었습니다: R&D
4,Charles River,바이오,바이러스 검증 및 MCB/WCB 특성분석,18,pathogen detection; characterization; NGS; GMP NGS; cGMP NGS; CGMP NGS; next-generation sequencing; next generation sequencing; GMP; cGMP; CGMP; biologics testing; quality control testing; PathoQuest,4,기술 생태계 밀착(R&D),공동연구·기술 라이선싱·PoC 매칭·지분투자 등,Charles River Laboratories and Medigen Vaccine Biologics Corp Collaborate to Advance New Vaccine Development Programs Through Next Generation Sequencing,https://ir.criver.com/news-releases/news-release-details/charles-river-laboratories-and-medigen-vaccine-biologics-corp,Charles River - News Releases / Press Releases,official,press_release,공식보도자료,2026-08-20T12:00:33Z,2026-09-04T05:09:02Z,R&D,content,"erved as the only domestic manufacturer to receive Emergency Use Authorization (EUA) in Taiwan during the COVID-19 pandemic, demonstrating its robust R&D capabilities. MVC's commercialized ENVACGEN®, an Enterovirus 71 Vaccine, has obtained regulatory approvals in Taiwan and Vietnam , with active market expansion in Southeast Asia . Building on this foundation, MVC contin",4,기술 생태계 밀착(R&D) 관련 표현이 content에서 발견되었습니다: R&D
5,Cytiva,바이오,바이오의약품 생산용 배양 및 정제 시스템,4,resin,4,기술 생태계 밀착(R&D),공동연구·기술 라이선싱·PoC 매칭·지분투자 등,Danaher Appoints Julie Sawyer Montgomery as President and Chief Executive Officer,https://investors.danaher.com/2026-08-03-Danaher-Appoints-Julie-Sawyer-Montgomery-as-President-and-Chief-Executive-Officer,Cytiva - Danaher Investor Relations / Investor Relations RSS,official,press_release,공식보도자료,2026-08-03T20:15:00Z,2026-09-04T05:09:02Z,R&D,content,"tions her well to lead the Company forward."" Ms. Sawyer Montgomery brings nearly 25 years of experience across healthcare, commercial operations, and R&D to her role. She joined the Company in 2017 at Beckman Coulter Diagnostics, where she led commercial operations and R&D before becoming President in 2020. Since then, she has held roles of increasing responsibility, mos",4,기술 생태계 밀착(R&D) 관련 표현이 content에서 발견되었습니다: R&D
61,Air Liquide,화학소재,이온교환막 및 바이폴라 이온교환막,0,,4,기술 생태계 밀착(R&D),공동연구·기술 라이선싱·PoC 매칭·지분투자 등,When tech makes an impact,https://www.airliquide.com/2025-integrated-annual-report,Air Liquide - Press Releases & News / Press Releases / News,official,press_release,공식보도자료,,2026-09-04T05:09:02Z,R&D,content,"f with an idea, which we shape into a concrete, useful solution that we then deploy at scale with and for our customers. Our committed teams—from our R&D units to those working in our plants—drive this approach, built around a targeted and dynamic innovation portfolio. We also leverage artificial intelligence (AI) and data, which support us in consolidating our knowledge",4,기술 생태계 밀착(R&D) 관련 표현이 content에서 발견되었습니다: R&D
16,Amkor Technology,반도체,반도체 후공정용 고성능 방열소재,0,,4,기술 생태계 밀착(R&D),공동연구·기술 라이선싱·PoC 매칭·지분투자 등,Arizona-Korea Semiconductor Delegation,https://amkor.com/blog/arizona-korea-semiconductor-delegation/,Amkor Technology - Corporate News / Newsroom / News,official,newsroom,공식출처,2026-08-13T00:00:00Z,2026-09-04T05:09:02Z,strategic partnership,content,"obal manufacturing footprint and support customers around the world, the company remains focused on advancing semiconductor innovation, strengthening strategic partnerships and helping build a resilient semiconductor ecosystem that supports long-term growth in Arizona, Korea and beyond. Related Posts Amkor Technology Launches Semiconductor Educator Bootcamp to Strengthen Future Workforce",4,기술 생태계 밀착(R&D) 관련 표현이 content에서 발견되었습니다: strategic partnership
43,EMM(Umicore),이차전지,실리콘 음극재 기술(증착형 Si-C),5,silicon-carbon; anode material,4,기술 생태계 밀착(R&D),공동연구·기술 라이선싱·PoC 매칭·지분투자 등,Q1 and outlook 2026,https://www.umicore.com/en/media/newsroom/strong-start-of-the-year-sets-umicore-up-for-solid-2026-performance/,EMM(Umicore) - Umicore Investor Relations / Investor Relations,official,ir,공식출처,2026-04-30T15:40:00Z,2026-09-04T05:09:02Z,strategic partnership,content,"compensations for volume shortfall. The business unit Battery Recycling Solutions is progressing according to plan. Last year, Umicore entered into a strategic partnership agreement with Korea’s HS Hyosung Advanced Materials to advance and fund the industrialization, commercialization and further development of its silicon-carbon composite anode materials for electric vehicle (EV) lithium",4,기술 생태계 밀착(R&D) 관련 표현이 content에서 발견되었습니다: strategic partnership
44,Umicore,이차전지,"양극재 소재(수산화리튬, 탄산리튬)",6,cathode material; lithium; battery material,4,기술 생태계 밀착(R&D),공동연구·기술 라이선싱·PoC 매칭·지분투자 등,Q1 and outlook 2026,https://www.umicore.com/en/media/newsroom/strong-start-of-the-year-sets-umicore-up-for-solid-2026-performance/,Umicore - Investor Relations / Investor Relations,official,ir,공식출처,2026-04-30T15:40:00Z,2026-09-04T05:09:02Z,strategic partnership,content,"compensations for volume shortfall. The business unit Battery Recycling Solutions is progressing according to plan. Last year, Umicore entered into a strategic partnership agreement with Korea’s HS Hyosung Advanced Materials to advance and fund the industrialization, commercialization and further development of its silicon-carbon composite anode materials for electric vehicle (EV) lithium",4,기술 생태계 밀착(R&D) 관련 표현이 content에서 발견되었습니다: strategic partnership
49,Maxon,로봇,로봇용 감속기,3,gearbox,4,기술 생태계 밀착(R&D),공동연구·기술 라이선싱·PoC 매칭·지분투자 등,maxon achieves a respectable result with CHF 594.7 million revenue despite challenging conditions,https://www.maxongroup.com/en/news-and-events/news/maxon-achieves-a-respectable-result-with-chf-594-7-million-revenue-despite-challenging-conditions-283946,Maxon - News / Newsroom / News,official,newsroom,공식출처,2025-01-01T00:00:00Z,2026-09-04T05:09:02Z,research and development,content,"anks to proactive measures, the company considers the 2024 revenue of CHF 594.7 million a satisfactory result under the circumstances. Investments in research and development declined slightly but remain almost stable at 8 percent in percentage terms. The increasing demand for integrated mechatronic systems is evident in the portfolio. maxon is therefore making significant investments in the",4,기술 생태계 밀착(R&D) 관련 표현이 content에서 발견되었습니다: research and development
27,Prodrive,모빌리티,자율주행차 카메라/이미지 신호처리,0,,5,핵심 전략 인력의 이동,C-Level 이동·극비 방한 및 실사 조율 등,1-05-2026 | Press release Prodrive Technologies appoints Mark Roeloffzen as new Chief Executive Officer,https://prodrive-technologies.com/en/about-us/news/prodrive-technologies-appoints-mark-roeloffzen-as-new-chief-executive-officer/,Prodrive - Press-release Filter / Press Releases,official,press_release,공식보도자료,2026-06-01T00:00:00Z,2026-09-04T05:09:02Z,leadership transition,content,"anagement Science from the University of Twente and an Executive MBA with honors from IMD Business School in Lausanne, Switzerland. Reflecting on the leadership transition, Pieter Janssen, co‑founder and incoming CTO of Prodrive Technologies, commented: “Developments in our key markets are moving at a rapid pace, and I am very pleased that Mark is joining our leadership team as CEO. I am",5,핵심 전략 인력의 이동 관련 표현이 content에서 발견되었습니다: leadership transition
5,Cytiva,바이오,바이오의약품 생산용 배양 및 정제 시스템,3,resin,5,핵심 전략 인력의 이동,C-Level 이동·극비 방한 및 실사 조율 등,Open Report of unscheduled material events or corporate event in HTML.,https://app.quotemedia.com/data/downloadFiling?webmasterId=101533&ref=320237260&type=HTML&symbol=DHR&cdn=c898b557e52916ddfb63d5a675223d01&companyName=Danaher+Corporation&formType=8-K&dateFiled=2026-08-03,Cytiva - Danaher SEC Filings / Regulatory Filings,official,filing,공식출처,2026-08-03T00:00:00Z,2026-09-04T05:09:02Z,leadership transition,content,"e employment as Senior Advisor of the Company from the Effective Date through December 31, 2026 (such period, the “Advisory Period”) to assist in the leadership transition and, following the Advisory Period, to serve as a consultant until March 31, 2027 (such period, the “Consultancy Period”). Transition Letter Agreement with Mr. Blair To document Mr. Blair’s transition arrangements, on A",4,핵심 전략 인력의 이동 관련 표현이 content에서 발견되었습니다: leadership transition
