target_no,company,industry,target_technology,target_technology_en,title,url,source,source_type,published_at,collected_at,content_fetch_status,content_word_count,content_excerpt,matched_terms,matched_fields,evidence_snippets,relevance_score,relevance_decision,relevance_reason
4,Charles River,바이오,바이러스 검증 및 MCB/WCB 특성분석,virus validation and MCB/WCB characterization,"Charles River Provides NGS Services to Arovella Therapeutics, Accelerating Progress Toward Alternative Cancer Treatment Approaches",https://ir.criver.com/news-releases/news-release-details/charles-river-provides-ngs-services-arovella-therapeutics,Charles River - News Releases / Press Releases,official,2026-07-13T00:00:00Z,2026-08-13T05:37:08Z,fetched,897,"Skip to main navigation Investor Relations Charles River provides essential products and services to help pharmaceutical and biotechnology companies, government agencies and leading academic institutions around the globe accelerate their research and drug development efforts. Our dedicated employees are focused on providing clients with exactly what they need to improve and expedite the discovery, early-stage development and safe manufacture of new therapies for the patients who need them. News Release &nbsp;View printer-friendly version Charles River Provides NGS Services to Arovella Therapeutics, Accelerating Progress Toward Alternative Cancer Treatment Approaches PDF Version Collaboration aligns with Charles River’s strategic commitment to building deeper client relationships and accele...",viral safety; viral safety testing; viral safety release testing; pathogen detection; characterization; cell characterization; cell bank characterization; cell line characterization; cell bank; NGS; GMP NGS; cGMP NGS; CGMP NGS; next-generation sequencing; next generation sequencing; GMP; cGMP; CGMP; cell therapy; biologics testing; quality control testing; PathoQuest,title; content; url,"ue Invariant Natural Killer T (iNKT) cell therapy platform for cancer treatment. In a successful IND application, the FDA approved the use of NGS for viral safety testing of two cell banks that produce reagents used in the ALA-101 manufacturing process. “Providing Arovella with NGS services as they advance a transformative iNKT cell therapy platform for patients with lymphoma and; ue Invariant Natural Killer T (iNKT) cell therapy platform for cancer treatment. In a successful IND application, the FDA approved the use of NGS for viral safety testing of two cell banks that produce reagents used in the ALA-101 manufacturing process. “Providing Arovella with NGS services as they advance a transformative iNKT cell therapy platform for patients with lymphoma and leukemi; tment to advancing science through our world-class portfolio.” In addition to NGS services for cell bank characterization, Charles River will perform viral safety release testing on clinical batches of ALA-101. This next-generation, off-the-shelf CAR-iNKT cell therapy aims to treat CD19+ B cell lymphomas and leukemias. “We are thrilled to collaborate with Charles River Laboratories to strengthen",25,relevant,"바이러스 검증 및 MCB/WCB 특성분석 관련 키워드가 title, content, url에서 발견되었습니다: viral safety, viral safety testing, viral safety release testing, pathogen detection, characterization, cell characterization, cell bank characterization, cell line characterization"
55,EVG,반도체,nm급 W2W 하이브리드 본딩 장비,nm-scale W2W hybrid bonding equipment,"19.05.2026 EV Group Highlights Hybrid Bonding, Layer Transfer and Maskless Lithography Technologies for Heterogeneous Integration and Advanced Packaging at ECTC 2026 Read more",https://www.evgroup.com/company/news/detail/ev-group-highlights-hybrid-bonding-layer-transfer-and-maskless-lithography-technologies-for-heterogeneous-integration-and-advanced-packaging-at-ectc-2026,EVG - Press Center / News / Newsroom / News,official,2026-05-19T00:00:00Z,2026-08-13T05:37:08Z,fetched,1278,"EN English (EN) Choose your language EN English (EN) Deutsch (DE) 日本語 (JA) 中文 (ZH) Services Contact EV Group Company News EV Group Highlights Hybrid Bonding, Layer Transfer and Maskless Lithography Technologies for Heterogeneous Integration and Advanced Packaging at ECTC 2026 EV Group’s IR LayerRelease™ technology enables nanometer-precision layer transfer through silicon, eliminating glass substrates for advanced packaging and enabling thin-layer 3D stacking. Source: EV Group. ST. FLORIAN, Austria, May 19, 2026 —EV Group (EVG), a leading provider of innovative process solutions and expertise serving leading-edge and future semiconductor designs and chip integration schemes,&nbsp;today announced that it will showcase its latest solutions for heterogeneous integration and advanced packaging...",W2W; D2W; hybrid bonding; wafer bonding; wafer-to-wafer; die-to-wafer; advanced packaging; chiplet,title; content; url,"ers, interposers, chiplets and the integration thereof. Supporting High-Yield Hybrid Bonding for Advanced Memory and 3D Integration Wafer-to-wafer (W2W) hybrid bonding is critical for enabling high-yield, scalable manufacturing of next-generation 3D NAND and DRAM, which demand sub-micron alignment accuracy and excellent bond strength. Die-to-wafer (D2W) hybrid bonding is; Conference (ECTC), taking place May 26-29 in Orlando, Fla. These solutions include EVG’s GEMINI ® FB production wafer bonding systems, the EVG ® 40 D2W die-to-wafer overlay metrology system, the IR LayerRelease™ layer transfer technology platform and EVG’s high-throughput LITHOSCALE ® XT maskless exposure system. EVG’s process solutions enable manufacturing advances acr; EN English (EN) Choose your language EN English (EN) Deutsch (DE) 日本語 (JA) 中文 (ZH) Services Contact EV Group Company News EV Group Highlights Hybrid Bonding, Layer Transfer and Maskless Lithography Technologies for Heterogeneous Integration and Advanced Packaging at ECTC 2026 EV Group’s IR LayerRelease™ technology enables nanometer-precision layer transfer through silicon,",11,relevant,"nm급 W2W 하이브리드 본딩 장비 관련 키워드가 title, content, url에서 발견되었습니다: W2W, D2W, hybrid bonding, wafer bonding, wafer-to-wafer, die-to-wafer, advanced packaging, chiplet"
54,HyproMag,철강금속,사용후 영구자석 고순도 희토류 추출,rare earth extraction from end-of-life permanent magnets,Welcome to Mkango Resources Ltd.,https://mkango.ca/news/hypromag-usa-to-establish-early-magnet-finishing-capability-as-part-of-phased-texas-hub-development/,HyproMag - Mkango 2026 News / News Archive RSS,official,2026-07-27T05:00:08Z,2026-08-13T05:37:08Z,fetched,4017,"News HyProMag USA To Establish Early Magnet Finishing Capability As Part Of Phased Texas Hub Development July 27, 2026 View PDF (409 kB) Commissioning of finished magnet production equipment targeted for H1-2027, ahead of fully integrated U.S. operations in Q2 2028 London / Vancouver: July 27 2026 - Mkango Resources Ltd (AIM/TSX-V: MKA) (“Mkango”) is pleased to announce that HyProMag USA, LLC (“HyProMag USA” or the “Company”), has provided an update regarding a phased development strategy for its Ironhead facility in Dallas-Fort Worth, Texas (the “Texas Hub”), including fast-tracking of magnet finishing equipment commissioning and initial production. Accelerated magnet finishing and initial sales Under the phased plan, HyProMag USA is now targeting commissioning of its initial finished neo...",NdFeB; rare earth; magnet recycling; neodymium; dysprosium; NdFeB magnet,content,"magnet finishing and initial sales Under the phased plan, HyProMag USA is now targeting commissioning of its initial finished neodymium-iron-boron (“NdFeB”) magnet production equipment in Texas in H1, 2027. These initial U.S. operations will utilise up to 20 tonnes of magnet blocks supplied by HyProMag Group operations in the United Kingdom [1] and Germany [2] to be shape; ce requirements. Julian Treger, Chief Executive Officer of CoTec Holdings Corp., commented: “HyProMag’s core advantage remains our ability to recover rare earth magnets already contained in waste and return them to productive use through a faster, simpler and more efficient short-loop recycling process. Establishing finishing capability in Texas ahead of the integrated plant is; s with embedded magnets, which remains a major competitive advantage for the group. About HyProMag USA HyProMag USA is developing advanced rare earth magnet recycling and manufacturing operations to establish a secure domestic U.S. supply chain for NdFeB magnets, which are critical components in AI infrastructure, robotics, electric vehicles, wind turbines and advanced electronics. L",9,relevant,"사용후 영구자석 고순도 희토류 추출 관련 키워드가 content에서 발견되었습니다: NdFeB, rare earth, magnet recycling, neodymium, dysprosium, NdFeB magnet"
55,EVG,반도체,nm급 W2W 하이브리드 본딩 장비,nm-scale W2W hybrid bonding equipment,28.05.2026 Imec and EV Group demonstrate wafer-to-wafer hybrid bonding with 200nm interconnect pitch and record high overlay accuracy Read more,https://www.evgroup.com/company/news/detail/imec-and-ev-group-demonstrate-wafer-to-wafer-hybrid-bonding-with-200nm-interconnect-pitch-and-record-high-overlay-accuracy,EVG - Press Center / News / Newsroom / News,official,2026-05-28T00:00:00Z,2026-08-13T05:37:08Z,fetched,1335,"EN English (EN) Choose your language EN English (EN) Deutsch (DE) 日本語 (JA) 中文 (ZH) Services Contact EV Group Company News Imec and EV Group demonstrate wafer-to-wafer hybrid bonding with 200nm interconnect pitch and record high overlay accuracy Through their continued collaboration, Imec and EV Group (EVG) are focusing on advancing the overlay performance required for advanced logic-to-logic and memory-to-logic tier stacking Figure 1: Example of a possible partitioning of a SoC following imec’s CMOS 2.0 scaling paradigm. (credit: imec) Figure 2 – TEM of Daisy chain structures on a 200nm hexagonal pad grid with equal hybrid pad size and 25% designed Cu density. (credit: imec/IEEE) Figure 3 – Actual wafer-to-wafer bond alignment improvement obtained on electrical device wafers. Results are s...",W2W; hybrid bonding; wafer bonding; wafer-to-wafer; advanced packaging; bonding equipment,title; content; url,"Figure 1 - CMOS 2.0 (credit imec) - 0.87 MB Download Image / Figure 2 - 200nm pitch HB X-TEM (credit imec_IEEE) - 0.95 MB Download Image / Figure 3 - W2W overlay accuracy (credit imec_IEEE) - 0.24 MB Download Image / Figure 4 - Resistance per link (credit imec_IEEE) - 0.25 MB Download Press Release - 0.5 MB Menu About EVG Global Presence News Events Suppliers and Partner; hoose your language EN English (EN) Deutsch (DE) 日本語 (JA) 中文 (ZH) Services Contact EV Group Company News Imec and EV Group demonstrate wafer-to-wafer hybrid bonding with 200nm interconnect pitch and record high overlay accuracy Through their continued collaboration, Imec and EV Group (EVG) are focusing on advancing the overlay performance required for advanced logic-to-logic and me; esult was achieved by co-optimizing all critical elements of imec’s wafer-to-wafer hybrid bonding process flow, and by leveraging EVG’s most advanced wafer bonding equipment. LEUVEN (Belgium), MAY 28, 2026 — This week, at the 2026 IEEE Electronic Components and Technology Conference (ECTC), imec, a&nbsp;world-leading research and innovation hub in advanced semiconductor technologi",9,relevant,"nm급 W2W 하이브리드 본딩 장비 관련 키워드가 title, content, url에서 발견되었습니다: W2W, hybrid bonding, wafer bonding, wafer-to-wafer, advanced packaging, bonding equipment"
4,Charles River,바이오,바이러스 검증 및 MCB/WCB 특성분석,virus validation and MCB/WCB characterization,Charles River Laboratories Announces Second-Quarter 2026 Results,https://ir.criver.com/news-releases/news-release-details/charles-river-laboratories-announces-second-quarter-2026-results,Charles River - News Releases / Press Releases,official,2026-08-05T00:00:00Z,2026-08-13T05:37:08Z,fetched,6239,"Skip to main navigation Investor Relations Charles River provides essential products and services to help pharmaceutical and biotechnology companies, government agencies and leading academic institutions around the globe accelerate their research and drug development efforts. Our dedicated employees are focused on providing clients with exactly what they need to improve and expedite the discovery, early-stage development and safe manufacture of new therapies for the patients who need them. News Release &nbsp;View printer-friendly version Charles River Laboratories Announces Second-Quarter 2026 Results Download PDF 477.6 KB WILMINGTON, Mass. --(BUSINESS WIRE)--Aug. 5, 2026-- Charles River Laboratories International, Inc. (NYSE: CRL) today reported its results for the second quarter ended Ju...",NGS; next-generation sequencing; next generation sequencing; gene therapy; PathoQuest,content,"ond quarter ended June 27, 2026 . Key Highlights Reports second-quarter revenue of $1.00 billion , GAAP loss per share of $(0.03) , and non-GAAP earnings per share of $3.02 . Organic revenue growth of 0.1% reached the highest level since the third quarter of 2023. Non-GAAP operating margin increased 420 basis points on a sequential basis to 20.5%, while the GAAP operatin; 4 per share to enhance shareholder value. To refine and further strengthen its portfolio, the Company completed the divestitures of certain European Discovery Services sites as well as the CDMO and Cell Solutions businesses in May 2026 . To further deepen its client relationships, the Company has joined Eli Lilly's TuneLab AI/ML platform by providing non-clinical testing expertise to optimize; se to optimize drug discovery and advance R&D modernization efforts. Additionally, it has collaborated with Arovella Therapeutics to provide in vitro Next Generation Sequencing (NGS) services, which was added through the PathoQuest acquisition. This collaboration will accelerate progress towards Arovella's alternative cancer treatment approaches. To advance its modernization efforts, Charles R",8,relevant,"바이러스 검증 및 MCB/WCB 특성분석 관련 키워드가 content에서 발견되었습니다: NGS, next-generation sequencing, next generation sequencing, gene therapy, PathoQuest"
54,HyproMag,철강금속,사용후 영구자석 고순도 희토류 추출,rare earth extraction from end-of-life permanent magnets,Exercise Of Warrants,https://mkango.ca/news/exercise-of-warrants-3/,HyproMag - Mkango 2026 News / News Archive RSS,official,2026-07-22T05:05:04Z,2026-08-13T05:37:08Z,fetched,1983,"News Exercise Of Warrants July 22, 2026 View PDF (371 kB) LONDON / VANCOUVER: 22 July 2026 – Mkango Resources Ltd. (AIM/TSX-V: MKA) (“Mkango” or “Company”) announces that it has received an exercise notice from a Mkango warrant holder to exercise 550,000 warrants over common shares in the Company, at a price of seven (7) pence per common share. Accordingly, the Company will issue 550,000 common shares (""Warrant Shares"") to satisfy this exercise. The Warrant Shares will rank pari passu with the Company's existing shares and application has been made for the Warrant Shares to be admitted to trading on AIM (""Admission""). It is expected that Admission will become effective and dealings in the Warrant Shares will commence at 8:00 am on or around 27 July 2026. The Warrant Shares will also be lis...",rare earth; magnet recycling; neodymium; dysprosium; rare earth separation,content,"td. Mkango is listed on the AIM and the TSX-V Stock Exchanges. Mkango’s corporate strategy is to become a market leader in the production of recycled rare earth magnets, alloys and oxides, through its interest in Maginito Limited (“Maginito”), which is owned 79.4 per cent by Mkango and 20.6 per cent by CoTec Holdings Ltd (“CoTec”), and to develop new sustainable sources of neod; nd a 90 per cent direct and indirect interest (assuming conversion of Maginito’s convertible loan) in HyProMag GmbH, focused on short loop rare earth magnet recycling in the UK and Germany, respectively, and a 100 per cent interest in Mkango Rare Earths UK Ltd (“Mkango UK”), focused on long loop rare earth magnet recycling in the UK via a chemical route. Maginito and CoTec are also e; ted (“Maginito”), which is owned 79.4 per cent by Mkango and 20.6 per cent by CoTec Holdings Ltd (“CoTec”), and to develop new sustainable sources of neodymium, praseodymium, dysprosium and terbium to supply accelerating demand from electric vehicles, wind turbines and other clean energy technologies. Maginito holds a 100 per cent interest in HyProMag Limited and a 90 per cent",8,relevant,"사용후 영구자석 고순도 희토류 추출 관련 키워드가 content에서 발견되었습니다: rare earth, magnet recycling, neodymium, dysprosium, rare earth separation"
1,Australian Strategic Metals,철강금속,사용후 영구자석 고순도 희토류 추출,rare earth extraction from end-of-life permanent magnets,"ASM wins Resources, Minerals and Processing Award at Australia-Korea Business Awards 2026",https://asm-au.com/asm-wins-resources-minerals-and-processing-award-at-australia-korea-business-awards-2026/,Australian Strategic Metals - News / Newsroom / News,official,2026-04-01T05:45:49Z,2026-08-13T05:37:08Z,fetched,425,"Skip to content ASM wins Resources, Minerals and Processing Award at Australia-Korea Business Awards 2026 01/04/2026 Australian Strategic Materials (ASM) has been recognised at the AustCham Korea Australia-Korea Business Awards 2026, taking out the Resources, Minerals and Processing category. The award acknowledges the Company’s achievement in building one of the few rare earth metals and alloys production facilities outside China. KSMM Representative Director Mr Nam eun Hur receives the award from AustCham Korea Chair, Ross Gregory The award was accepted in Seoul by Mr Nam-eun Hur, Representative Director at Korean Strategic Materials Metals (KSMM) – ASM’s wholly owned subsidiary responsible for operating the Korean Metals Plant (KMP). The Awards recognise outstanding contributions to the...",NdFeB; rare earth; permanent magnet; neodymium; dysprosium,content,"in. Since commencing operations, the KMP has established commercial-scale production of neodymium-praseodymium (NdPr) metal and neodymium iron boron (NdFeB) strip alloy – essential inputs for the permanent magnets used in sustainable technologies, defence applications and advanced manufacturing. In 2025, the facility achieved its first commercial sale of heavy rare earth m; Awards 2026, taking out the Resources, Minerals and Processing category. The award acknowledges the Company’s achievement in building one of the few rare earth metals and alloys production facilities outside China. KSMM Representative Director Mr Nam eun Hur receives the award from AustCham Korea Chair, Ross Gregory The award was accepted in Seoul by Mr Nam-eun Hur, Representa; stablished commercial-scale production of neodymium-praseodymium (NdPr) metal and neodymium iron boron (NdFeB) strip alloy – essential inputs for the permanent magnets used in sustainable technologies, defence applications and advanced manufacturing. In 2025, the facility achieved its first commercial sale of heavy rare earth metals – terbium (Tb)and dysprosium (Dy) – placing ASM amo",8,relevant,"사용후 영구자석 고순도 희토류 추출 관련 키워드가 content에서 발견되었습니다: NdFeB, rare earth, permanent magnet, neodymium, dysprosium"
55,EVG,반도체,nm급 W2W 하이브리드 본딩 장비,nm-scale W2W hybrid bonding equipment,18.02.2026 EV Group Unveils Next-Generation EVG®120 Resist Processing System for High-Volume Manufacturing Read more,https://www.evgroup.com/company/news/detail/ev-group-unveils-next-generation-evgr120-resist-processing-system-for-high-volume-manufacturing,EVG - Press Center / News / Newsroom / News,official,2026-02-18T00:00:00Z,2026-08-13T05:37:08Z,fetched,1045,"EN English (EN) Choose your language EN English (EN) Deutsch (DE) 日本語 (JA) 中文 (ZH) Services Contact EV Group Company News EV Group Unveils Next-Generation EVG®120 Resist Processing System for High-Volume Manufacturing New ultra-compact platform adds in-situ resist thickness metrology, wafer edge exposure and EVG®150-class performance in a smaller-scale, highly flexible format ST. FLORIAN, Austria, February 18, 2026 —EV Group (EVG), a leading provider of innovative process solutions and expertise serving leading-edge and future semiconductor designs and chip integration schemes,&nbsp;today unveiled the next-generation EVG ® 120 automated resist processing system — a major update to one of the company’s leading coater/developer platforms. Incorporating a new compact architecture, breakthroug...",hybrid bonding; wafer bonding; wafer-to-wafer; die-to-wafer; advanced packaging,content,"5311 1500 Send E-Mail Follow us Related News ASM Pacific Technology and EV Group Join Forces to Enable Industry’s First Ultra Precision Die-to-Wafer Hybrid Bonding Solutions for 3D-IC Heterogeneous Integration Jan, 2021 EV Group Hybrid Bonding, Maskless Lithography and Layer Transfer Solutions for Heterogeneous Integration to be Highlighted at ECTC 2025 May, 2025 EV Group Secures L; oom 210C) – presented by Johanna Rimböck, Scientist, EV Group “Exploration and mitigation of local wafer deformations resulting from direct wafer-to-wafer bonding” (Wed., Feb. 25, 5:10-5:30pm, Room 211B) – co-authored with ASML and CEA-Leti Product Availability EVG is now accepting orders for the next-generation EVG120 system. Demonstrations are available at EVG’s corporate headqu; 9:40am, Room 210C) – presented by Johanna Rimböck, Scientist, EV Group “Exploration and mitigation of local wafer deformations resulting from direct wafer-to-wafer bonding” (Wed., Feb. 25, 5:10-5:30pm, Room 211B) – co-authored with ASML and CEA-Leti Product Availability EVG is now accepting orders for the next-generation EVG120 system. Demonstrations are available at EVG’s corporat",8,relevant,"nm급 W2W 하이브리드 본딩 장비 관련 키워드가 content에서 발견되었습니다: hybrid bonding, wafer bonding, wafer-to-wafer, die-to-wafer, advanced packaging"
55,EVG,반도체,nm급 W2W 하이브리드 본딩 장비,nm-scale W2W hybrid bonding equipment,21.07.2026 EV Group Continues to Top Customer Rankings in TechInsights 2026 Customer Satisfaction Survey with Fourteenth Consecutive Triple Crown Win of Global Semiconductor Supplier Awards Read more,https://www.evgroup.com/company/news/detail/ev-group-continues-to-top-customer-rankings-in-techinsights-2026-customer-satisfaction-survey-with-fourteenth-consecutive-triple-crown-win-of-global-semiconductor-supplier-awards,EVG - Press Center / News / Newsroom / News,official,2026-07-21T00:00:00Z,2026-08-13T05:37:08Z,fetched,1072,"EN English (EN) Choose your language EN English (EN) Deutsch (DE) 日本語 (JA) 中文 (ZH) Services Contact EV Group Company News EV Group Continues to Top Customer Rankings in TechInsights 2026 Customer Satisfaction Survey with Fourteenth Consecutive Triple Crown Win of Global Semiconductor Supplier Awards EVG once again achieves Five Star rating across all participating award categories, including first-place finishes in “Global Semiconductor Supplier” segments, lithography equipment, and specialty fab equipment ST. FLORIAN, Austria, July 21, 2026 —EV Group (EVG), a leading provider of innovative process solutions and expertise serving leading-edge and future semiconductor designs and chip integration schemes,&nbsp;today announced that&nbsp;it has once again topped the rankings in the 2026 TechI...",hybrid bonding; wafer bonding; wafer-to-wafer; advanced packaging,content,"able support’ as well as ‘high reliability for both equipment and personnel.’ Recent advances such as EVG’s collaboration with imec on wafer-to-wafer hybrid bonding with a 200-nm interconnect pitch and record sub-40-nm overlay accuracy further illustrate the depth of the company’s technical leadership.” “Earning this level of recognition from our customers year after year is someth; rd categories, including first place finishes in Fab Equipment, WFE to Specialty Chip Makers, Lithography Equipment, and Specialty Fab Equipment (for wafer bonding). As a result, once again EVG received awards for three major customer satisfaction award groups, marking the 14 th year in a row that it has achieved this feat. According to TechInsights, customers rated EVG best at pa; ls and incomparable support’ as well as ‘high reliability for both equipment and personnel.’ Recent advances such as EVG’s collaboration with imec on wafer-to-wafer hybrid bonding with a 200-nm interconnect pitch and record sub-40-nm overlay accuracy further illustrate the depth of the company’s technical leadership.” “Earning this level of recognition from our customers year after",7,relevant,"nm급 W2W 하이브리드 본딩 장비 관련 키워드가 content에서 발견되었습니다: hybrid bonding, wafer bonding, wafer-to-wafer, advanced packaging"
62,Arkema,이차전지,폴리비닐리덴 플루오라이드(PVDF),polyvinylidene fluoride,"Battery Show Europe 2026 "">",https://www.arkema.com/global/en/media/newslist/news/global/products/2026/20260601-battery-show-europe/,Arkema - Newsroom / Newsroom / News,official,2026-06-01T13:51:10Z,2026-08-13T05:37:08Z,fetched,710,"Go to content Go to navigation Go to search Battery Products Jun 1, 2026 - NEWS Arkema showcases innovative materials at the Battery Show Europe 2026 Arkema, a global leader in specialty materials, will showcase its unique portfolio of solutions and innovations for electric vehicle (EV) and energy storage system (ESS) battery systems at The Battery Show Europe 2026, in Stuttgart, Germany. At the show, Arkema will highlight how innovation contributes to higher performance, safety, and sustainability in next generation batteries. A global leader in LFP battery technology and innovations Arkema has established itself as the reference supplier for materials enabling the rapid expansion of LFP cathode technology. Since 2007, Kynar &reg; HSV 900 has become the industry&rsquo;s reference PVDF bin...",PVDF; fluoropolymer; separator coating; binder material,content,"plier for materials enabling the rapid expansion of LFP cathode technology. Since 2007, Kynar &reg; HSV 900 has become the industry&rsquo;s reference PVDF binder, powering more than 10 million EVs worldwide and countless Energy Storage Systems thanks to its proven reliability, processing robustness, and outstanding cycling performance. Building on this legacy, Arkema cont; egration. The result: enhanced manufacturing efficiency, improved serviceability, and long-term battery performance. &nbsp; More information : Kynar® Fluoropolymer Family Incellion™ Pr: Acrylic based binders Zenimid™ Polyimide Films Rilsamid® Polyamide 12 Resin Our batteries solutions Top Share this page; enhancing adhesion, conductivity, durability, and processability for next-generation LFP cells.&nbsp; Meet our team Hall 1-J30 Best-in-class battery separator coating, proven expertise and new advanced materials Arkema also brings decades of separator coating expertise with its well-known Kynar Flex &reg; PVDF portfolio, bringing mechanical integrity, electrolyte wettability, and out",7,relevant,"폴리비닐리덴 플루오라이드(PVDF) 관련 키워드가 content에서 발견되었습니다: PVDF, fluoropolymer, separator coating, binder material"
1,Australian Strategic Metals,철강금속,사용후 영구자석 고순도 희토류 추출,rare earth extraction from end-of-life permanent magnets,Quarterly Report: Production momentum continues,https://asm-au.com/quarterly-report-production-momentum-continues/,Australian Strategic Metals - News / Newsroom / News RSS,official,2026-07-30T23:32:35Z,2026-08-13T05:37:08Z,fetched,186,"Skip to content Quarterly Report: Production momentum continues 31/07/2026 Australian Strategic Materials (ASM) has released its Quarterly Activities Report for the period ending 30 June 2026. “Our work during the Quarter was driven by three parallel objectives: progressing the Schemes with Energy Fuels, continued production ramp-up and expansion at the Korean Metals Plant (KMP), and progress of the Heap Leach Option pre-feasibility study (PFS) at the Dubbo Project” Rowena Smith Managing Director & CEO, ASM Highlights Rare earth metal and alloy production continues to increase The Korean Metals Plant (KMP) dispatched ~45 tonnes of NdFeB alloy and NdPr metal, with total production increasing for the second quarter in a row. Facility expansion to 3,600tpa nameplate capacity Installation of e...",NdFeB; rare earth; dysprosium,content,"ing Director & CEO, ASM Highlights Rare earth metal and alloy production continues to increase The Korean Metals Plant (KMP) dispatched ~45 tonnes of NdFeB alloy and NdPr metal, with total production increasing for the second quarter in a row. Facility expansion to 3,600tpa nameplate capacity Installation of eight new furnaces at the KMP completed, progressing Phase 2 expa; t (KMP), and progress of the Heap Leach Option pre-feasibility study (PFS) at the Dubbo Project” Rowena Smith Managing Director & CEO, ASM Highlights Rare earth metal and alloy production continues to increase The Korean Metals Plant (KMP) dispatched ~45 tonnes of NdFeB alloy and NdPr metal, with total production increasing for the second quarter in a row. Facility expansion to; e earth metal development Commissioning of next-generation pilot-scale HRE metallisation furnace continued, supporting the development of terbium and dysprosium production. MREP pathway offers simpler and lower cost route to production at Dubbo Project Mixed rare earth precipitate (MREP) product pathway further examined to inform comprehensive Heap Leach Option pre-feasibility",6,relevant,"사용후 영구자석 고순도 희토류 추출 관련 키워드가 content에서 발견되었습니다: NdFeB, rare earth, dysprosium"
28,ASML,반도체,EUV 노광장비,EUV lithography equipment,"July 15, 2026 High NA EUV reaches new readiness milestone with first high-volume Logic product",https://www.asml.com/en/news/press-releases/2026/high-na-euv-reaches-new-readiness-milestone,ASML - ASML News / Newsroom / News,official,2026-07-15T00:00:00Z,2026-08-13T05:37:08Z,fetched,645,"High NA EUV reaches new readiness milestone with first high-volume Logic product Press release - Veldhoven, The Netherlands, July 15, 2026 Intel Foundry has entered high-volume manufacturing for a subset of Intel® Core™ Ultra Series 3 processors, code-named Panther Lake, using ASML’s EXE High NA EUV technology Specific Intel 18A layers are now dual-qualified on High NA EUV in Oregon, with product shipping to customers at yields matched to the NXE platform Intel and ASML continue to closely collaborate on High NA EUV readiness with flexibility to incorporate into future nodes based on customer needs &nbsp; ASML Holding N.V. (ASML) today reported that Intel Foundry is using ASML’s High NA EUV technology on the Intel 18A process node to produce a subset of its Intel® Core™ Ultra Series 3 proc...",EUV; High NA; lithography,title; content; url,"High NA EUV reaches new readiness milestone with first high-volume Logic product Press release - Veldhoven, The Netherlands, July 15, 2026 Intel Foundry has entered high-volume manufacturing for a subset of Intel® Core™ Ultra Serie; High NA EUV reaches new readiness milestone with first high-volume Logic product Press release - Veldhoven, The Netherlands, July 15, 2026 Intel Foundry has entered high-volume manufacturing for a subset of Intel® Core™ Ultra S; important step in demonstrating High NA EUV readiness in a production environment. &nbsp; ASML and Intel have worked closely for decades to advance lithography technology and support the continued scaling of semiconductors. The high numerical aperture extreme ultraviolet (High NA EUV) lithography process is an important next step in EUV lithography, developed by ASML to enable m",6,relevant,"EUV 노광장비 관련 키워드가 title, content, url에서 발견되었습니다: EUV, High NA, lithography"
28,ASML,반도체,EUV 노광장비,EUV lithography equipment,"July 15, 2026 ASML reports €9.3 billion total net sales and €2.9 billion net income in Q2 2026",https://www.asml.com/en/news/press-releases/2026/q2-2026-financial-results,ASML - ASML News / Newsroom / News,official,2026-07-15T00:00:00Z,2026-08-13T05:37:08Z,fetched,1852,"ASML reports €9.3 billion total net sales and €2.9 billion net income in Q2 2026 ASML increases outlook, expects 2026 total net sales to be between €43 billion and €45 billion, with a gross margin between 54% and 56% Press release - Veldhoven, The Netherlands, July 15, 2026 Today, ASML Holding NV (ASML) has published its 2026 second-quarter results. Q2 total net sales of €9.3 billion, gross margin of 54.0%, net income of €2.9 billion ASML expects Q3 2026 total net sales between €11.0 billion and €12.0 billion, and a gross margin between 55% and 57% ASML now expects 2026 total net sales to be between €43 billion and €45 billion, with a gross margin between 54% and 56% (Figures in millions of euros unless otherwise indicated) Q1 2026 Q2 2026 Total net sales 8,767 9,326 ...of which Installed...",EUV; lithography; semiconductor equipment,content,"mand. Our order intake remained extremely strong in the first half of the year. Based on this momentum, we are planning to add 30% to our 2026 low NA EUV capacity of around 65 for 2027, and we are investigating to increase capacity with another 30% for 2028. Similarly, we plan to add 30% to our 2026 DUV immersion capacity of around 130 for 2027, and we are investigating; s otherwise indicated) Q1 2026 Q2 2026 Total net sales 8,767 9,326 ...of which Installed Base Management sales 1 2,488 2,762 &nbsp; &nbsp; &nbsp; New lithography systems sold (units) 67 86 Used lithography systems sold (units) 12 5 &nbsp; &nbsp; &nbsp; Gross profit 4,645 5,035 Gross margin (%) 53.0 54.0 &nbsp; &nbsp; &nbsp; Net income 2,757 2,918 EPS (basic; in euros) 7.15 7.59; substantial known and unknown risks and uncertainties. These risks and uncertainties include, without limitation, risks relating to customer demand, semiconductor equipment industry capacity, worldwide demand for semiconductors and semiconductor manufacturing capacity, lithography tool utilization and semiconductor inventory levels, general trends and consumer confidence in the semiconduct",6,relevant,"EUV 노광장비 관련 키워드가 content에서 발견되었습니다: EUV, lithography, semiconductor equipment"
32,Vestas,에너지,해상풍력터빈,offshore wind turbine,Wind Turbine Orders,https://www.vestas.com/en/investor/announcements/wind-turbines-orders,Vestas - Company News / Company News,official,,2026-08-13T05:37:08Z,fetched,27910,"Wind turbine orders Announced wind turbine orders \r\n""}}"" id=""styledheading-a04bb2028c"" class=""cmp-text""> Announced wind turbine orders Below you will find an overview of announced wind turbine orders from the current year and more than five years back. \r\n Orders with a&nbsp;total capacity of 1.5 GW or more are disclosed as company announcements. Orders with a capacity below 1.5 GW may be published as news releases by the local business units. All announced orders will figure in the lists below, with a link to either a company announcement or a press release.&nbsp; \r\n &nbsp; \r\n &nbsp; \r\n &nbsp; \r\n""}}"" id=""text-77947da3ab"" class=""cmp-text""> Below you will find an overview of announced wind turbine orders from the current year and more than five years back. Orders with a total cap...",offshore wind; wind turbine; wind energy,title; content; url,"&nbsp; \r\n 495 \r\n 31.03.25 \r\n Vestas wins 50 MW order in Italy \r\n 50 \r\n &nbsp; \r\n 31.03.25 \r\n Vestas wins firm order for the Nordlicht 1 offshore wind project in Germany \r\n &nbsp; \r\n 1,020 \r\n 31.03.25 \r\n Vestas secures orders with wpd for a total of 154 MW in Germany \r\n 154 \r\n &nbsp; \r\n 31.03.25 \r\n Vestas wins 172 MW order in the USA \r\n 172 \r\n &nbs; Wind turbine orders Announced wind turbine orders \r\n""}}"" id=""styledheading-a04bb2028c"" class=""cmp-text""> Announced wind turbine orders Below you will find an overview of announced wind turbine orders from the current year and more; Date \r\n \r\n Title \r\n \r\n Onshore \r\n \r\n Offshore \r\n \r\n 14-04-26 \r\n Vestas receives 70 MW order from Tessa Green Energy to deliver more wind energy in Bulgaria \r\n 70 \r\n &nbsp; \r\n 27-04-26 \r\n Vestas strengthens Québec presence with 186 MW order from EDF power solutions North America \r\n 186 \r\n &nbsp; \r\n 29-04-2026 \r\n Vestas announces 50 MW order in Ge",6,relevant,"해상풍력터빈 관련 키워드가 title, content, url에서 발견되었습니다: offshore wind, wind turbine, wind energy"
55,EVG,반도체,nm급 W2W 하이브리드 본딩 장비,nm-scale W2W hybrid bonding equipment,05.05.2026 Xanadu and EV Group partner to build industrial-scale photonic quantum hardware Read more,https://www.evgroup.com/company/news/detail/xanadu-and-ev-group-partner-to-build-industrial-scale-photonic-quantum-hardware,EVG - Press Center / News / Newsroom / News,official,,2026-08-13T05:37:08Z,fetched,1607,"EN English (EN) Choose your language EN English (EN) Deutsch (DE) 日本語 (JA) 中文 (ZH) Services Contact EV Group Company News Xanadu and EV Group partner to build industrial-scale photonic quantum hardware Xanadu team visits EV Group's headquarters in Austria. From left to right: Joe Battaglia, Strategic Account Manager North America, EV Group; Hermann Waltl, Executive Sales and Customer Support Director, EV Group; Oliver Herrmann, Engineering Manager - Process Integration, Xanadu; Ron Then, Sr. Process De-velopment Engineer, Xanadu; Dave Kirsch, Vice President & General Manager North America, EV Group; Dr. Thomas Uhrmann, Vice President of Sales, EV Group Toronto, ON |&nbsp;May 5th, 2026 /CNW/ --&nbsp;Xanadu Quantum Technologies Ltd. (“ Xanadu ”; NASDAQ/TSX: XNDU), a leading photonic quantum...",wafer bonding; die-to-wafer; advanced packaging,content,"u Quantum Technologies Ltd. (“ Xanadu ”; NASDAQ/TSX: XNDU), a leading photonic quantum computing company, and EV Group ( EVG ), a leading supplier of wafer bonding and lithography equipment, today announced a strategic partnership to develop critical heterogeneous integration and wafer bonding processes to facilitate the scalability of photonic quantum systems. Throughout this par; nces Management Board Expansion In Light Of Unabated Growth Oct, 2024 EV Group Addresses Key Process Gap in Heterogeneous Integration with Collective Die-to-Wafer Hybrid and Fusion Bonding Demonstration Oct, 2020 EV Group Scores Big with Eleventh Consecutive Triple Crown Win in TechInsights 2023 Customer Satisfaction Survey Jun, 2023; ude wafer bonding, lithography, thin-wafer processing and metrology equipment, enable advances in semiconductor front-end scaling, 3D integration and advanced packaging, as well as in other electronics and photonics applications. More information at www.EVGroup.com . Contact Xanadu: Xanadu Press Contact:&nbsp; press@xanadu.ai Contacts EV Group: Clemens Schütte Director, Marketing and C",6,relevant,"nm급 W2W 하이브리드 본딩 장비 관련 키워드가 content에서 발견되었습니다: wafer bonding, die-to-wafer, advanced packaging"
29,Besi,반도체,nm급 W2W 하이브리드 본딩 장비,nm-scale W2W hybrid bonding equipment,&nbsp;,https://www.besi.com/investor-relations/press-releases/share-repurchases/,Besi - Press Releases / Press Releases,official,2026-08-06T00:00:00Z,2026-08-13T05:37:08Z,fetched,708,&nbsp; StockTicker Navigatie is gesloten Company Company Profile Strategy Market Products & Services Company Overview Organization Executive Management Supervisory Board Sustainability Products & Technology Die Attach Hybrid Bonding Datacon 8800 CHAMEO ultra plus AC Thermo Compression Bonding 9800 TC next Multi Module Attach Datacon 2200 evo Datacon 2200 evo plus Datacon 2200 evo hF Datacon 2200 evo hS Datacon 2200 evo advanced Die Bonding Esec 2100 hS iXplus Esec 2100 sD advanced i Esec 2100 hS i Esec 2100 hS Esec 2100 SC Strip Mapping E142 on Esec Die Bonder Soft Solder Die Bonding Esec 2100 SSI Esec 2009 SSI E Esec 2009 fS E Flip Chip Datacon 8800 FC QUANTUM advanced Datacon 8800 FC QUANTUM advX Datacon 8800 CHAMEO advanced Esec 2100 FC hS Packaging Molding AMS-X MMS-X Fico Molding Line...,hybrid bonding; die bonding,content,ategy Market Products & Services Company Overview Organization Executive Management Supervisory Board Sustainability Products & Technology Die Attach Hybrid Bonding Datacon 8800 CHAMEO ultra plus AC Thermo Compression Bonding 9800 TC next Multi Module Attach Datacon 2200 evo Datacon 2200 evo plus Datacon 2200 evo hF Datacon 2200 evo hS Datacon 2200 evo advanced Die Bonding Esec 210; ion Bonding 9800 TC next Multi Module Attach Datacon 2200 evo Datacon 2200 evo plus Datacon 2200 evo hF Datacon 2200 evo hS Datacon 2200 evo advanced Die Bonding Esec 2100 hS iXplus Esec 2100 sD advanced i Esec 2100 hS i Esec 2100 hS Esec 2100 SC Strip Mapping E142 on Esec Die Bonder Soft Solder Die Bonding Esec 2100 SSI Esec 2009 SSI E Esec 2009 fS E Flip Chip Datacon 8800 FC Q,5,relevant,"nm급 W2W 하이브리드 본딩 장비 관련 키워드가 content에서 발견되었습니다: hybrid bonding, die bonding"
31,Norsk Hydro,철강금속,비철금속 소재 스크랩 활용률 극대화,non-ferrous metal scrap recycling and utilization,"Hydro and Mercedes-Benz shift gears to scale recycled and low-carbon aluminium in Europe Hydro and Mercedes-Benz are expanding their partnership to increase the use of recycled and low-carbon aluminium across Europe. This is supporting eff ... July 27, 2026",https://www.hydro.com/en/global/media/news/2026/hydro-and-mercedes-benz-shift-gears-to-scale-recycled-and-low-carbon-aluminium-in-europe/,Norsk Hydro - News / Newsroom / News,official,2026-07-27T00:00:00Z,2026-08-13T05:37:08Z,fetched,924,"Hydro and Mercedes-Benz shift gears to scale recycled and low-carbon aluminium in Europe Hydro and Mercedes-Benz are expanding their partnership to increase the use of recycled and low-carbon aluminium across Europe. This is supporting efforts to cut emissions while strengthening resilient value chains. Back to the source: Mercedes-Benz CLA in the electrolysis hall at Hydro Årdal, where Hydro produces low-carbon aluminium for Europe’s automotive industry. As a first step, Mercedes-Benz will become the first automotive company in Europe to integrate Hydro CIRCAL into series production for the next generation of large electric vehicles. This recycled aluminium is made with at least 75 percent post-consumer scrap, a significant increase from today's minimum of 25 percent. The material is prod...",scrap; recycling,content,"CAL into series production for the next generation of large electric vehicles. This recycled aluminium is made with at least 75 percent post-consumer scrap, a significant increase from today's minimum of 25 percent. The material is produced through advanced recycling processes that recover aluminium from end-of-life vehicles, buildings, and infrastructure and return it to; de with at least 75 percent post-consumer scrap, a significant increase from today's minimum of 25 percent. The material is produced through advanced recycling processes that recover aluminium from end-of-life vehicles, buildings, and infrastructure and return it to new automotive applications. “The automotive industry needs materials that can cut emissions without compromisin",5,relevant,"비철금속 소재 스크랩 활용률 극대화 관련 키워드가 content에서 발견되었습니다: scrap, recycling"
5,Cytiva,바이오,바이오의약품 생산용 배양 및 정제 시스템,biopharma culture and purification system,Danaher Reports Second Quarter 2026 Results Danaher Corporation (NYSE: DHR) today announced results for the second quarter 2026. All results in this release reflect only continuing operations and period-to-period comparisons are... 07.21.2026,https://investors.danaher.com/2026-07-21-Danaher-Reports-Second-Quarter-2026-Results,Cytiva - Danaher Press Releases / Press Releases,official,2026-07-21T00:00:00Z,2026-08-13T05:37:08Z,fetched,5279,", but this code // executes before the first paint, when is not yet present. The // classes are added to so styling immediately reflects the current // toolbar state. The classes are removed after the toolbar completes // initialization. const classesToAdd = ['toolbar-loading', 'toolbar-anti-flicker']; if (toolbarState) { const { orientation, hasActiveTab, isFixed, activeTray, activeTabId, isOriented, userButtonMinWidth } = toolbarState; classesToAdd.push( orientation ? `toolbar-` + orientation + `` : 'toolbar-horizontal', ); if (hasActiveTab !== false) { classesToAdd.push('toolbar-tray-open'); } if (isFixed) { classesToAdd.push('toolbar-fixed'); } if (isOriented) { classesToAdd.push('toolbar-oriented'); } if (activeTray) { // These styles are added so the active tab/tray styles are presen...",bioprocess; resin,content,"igits adjusted EPS growth. Our Life Sciences businesses delivered their strongest quarter in several years and while customer project timing impacted bioprocessing revenue, underlying order trends remained strong and bioprocessing orders grew mid-teens in the quarter."" Mr. Blair continued, ""Looking ahead, continued end-market recovery and traction from our recent growth initiat; attached. In addition, this earnings release, the slide presentation accompanying the related earnings call, non-GAAP reconciliations and a note containing details of historical and anticipated, future financial performance have been posted to the ""Investors"" section of Danaher's website ( www.danaher.com ). FORWARD-LOOKING STATEMENTS AND OTHER INFORMATION Statements in t",5,relevant,"바이오의약품 생산용 배양 및 정제 시스템 관련 키워드가 content에서 발견되었습니다: bioprocess, resin"
9,Albemarle,이차전지,"양극재 소재(수산화리튬, 탄산리튬)",cathode material lithium hydroxide/carbonate,"Press Releases July 21, 2026 Albemarle Announces Quarterly Common Stock Dividend CHARLOTTE, N.C., July 21, 2026 /PRNewswire/ -- The Board of Directors of Albemarle Corporation (NYSE: ALB) today announced that it declared a quarterly common stock dividend of $0.41 per share. The dividend, which has an annualized rate of $1.64, is payable Oct. 1, 2026, to shareholders of record at",https://www.albemarle.com/us/en/news/albemarle-announces-quarterly-common-stock-dividend-7,Albemarle - Newsroom / Newsroom / News,official,2026-07-21T00:00:00Z,2026-08-13T05:37:08Z,fetched,424,"Skip to main content Share LinkedIn WhatsApp X Email Copy Link Albemarle Announces Quarterly Common Stock Dividend CHARLOTTE, N.C. , July 21, 2026 /PRNewswire/ -- The Board of Directors of Albemarle Corporation &nbsp;(NYSE: ALB) today announced that it declared a quarterly common stock dividend of $0.41 per share. The dividend, which has an annualized rate of $1.64, is payable Oct. 1, 2026, to shareholders of record at the close of business as of Sept. 11, 2026. About Albemarle Albemarle Corporation (NYSE: ALB) is a world leader in transforming essential resources into critical ingredients for mobility, energy, connectivity and health. We partner to pioneer new ways to move, power, connect and protect with people and planet in mind. A reliable and high-quality global supply of lithium and...",lithium; spodumene,content,"alth. We partner to pioneer new ways to move, power, connect and protect with people and planet in mind. A reliable and high-quality global supply of lithium and bromine allows us to deliver advanced solutions for our customers. Learn more about how the people of Albemarle are enabling a more resilient world at Albemarle.com . Albemarle regularly posts information to Albemar; looking statement include, without limitation: changes in economic and business conditions; potential expected market pricing of bromine, lithium and spodumene and other underlying assumptions and our 2026 outlook considerations; adverse changes in liquidity or financial or operating performance; changes in the demand for our products or the end-user markets in which our produ",5,relevant,"양극재 소재(수산화리튬, 탄산리튬) 관련 키워드가 content에서 발견되었습니다: lithium, spodumene"
29,Besi,반도체,nm급 W2W 하이브리드 본딩 장비,nm-scale W2W hybrid bonding equipment,&nbsp;,https://www.besi.com/investor-relations/press-releases/,Besi - Press Releases / Press Releases,official,2026-07-16T00:00:00Z,2026-08-13T05:37:08Z,fetched,866,&nbsp; StockTicker Navigatie is gesloten Company Company Profile Strategy Market Products & Services Company Overview Organization Executive Management Supervisory Board Sustainability Products & Technology Die Attach Hybrid Bonding Datacon 8800 CHAMEO ultra plus AC Thermo Compression Bonding 9800 TC next Multi Module Attach Datacon 2200 evo Datacon 2200 evo plus Datacon 2200 evo hF Datacon 2200 evo hS Datacon 2200 evo advanced Die Bonding Esec 2100 hS iXplus Esec 2100 sD advanced i Esec 2100 hS i Esec 2100 hS Esec 2100 SC Strip Mapping E142 on Esec Die Bonder Soft Solder Die Bonding Esec 2100 SSI Esec 2009 SSI E Esec 2009 fS E Flip Chip Datacon 8800 FC QUANTUM advanced Datacon 8800 FC QUANTUM advX Datacon 8800 CHAMEO advanced Esec 2100 FC hS Packaging Molding AMS-X MMS-X Fico Molding Line...,hybrid bonding; die bonding,content,ategy Market Products & Services Company Overview Organization Executive Management Supervisory Board Sustainability Products & Technology Die Attach Hybrid Bonding Datacon 8800 CHAMEO ultra plus AC Thermo Compression Bonding 9800 TC next Multi Module Attach Datacon 2200 evo Datacon 2200 evo plus Datacon 2200 evo hF Datacon 2200 evo hS Datacon 2200 evo advanced Die Bonding Esec 210; ion Bonding 9800 TC next Multi Module Attach Datacon 2200 evo Datacon 2200 evo plus Datacon 2200 evo hF Datacon 2200 evo hS Datacon 2200 evo advanced Die Bonding Esec 2100 hS iXplus Esec 2100 sD advanced i Esec 2100 hS i Esec 2100 hS Esec 2100 SC Strip Mapping E142 on Esec Die Bonder Soft Solder Die Bonding Esec 2100 SSI Esec 2009 SSI E Esec 2009 fS E Flip Chip Datacon 8800 FC Q,5,relevant,"nm급 W2W 하이브리드 본딩 장비 관련 키워드가 content에서 발견되었습니다: hybrid bonding, die bonding"
62,Arkema,이차전지,폴리비닐리덴 플루오라이드(PVDF),polyvinylidene fluoride,"15% PVDF capacity expansion in North America"">",https://www.arkema.com/global/en/media/newslist/news/global/investorrelations/2026/20260623-arkema-successfully-started-its-PVDF-capacity-expansion/,Arkema - Newsroom / Newsroom / News,official,2026-06-23T12:28:00Z,2026-08-13T05:37:08Z,fetched,424,"Go to content Go to navigation Go to search Finance Business Jun 23, 2026 - PRESS RELEASE Arkema successfully started up its 15% PVDF capacity expansion in North America Download the PDF This capacity expansion in Calvert City, Kentucky, strengthens the Group&rsquo;s leadership in PVDF. This investment of around 20 million US dollars will support the growing demand for energy storage systems and semiconductors, as well as data center rapid expansion. Announced in February 2025, this investment has been delivered on time and within the initial budget, demonstrating Arkema&rsquo;s disciplined execution and strong project management capabilities, while supporting customers&rsquo; growth. Further strengthening Arkema&rsquo;s leadership in PVDF in the United States, this additional capacity wil...",PVDF; fluoropolymer,title; content; url,"Go to content Go to navigation Go to search Finance Business Jun 23, 2026 - PRESS RELEASE Arkema successfully started up its 15% PVDF capacity expansion in North America Download the PDF This capacity expansion in Calvert City, Kentucky, strengthens the Group&rsquo;s leadership in PVDF. This investment of around 20 million US dollars will support the; n North America, Europe, and Asia, Arkema is well positioned to support global demand growth and ensure reliable supply worldwide. Go further: Kynar® Fluoropolymer Family Our solutions for the electronics market Our battery solutions Our solutions for data centers IR contacts Béatrice ZILM Investor relations +33 (0)1 49 00 86 37 James POUTIER Investor relations +33 (0)1 49 00 73 1",5,relevant,"폴리비닐리덴 플루오라이드(PVDF) 관련 키워드가 title, content, url에서 발견되었습니다: PVDF, fluoropolymer"
5,Cytiva,바이오,바이오의약품 생산용 배양 및 정제 시스템,biopharma culture and purification system,News Article Top six takeaways from the 2026 Danaher Summit 06.15.26,https://www.danaher.com/top-six-takeaways-2026-danaher-summit-bioprocessing,Cytiva - Danaher Newsroom / Newsroom / News,official,2026-06-15T00:00:00Z,2026-08-13T05:37:08Z,fetched,809,"Skip to main content Skip to content News Article Top six takeaways from the 2026 Danaher Summit June 15, 2026 The 2026 Danaher Summit brought together leading thinkers and innovators from across bioprocessing, biopharma and life sciences on the theme of ""The Next Era of Bioprocessing: From Promise to Patient Impact."" Learn more Our speakers and panelists had candid, substantive conversations about where the industry stands today and what it will take to scale the next generation of advanced therapies to reach all the patients who need them. Here are some of the biggest ideas from this year's Summit.&nbsp; The old manufacturing playbook no longer fits. Biomanufacturing was built for large batches of standardized therapies. The next generation of medicines—cell and gene therapies, targeted...",biopharma; bioprocess,content; url,"eaways from the 2026 Danaher Summit June 15, 2026 The 2026 Danaher Summit brought together leading thinkers and innovators from across bioprocessing, biopharma and life sciences on the theme of ""The Next Era of Bioprocessing: From Promise to Patient Impact."" Learn more Our speakers and panelists had candid, substantive conversations about where the industry stands today and wh; cle Top six takeaways from the 2026 Danaher Summit June 15, 2026 The 2026 Danaher Summit brought together leading thinkers and innovators from across bioprocessing, biopharma and life sciences on the theme of ""The Next Era of Bioprocessing: From Promise to Patient Impact."" Learn more Our speakers and panelists had candid, substantive conversations about where the industry stand",5,relevant,"바이오의약품 생산용 배양 및 정제 시스템 관련 키워드가 content, url에서 발견되었습니다: biopharma, bioprocess"
29,Besi,반도체,nm급 W2W 하이브리드 본딩 장비,nm-scale W2W hybrid bonding equipment,Annual General Meeting,https://www.besi.com/investor-relations/annual-general-meeting/agm-2026/,Besi - Press Releases / Press Releases,official,2026-04-23T00:00:00Z,2026-08-13T05:37:08Z,fetched,634,&nbsp; StockTicker Navigatie is gesloten Company Company Profile Strategy Market Products & Services Company Overview Organization Executive Management Supervisory Board Sustainability Products & Technology Die Attach Hybrid Bonding Datacon 8800 CHAMEO ultra plus AC Thermo Compression Bonding 9800 TC next Multi Module Attach Datacon 2200 evo Datacon 2200 evo plus Datacon 2200 evo hF Datacon 2200 evo hS Datacon 2200 evo advanced Die Bonding Esec 2100 hS iXplus Esec 2100 sD advanced i Esec 2100 hS i Esec 2100 hS Esec 2100 SC Strip Mapping E142 on Esec Die Bonder Soft Solder Die Bonding Esec 2100 SSI Esec 2009 SSI E Esec 2009 fS E Flip Chip Datacon 8800 FC QUANTUM advanced Datacon 8800 FC QUANTUM advX Datacon 8800 CHAMEO advanced Esec 2100 FC hS Packaging Molding AMS-X MMS-X Fico Molding Line...,hybrid bonding; die bonding,content,ategy Market Products & Services Company Overview Organization Executive Management Supervisory Board Sustainability Products & Technology Die Attach Hybrid Bonding Datacon 8800 CHAMEO ultra plus AC Thermo Compression Bonding 9800 TC next Multi Module Attach Datacon 2200 evo Datacon 2200 evo plus Datacon 2200 evo hF Datacon 2200 evo hS Datacon 2200 evo advanced Die Bonding Esec 210; ion Bonding 9800 TC next Multi Module Attach Datacon 2200 evo Datacon 2200 evo plus Datacon 2200 evo hF Datacon 2200 evo hS Datacon 2200 evo advanced Die Bonding Esec 2100 hS iXplus Esec 2100 sD advanced i Esec 2100 hS i Esec 2100 hS Esec 2100 SC Strip Mapping E142 on Esec Die Bonder Soft Solder Die Bonding Esec 2100 SSI Esec 2009 SSI E Esec 2009 fS E Flip Chip Datacon 8800 FC Q,5,relevant,"nm급 W2W 하이브리드 본딩 장비 관련 키워드가 content에서 발견되었습니다: hybrid bonding, die bonding"
55,EVG,반도체,nm급 W2W 하이브리드 본딩 장비,nm-scale W2W hybrid bonding equipment,21.04.2026 CEZAMAT Boosts Advanced Photonics R&D with State-of-the-Art UV Nanoimprint System from EV Group Read more,https://www.evgroup.com/company/news/detail/cezamat-boosts-advanced-photonics-rd-with-state-of-the-art-uv-nanoimprint-system-from-ev-group,EVG - Press Center / News / Newsroom / News,official,2026-04-21T00:00:00Z,2026-08-13T05:37:08Z,fetched,728,"EN English (EN) Choose your language EN English (EN) Deutsch (DE) 日本語 (JA) 中文 (ZH) Services Contact EV Group Company News CEZAMAT Boosts Advanced Photonics R&D with State-of-the-Art UV Nanoimprint System from EV Group New EVG®6200 NT platform enables high-resolution, scalable fabrication of next-generation micro- and nanostructures The EVG®6200 NT mask alignment system with UV nanoimprint capability featuring EVG’s proprietary SmartNIL® technology in the cleanroom. Source: EV Group. The EVG®6200 NT mask alignment system with UV nanoimprint capability featuring EVG’s proprietary SmartNIL® technology in the cleanroom. Source: EV Group. WARSAW, Poland and ST. FLORIAN, Austria, April 21, 2026&nbsp; – CEZAMAT, a world-class research center for advanced materials and technologies, and EV Group (...",wafer bonding; advanced packaging,content,"ication technologies enables customers to successfully commercialize new product ideas. EVG’s high-volume-manufacturing-ready products, which include wafer bonding, lithography, thin-wafer processing and metrology equipment, enable advances in semiconductor front-end scaling, 3D integration and advanced packaging, as well as in other electronics and photonics applications. More in; ude wafer bonding, lithography, thin-wafer processing and metrology equipment, enable advances in semiconductor front-end scaling, 3D integration and advanced packaging, as well as in other electronics and photonics applications. More information at&nbsp; www.EVGroup.com Contacts: Clemens Schütte Director, Marketing and Communications EV Group Tel: +43 7712 5311 0 E-mail:&nbsp; Marketi",5,relevant,"nm급 W2W 하이브리드 본딩 장비 관련 키워드가 content에서 발견되었습니다: wafer bonding, advanced packaging"
31,Norsk Hydro,철강금속,비철금속 소재 스크랩 활용률 극대화,non-ferrous metal scrap recycling and utilization,Hydro at a glance,https://www.hydro.com/en/global/media/hydro-at-a-glance/,Norsk Hydro - News Subscription / Investor News Subscription,official,2025-12-11T00:00:00Z,2026-08-13T05:37:08Z,fetched,251,"Hydro at a glance Hydro is a leading aluminium and renewable energy company committed to a sustainable future. Our purpose is to create more viable societies by developing natural resources into products and solutions in innovative and efficient ways. Since 1905, Hydro has turned natural resources into valuable products for people and businesses, creating a safe and secure workplace for our 32,000 employees in more than 140 locations and 40 countries. Today, we own and operate various businesses and have investments with a base in sustainable industries. Hydro is through its businesses present in a broad range of market segments for aluminium, energy, metal recycling, renewables and batteries, offering a unique wealth of knowledge and competence. Hydro is committed to leading the way towar...",recycling; metal recycling,content,"ments with a base in sustainable industries. Hydro is through its businesses present in a broad range of market segments for aluminium, energy, metal recycling, renewables and batteries, offering a unique wealth of knowledge and competence. Hydro is committed to leading the way towards a more sustainable future, creating more viable societies by developing natural resources in; investments with a base in sustainable industries. Hydro is through its businesses present in a broad range of market segments for aluminium, energy, metal recycling, renewables and batteries, offering a unique wealth of knowledge and competence. Hydro is committed to leading the way towards a more sustainable future, creating more viable societies by developing natural resources in",5,relevant,"비철금속 소재 스크랩 활용률 극대화 관련 키워드가 content에서 발견되었습니다: recycling, metal recycling"
29,Besi,반도체,nm급 W2W 하이브리드 본딩 장비,nm-scale W2W hybrid bonding equipment,Archive AGM 2025,https://www.besi.com/investor-relations/annual-general-meeting/agm-2025/,Besi - Press Releases / Press Releases,official,2025-04-23T00:00:00Z,2026-08-13T05:37:08Z,fetched,633,&nbsp; StockTicker Navigatie is gesloten Company Company Profile Strategy Market Products & Services Company Overview Organization Executive Management Supervisory Board Sustainability Products & Technology Die Attach Hybrid Bonding Datacon 8800 CHAMEO ultra plus AC Thermo Compression Bonding 9800 TC next Multi Module Attach Datacon 2200 evo Datacon 2200 evo plus Datacon 2200 evo hF Datacon 2200 evo hS Datacon 2200 evo advanced Die Bonding Esec 2100 hS iXplus Esec 2100 sD advanced i Esec 2100 hS i Esec 2100 hS Esec 2100 SC Strip Mapping E142 on Esec Die Bonder Soft Solder Die Bonding Esec 2100 SSI Esec 2009 SSI E Esec 2009 fS E Flip Chip Datacon 8800 FC QUANTUM advanced Datacon 8800 FC QUANTUM advX Datacon 8800 CHAMEO advanced Esec 2100 FC hS Packaging Molding AMS-X MMS-X Fico Molding Line...,hybrid bonding; die bonding,content,ategy Market Products & Services Company Overview Organization Executive Management Supervisory Board Sustainability Products & Technology Die Attach Hybrid Bonding Datacon 8800 CHAMEO ultra plus AC Thermo Compression Bonding 9800 TC next Multi Module Attach Datacon 2200 evo Datacon 2200 evo plus Datacon 2200 evo hF Datacon 2200 evo hS Datacon 2200 evo advanced Die Bonding Esec 210; ion Bonding 9800 TC next Multi Module Attach Datacon 2200 evo Datacon 2200 evo plus Datacon 2200 evo hF Datacon 2200 evo hS Datacon 2200 evo advanced Die Bonding Esec 2100 hS iXplus Esec 2100 sD advanced i Esec 2100 hS i Esec 2100 hS Esec 2100 SC Strip Mapping E142 on Esec Die Bonder Soft Solder Die Bonding Esec 2100 SSI Esec 2009 SSI E Esec 2009 fS E Flip Chip Datacon 8800 FC Q,5,relevant,"nm급 W2W 하이브리드 본딩 장비 관련 키워드가 content에서 발견되었습니다: hybrid bonding, die bonding"
29,Besi,반도체,nm급 W2W 하이브리드 본딩 장비,nm-scale W2W hybrid bonding equipment,Archive AGM 2024,https://www.besi.com/investor-relations/annual-general-meeting/agm-2024/,Besi - Press Releases / Press Releases,official,2024-04-25T00:00:00Z,2026-08-13T05:37:08Z,fetched,617,&nbsp; StockTicker Navigatie is gesloten Company Company Profile Strategy Market Products & Services Company Overview Organization Executive Management Supervisory Board Sustainability Products & Technology Die Attach Hybrid Bonding Datacon 8800 CHAMEO ultra plus AC Thermo Compression Bonding 9800 TC next Multi Module Attach Datacon 2200 evo Datacon 2200 evo plus Datacon 2200 evo hF Datacon 2200 evo hS Datacon 2200 evo advanced Die Bonding Esec 2100 hS iXplus Esec 2100 sD advanced i Esec 2100 hS i Esec 2100 hS Esec 2100 SC Strip Mapping E142 on Esec Die Bonder Soft Solder Die Bonding Esec 2100 SSI Esec 2009 SSI E Esec 2009 fS E Flip Chip Datacon 8800 FC QUANTUM advanced Datacon 8800 FC QUANTUM advX Datacon 8800 CHAMEO advanced Esec 2100 FC hS Packaging Molding AMS-X MMS-X Fico Molding Line...,hybrid bonding; die bonding,content,ategy Market Products & Services Company Overview Organization Executive Management Supervisory Board Sustainability Products & Technology Die Attach Hybrid Bonding Datacon 8800 CHAMEO ultra plus AC Thermo Compression Bonding 9800 TC next Multi Module Attach Datacon 2200 evo Datacon 2200 evo plus Datacon 2200 evo hF Datacon 2200 evo hS Datacon 2200 evo advanced Die Bonding Esec 210; ion Bonding 9800 TC next Multi Module Attach Datacon 2200 evo Datacon 2200 evo plus Datacon 2200 evo hF Datacon 2200 evo hS Datacon 2200 evo advanced Die Bonding Esec 2100 hS iXplus Esec 2100 sD advanced i Esec 2100 hS i Esec 2100 hS Esec 2100 SC Strip Mapping E142 on Esec Die Bonder Soft Solder Die Bonding Esec 2100 SSI Esec 2009 SSI E Esec 2009 fS E Flip Chip Datacon 8800 FC Q,5,relevant,"nm급 W2W 하이브리드 본딩 장비 관련 키워드가 content에서 발견되었습니다: hybrid bonding, die bonding"
29,Besi,반도체,nm급 W2W 하이브리드 본딩 장비,nm-scale W2W hybrid bonding equipment,&nbsp;,https://www.besi.com/investor-relations/annual-general-meeting/archive-agm-2023/,Besi - Press Releases / Press Releases,official,2023-04-26T00:00:00Z,2026-08-13T05:37:08Z,fetched,672,&nbsp; StockTicker Navigatie is gesloten Company Company Profile Strategy Market Products & Services Company Overview Organization Executive Management Supervisory Board Sustainability Products & Technology Die Attach Hybrid Bonding Datacon 8800 CHAMEO ultra plus AC Thermo Compression Bonding 9800 TC next Multi Module Attach Datacon 2200 evo Datacon 2200 evo plus Datacon 2200 evo hF Datacon 2200 evo hS Datacon 2200 evo advanced Die Bonding Esec 2100 hS iXplus Esec 2100 sD advanced i Esec 2100 hS i Esec 2100 hS Esec 2100 SC Strip Mapping E142 on Esec Die Bonder Soft Solder Die Bonding Esec 2100 SSI Esec 2009 SSI E Esec 2009 fS E Flip Chip Datacon 8800 FC QUANTUM advanced Datacon 8800 FC QUANTUM advX Datacon 8800 CHAMEO advanced Esec 2100 FC hS Packaging Molding AMS-X MMS-X Fico Molding Line...,hybrid bonding; die bonding,content,ategy Market Products & Services Company Overview Organization Executive Management Supervisory Board Sustainability Products & Technology Die Attach Hybrid Bonding Datacon 8800 CHAMEO ultra plus AC Thermo Compression Bonding 9800 TC next Multi Module Attach Datacon 2200 evo Datacon 2200 evo plus Datacon 2200 evo hF Datacon 2200 evo hS Datacon 2200 evo advanced Die Bonding Esec 210; ion Bonding 9800 TC next Multi Module Attach Datacon 2200 evo Datacon 2200 evo plus Datacon 2200 evo hF Datacon 2200 evo hS Datacon 2200 evo advanced Die Bonding Esec 2100 hS iXplus Esec 2100 sD advanced i Esec 2100 hS i Esec 2100 hS Esec 2100 SC Strip Mapping E142 on Esec Die Bonder Soft Solder Die Bonding Esec 2100 SSI Esec 2009 SSI E Esec 2009 fS E Flip Chip Datacon 8800 FC Q,5,relevant,"nm급 W2W 하이브리드 본딩 장비 관련 키워드가 content에서 발견되었습니다: hybrid bonding, die bonding"
31,Norsk Hydro,철강금속,비철금속 소재 스크랩 활용률 극대화,non-ferrous metal scrap recycling and utilization,Topics on the agenda,https://www.hydro.com/en/global/media/on-the-agenda/,Norsk Hydro - Media / Newsroom / Media,official,2019-03-19T00:00:00Z,2026-08-13T05:37:08Z,fetched,120,"Topics Explore the topics and issues that shape Hydro and influence the future of aluminium – from sustainability and innovation to the challenges and opportunities in the industry. The Corridor program Growing alliance of international and local organizations working to accelerate development in the Brazilian Amazon. Roadmap to net-zero In order to reach net-zero by 2050, Hydro needs to phase out fossil fuel consumption, remove process emissions and step up recycling of post-consumer scrap. Here is how. Karmøy technology pilot The technology pilot is ground breaking for Hydro, Norway and the world. Cyber-attack on Hydro Hydro became victim of an extensive cyber-attack in the early hours of Tuesday, March 19, 2019, impacting operations in several of the company's business areas.",scrap; recycling,content,"In order to reach net-zero by 2050, Hydro needs to phase out fossil fuel consumption, remove process emissions and step up recycling of post-consumer scrap. Here is how. Karmøy technology pilot The technology pilot is ground breaking for Hydro, Norway and the world. Cyber-attack on Hydro Hydro became victim of an extensive cyber-attack in the early hours of Tuesday, March; mazon. Roadmap to net-zero In order to reach net-zero by 2050, Hydro needs to phase out fossil fuel consumption, remove process emissions and step up recycling of post-consumer scrap. Here is how. Karmøy technology pilot The technology pilot is ground breaking for Hydro, Norway and the world. Cyber-attack on Hydro Hydro became victim of an extensive cyber-attack in the early h",5,relevant,"비철금속 소재 스크랩 활용률 극대화 관련 키워드가 content에서 발견되었습니다: scrap, recycling"
32,Vestas,에너지,해상풍력터빈,offshore wind turbine,Rules of Disclosure,https://www.vestas.com/en/investor/announcements/rules-of-disclosure,Vestas - Company News / Company News,official,,2026-08-13T05:37:08Z,fetched,568,"Rules of Disclosure Rul es of disclosure for Vestas Wind Systems A/S \r\n""}}"" id=""styledheading-da8ca1b1da"" class=""cmp-text""> Rul es of disclosure for Vestas Wind Systems A/S Being a listed company, we must make every attempt to give all stakeholders a true and fair view of Vestas. \r\n""}}"" id=""text-8acc381aa0"" class=""cmp-text""> Being a listed company, we must make every attempt to give all stakeholders a true and fair view of Vestas. As a listed company on Nasdaq Copenhagen, Vestas is obliged to ensure that everyone has equal access to essential information about the company that may significantly affect the price of the Vestas share. Information is provided through company announcements, e.g.: \r\n \r\n \r\n Annual and Interim Reports \r\n Announcements of&nbsp;firm and unconditional&nbs...",offshore wind; wind turbine,content,"ouncements, e.g.: \r\n \r\n \r\n Annual and Interim Reports \r\n Announcements of&nbsp;firm and unconditional&nbsp;(see definition below) onshore and offshore wind turbine orders&nbsp;with a total capacity of 1.5 GW or more \r\n Announcements of market penetrations&nbsp; \r\n \r\n Announcements of the establishment of new production facilities&nbsp; \r\n Incentive schemes&nbsp; \r; s, e.g.: \r\n \r\n \r\n Annual and Interim Reports \r\n Announcements of&nbsp;firm and unconditional&nbsp;(see definition below) onshore and offshore wind turbine orders&nbsp;with a total capacity of 1.5 GW or more \r\n Announcements of market penetrations&nbsp; \r\n \r\n Announcements of the establishment of new production facilities&nbsp; \r\n Incentive schemes&nbsp; \r\n Major",5,relevant,"해상풍력터빈 관련 키워드가 content에서 발견되었습니다: offshore wind, wind turbine"
32,Vestas,에너지,해상풍력터빈,offshore wind turbine,Vestas Blog,https://www.vestas.com/en/media/blog,Vestas - Company News / Company News,official,,2026-08-13T05:37:08Z,fetched,261,"Explore sustainable solutions Welcome to Vestas Blog Discover media Company Announcements Welcome to Vestas Blog. Learn more about sustainability, technology, energy transition, markets or one of our other blog topics. Swipe below to explore and see all topics of the Vestas Blog. \r\n""}}"" id=""text-7b7aa92991"" class=""cmp-text""> Welcome to Vestas Blog. Learn more about sustainability, technology, energy transition, markets or one of our other blog topics. Swipe below to explore and see all topics of the Vestas Blog. Latest blog posts \r\n""}}"" id=""styledheading-52b9ae4c8a"" class=""cmp-text""> Latest blog posts Sustainability Blade circularity Technology Reducing wind energy production uncertainty Technology Boosting Wind Project ROI – lower WACC with high capacity factor turbines Subscribe to o...",wind energy; blade,content,"og. Latest blog posts \r\n""}}"" id=""styledheading-52b9ae4c8a"" class=""cmp-text""> Latest blog posts Sustainability Blade circularity Technology Reducing wind energy production uncertainty Technology Boosting Wind Project ROI – lower WACC with high capacity factor turbines Subscribe to our newsletter \r\n""}}"" id=""styledheading-51a3e7e300"" class=""cmp-text""> Subscribe to our newslette; re and see all topics of the Vestas Blog. Latest blog posts \r\n""}}"" id=""styledheading-52b9ae4c8a"" class=""cmp-text""> Latest blog posts Sustainability Blade circularity Technology Reducing wind energy production uncertainty Technology Boosting Wind Project ROI – lower WACC with high capacity factor turbines Subscribe to our newsletter \r\n""}}"" id=""styledheading-51a3e7e300""",5,relevant,"해상풍력터빈 관련 키워드가 content에서 발견되었습니다: wind energy, blade"
44,Umicore,이차전지,"양극재 소재(수산화리튬, 탄산리튬)",cathode material lithium hydroxide/carbonate,Video center,https://www.umicore.com/en/media/video-center/,Umicore - Newsroom / Newsroom / News,official,,2026-08-13T05:37:08Z,fetched,1526,"What we do What we do Play (fadeHelper = true))"" > Close This embed has been blocked because you didn't accept functionality cookies. Change your cookie settings. Our Business Model Play (fadeHelper = true))"" > Close This embed has been blocked because you didn't accept functionality cookies. Change your cookie settings. We are the core Play (fadeHelper = true))"" > Close This embed has been blocked because you didn't accept functionality cookies. Change your cookie settings. Umicore at the core of everyday life Play (fadeHelper = true))"" > Close This embed has been blocked because you didn't accept functionality cookies. Change your cookie settings. Specialty Materials Play (fadeHelper = true))"" > Close This embed has been blocked because you didn't accept functionality cookies. Change you...",lithium; battery material,content,"als Play (fadeHelper = true))"" > Close This embed has been blocked because you didn't accept functionality cookies. Change your cookie settings. High Lithium Manganese (HLM) Batteries Play (fadeHelper = true))"" > Close This embed has been blocked because you didn't accept functionality cookies. Change your cookie settings. What are solid-state batteries? Play (fadeHelper = t; (fadeHelper = true))"" > Close This embed has been blocked because you didn't accept functionality cookies. Change your cookie settings. Rechargeable Battery Materials Play (fadeHelper = true))"" > Close This embed has been blocked because you didn't accept functionality cookies. Change your cookie settings. Electro-Optic Materials Play (fadeHelper = true))"" > Close This embed has bee",5,relevant,"양극재 소재(수산화리튬, 탄산리튬) 관련 키워드가 content에서 발견되었습니다: lithium, battery material"
44,Umicore,이차전지,"양극재 소재(수산화리튬, 탄산리튬)",cathode material lithium hydroxide/carbonate,Capital Markets Day 2025,https://www.umicore.com/en/investor-relations/capital-markets-events/capital-markets-day-2025/,Umicore - Newsroom / Newsroom / News,official,,2026-08-13T05:37:08Z,fetched,1080,"Umicore unveils roadmap to 2028 On March 27th 2025, Umicore CEO Bart Sap and the Executive Leadership Team shared the key outcomes of the Battery Materials strategy review and Umicore’s roadmap to 2028. Focus is redirected on reinforcing our leadership in the foundation businesses and further unlocking their strong cash generation potential, while setting up Battery Cathode Materials for value recovery. Discover our 2028 Roadmap All presentations = 1, }"" > = 1) { this.active = [] } this.active.push(this.identifier) } else { this.active = this.active.filter( (expanded) => expanded !== this.identifier, ) } }, toggle() { this.expanded = ! this.expanded }, }"" x-key=""identifier"" :id=""identifier"" role=""region"" :class=""{ 'z-1': expanded, 'bg-transparent py-0 -z-0': !expanded, 'bg-white': expanded...",cathode material; battery material,content,"ted on reinforcing our leadership in the foundation businesses and further unlocking their strong cash generation potential, while setting up Battery Cathode Materials for value recovery. Discover our 2028 Roadmap All presentations = 1, }"" > = 1) { this.active = [] } this.active.push(this.identifier) } else { this.active = this.active.filter( (expanded) => expanded !== this.identifie; Umicore unveils roadmap to 2028 On March 27th 2025, Umicore CEO Bart Sap and the Executive Leadership Team shared the key outcomes of the Battery Materials strategy review and Umicore’s roadmap to 2028. Focus is redirected on reinforcing our leadership in the foundation businesses and further unlocking their strong cash generation potential, while setting up Battery Catho",5,relevant,"양극재 소재(수산화리튬, 탄산리튬) 관련 키워드가 content에서 발견되었습니다: cathode material, battery material"
49,Maxon,로봇,로봇용 감속기,robot reducer,"maxon at Hannover Messe 2026: Robotics drives, latest portfolio additions, and functional safety",https://www.maxongroup.com/en/news-and-events/news/maxon-at-hannover-messe-2026-robotics-drives-latest-portfolio-additions-and-functional-safety-293536,Maxon - News / Newsroom / News,official,,2026-08-13T05:37:08Z,fetched,507,"Back Contact Media Release 04/09/2026 maxon at Hannover Messe 2026: Robotics drives, latest portfolio additions, and functional safety Download Contact us Share current page At Hannover Messe 2026, maxon will present itself with an updated trade fair appearance. From April 20 to 24, the maxon Germany team will showcase the latest highlights from our product portfolio. At Hannover Messe, maxon traditionally introduces its latest portfolio additions. Here is what visitors can expect at our booth: Robotics solutions: maxon’s High Efficiency Joints (HEJ) bring motion to robotics. They enable humanoid robots to operate in unstructured environments and are also suitable for industrial applications. At Hannover Messe, we will present the proven High Efficiency Joint 90, as well as the new, smalle...",gearbox; robotics drive,title; content; url,"we will show how maxon and Parvalux products can be ideally combined, for example, the maxon IDX industrial drive with the Parvalux GB 28 right-angle gearbox. At our booth, we will also present various live demos showcasing our drive solutions in action. The maxon Germany team will be available for any questions. You can find us at Hannover Messe in Hall 13, Booth C51. For f; Back Contact Media Release 04/09/2026 maxon at Hannover Messe 2026: Robotics drives, latest portfolio additions, and functional safety Download Contact us Share current page At Hannover Messe 2026, maxon will present itself with an updated trade fair appearance. From April 20 to 24, the maxon Germany",5,relevant,"로봇용 감속기 관련 키워드가 title, content, url에서 발견되었습니다: gearbox, robotics drive"
44,Umicore,이차전지,"양극재 소재(수산화리튬, 탄산리튬)",cathode material lithium hydroxide/carbonate,Half Year Results 2026,https://www.umicore.com/en/media/newsroom/half-year-results-2026/,Umicore - Investor Relations / Investor Relations,official,,2026-08-13T05:37:08Z,fetched,1533,"Press release Webcast replay Key figures H1 2026 Presentation Transcript Glossary Earnings uplift across the board over the first half of 2026 Upgrading full-year 2026 guidance Strong underlying performance reflecting greater activity levels and solid execution Revenues [1] of € 1.9 billion, up 7.1% y/y Adj. EBITDA of € 577 million up 33.5% y/y, and adj. EBITDA margin of 30.2% Adj. EBIT of € 442 million, up 46.6% y/y, and adj. EBIT margin of 23.2% Adj. net profit (Group share) of € 273 million, up 102.6% y/y, and adj. EPS of € 1.14 up 102.5% y/y ROCE of 23.0% versus 16.4% in H1 2025 Total recordable injury rate (TRIR) for own employees of 4.3 per 1 million exposure hours versus 4.4 for H1 2025 Turning earnings into cash while maintaining rigorous capital discipline and efficiency focus Eff...",cathode material; battery material,content,"nd-markets. Battery Materials Solutions’ revenues and adj. EBITDA increased y/y. This was mostly driven by higher revenues and adj. EBITDA in Battery Cathode Materials versus H1 2025, mainly related to accruals for take-or-pay compensation [4] linked to contractual volumes. The negative contribution in Battery Recycling Solutions remained in line with H1 2025. In a highly competitive; ormance, benefiting from exceptional market dynamics while further leveraging its position in structurally growing and technology-driven end-markets. Battery Materials Solutions’ revenues and adj. EBITDA increased y/y. This was mostly driven by higher revenues and adj. EBITDA in Battery Cathode Materials versus H1 2025, mainly related to accruals for take-or-pay compensation [4] link",5,relevant,"양극재 소재(수산화리튬, 탄산리튬) 관련 키워드가 content에서 발견되었습니다: cathode material, battery material"
28,ASML,반도체,EUV 노광장비,EUV lithography equipment,Go to 2025 Annual Report,https://www.asml.com/en/investors/annual-report/2025,ASML - Financial Results / Financial Reports / Results,official,,2026-08-13T05:37:08Z,fetched,540,"2025 Annual Report Powering technology forward with you Pause video Download 2025 report Powering technology forward with you ASML is a leading innovator in the global semiconductor ecosystem. Our hardware, software and services help chipmakers create more powerful, affordable and energy-efficient microchips. Enable third party cookies to play this video Below you can enable third party cookies. Your choice will be saved and the page will refresh. Disabled Enabled Our highlights from 2025 All figures based on US GAAP Total net sales €32.7bn Read more €28.1bn Asia €4.1bn United States €0.5bn EMEA Back Gross margin 52.8% Read more More profitability KPIs: €17.3bn Gross profit €11.3bn Income from operations €9.6bn Net income €24.73 Earnings per share (basic) Back Research and development €4.7...",EUV; lithography,content,"eep us ahead of market demands and customer expectations.&nbsp;&nbsp;&nbsp;&nbsp;&nbsp;&nbsp;&nbsp;&nbsp; Back System sales in units 535 Read more 48 EUV lithography systems 279 DUV lithography systems 208 Metrology and inspection systems &nbsp; Back Customer satisfaction survey score 88% Read more Our annual customer satisfaction survey measures loyalty and trust, and i; us ahead of market demands and customer expectations.&nbsp;&nbsp;&nbsp;&nbsp;&nbsp;&nbsp;&nbsp;&nbsp; Back System sales in units 535 Read more 48 EUV lithography systems 279 DUV lithography systems 208 Metrology and inspection systems &nbsp; Back Customer satisfaction survey score 88% Read more Our annual customer satisfaction survey measures loyalty and trust, and identifies ar",5,relevant,"EUV 노광장비 관련 키워드가 content에서 발견되었습니다: EUV, lithography"
42,Jenoptik,기계,3D 비전센서,3D vision sensor,Current information on the Jenoptik Group,https://www.jenoptik.us/news/press-releases,Jenoptik - Press Releases / Press Releases,official,2026-08-12T00:00:00Z,2026-08-13T05:37:08Z,fetched,4884,"Home News Press Releases Recommend Mail Facebook LinkedIn Press Releases August 12, 2026 Jenoptik reports significant increase in orders and earnings in the first half of 2026 Strong order intake momentum, particularly in the OEM businesses. Revenue slightly above prior year; profitability significantly improved. Guidance for 2026 specified. read more July 22, 2026 Jenoptik to deploy mobile speed and noise enforcement systems in Santa Fe, New Mexico Jenoptik partners with the city of Santa Fe, New Mexico to implement an automated speed and noise pollution enforcement program. read more June 11, 2026 Brian Soller named President of JENOPTIK Optical Systems, LLC He will be responsible for the efficient operation, strategic development and sustainable growth of Jenoptik’s U.S. optics and phot...",optical inspection,content,", 2024 Jenoptik presents new solutions for integrated quality assurance at Control 2024 Jenoptik and its associated brands showcase new metrology and optical inspection solutions for integrated quality assurance in the automotive industries. read more April 10, 2024 Jenoptik to install SPECS average speed cameras along 25 routes in Greater Manchester Jenoptik secures order with Transpo",4,relevant,3D 비전센서 관련 키워드가 content에서 발견되었습니다: optical inspection
24,Ouster,로봇,로봇용 라이다,robot LiDAR,Ouster BlueCity with REV8 Lidar Wins Multimillion-Dollar Utah Traffic Modernization Expansion,https://investors.ouster.com/news-releases/news-release-details/ouster-bluecity-rev8-lidar-wins-multimillion-dollar-utah-traffic,Ouster - News Releases / Press Releases,official,2026-08-11T00:00:00Z,2026-08-13T05:37:08Z,fetched,1586,"Skip to main navigation Ouster acquires StereoLabs. Learn More Ouster BlueCity with REV8 Lidar Wins Multimillion-Dollar Utah Traffic Modernization Expansion August 11, 2026 PDF Version Econolite partnership leverages world's first native color digital lidar to expand Ouster BlueCity across 160 intersections with up to 500-foot advance detection for optimized mobility and enhanced safety. SAN FRANCISCO --(BUSINESS WIRE)--Aug. 11, 2026-- Ouster, Inc. (Nasdaq: OUST) (“Ouster” or the “Company”), a global leader in high-performance lidar sensors and intelligent software solutions, powering Physical AI across the automotive, industrial, robotics and smart infrastructure sectors, announced today that Econolite , a leader in mobility operating systems, was awarded an expansion contract from Utah D...",LiDAR; lidar,title; content; url,"Skip to main navigation Ouster acquires StereoLabs. Learn More Ouster BlueCity with REV8 Lidar Wins Multimillion-Dollar Utah Traffic Modernization Expansion August 11, 2026 PDF Version Econolite partnership leverages world's first native color digital lidar to expand Ouster BlueCity across 160 intersections with",4,relevant,"로봇용 라이다 관련 키워드가 title, content, url에서 발견되었습니다: LiDAR, lidar"
24,Ouster,로봇,로봇용 라이다,robot LiDAR,Ouster Announces Upcoming Investor Events,https://investors.ouster.com/news-releases/news-release-details/ouster-announces-upcoming-investor-events-1,Ouster - News Releases / Press Releases,official,2026-08-07T00:00:00Z,2026-08-13T05:37:08Z,fetched,277,"Skip to main navigation Ouster acquires StereoLabs. Learn More Ouster Announces Upcoming Investor Events August 7, 2026 PDF Version SAN FRANCISCO --(BUSINESS WIRE)--Aug. 7, 2026-- Ouster, Inc. (Nasdaq: OUST) (“Ouster” or the “Company”), a leader in sensing and perception for Physical AI, today announced that Ouster management will participate in the following investor events: Event: Oppenheimer 29th Annual Technology, Internet & Communications Conference (Virtual) Date: August 11, 2026 Presentation: 2:55 p.m. ET / 11:55 a.m. PT Participants: Ken Gianella , CFO, and Chen Geng , SVP, Strategic Finance & Treasurer Event: Rosenblatt Securities' 6th Annual Age of AI Scaling Summit (Virtual) Date: August 18, 2026 Participants: Ken Gianella , CFO, and Chen Geng , SVP, Strategic Finance & Treasure...",LiDAR; lidar,content,"and perception for Physical AI across industrial, robotics, automotive, and smart infrastructure. With a unified platform of high-performance digital lidar, cameras, AI compute, sensor fusion and perception software, and AI models, Ouster delivers solutions that improve quality of life in the physical world. Headquartered in San Francisco, CA, Ouster has a global presence",4,relevant,"로봇용 라이다 관련 키워드가 content에서 발견되었습니다: LiDAR, lidar"
24,Ouster,로봇,로봇용 라이다,robot LiDAR,Ouster Announces Results for Second Quarter 2026,https://investors.ouster.com/news-releases/news-release-details/ouster-announces-results-second-quarter-2026,Ouster - News Releases / Press Releases,official,2026-08-06T00:00:00Z,2026-08-13T05:37:08Z,fetched,3124,"Skip to main navigation Ouster acquires StereoLabs. Learn More Ouster Announces Results for Second Quarter 2026 August 6, 2026 PDF Version Record product revenue, achieving 14th straight quarter of growth Lidar and camera shipments of more than 17,000 units SAN FRANCISCO --(BUSINESS WIRE)--Aug. 6, 2026-- Ouster, Inc . (Nasdaq: OUST) (“Ouster” or the “Company”), a leader in sensing and perception for Physical AI, announced financial results for the three months ended June 30, 2026 . “We delivered a strong second quarter, with $55 million in revenue and more than 17,000 total sensors shipped. These results reflect the strength of our unified sensing and perception platform and the continued momentum we have been seeing across our markets. Customers around the world have continued to scale th...",LiDAR; lidar,content,"rn More Ouster Announces Results for Second Quarter 2026 August 6, 2026 PDF Version Record product revenue, achieving 14th straight quarter of growth Lidar and camera shipments of more than 17,000 units SAN FRANCISCO --(BUSINESS WIRE)--Aug. 6, 2026-- Ouster, Inc . (Nasdaq: OUST) (“Ouster” or the “Company”), a leader in sensing and perception for Physical AI, announced fina",4,relevant,"로봇용 라이다 관련 키워드가 content에서 발견되었습니다: LiDAR, lidar"
7,West Pharmaceutical,바이오,Autoinjector/PFS 의약품 완충전 및 제조기술,autoinjector/PFS fill-finish manufacturing,West Reports Second-Quarter 2026 Results,https://investor.westpharma.com/news-releases/news-release-details/west-reports-second-quarter-2026-results,West Pharmaceutical - Press Releases / Press Releases,official,2026-07-23T00:00:00Z,2026-08-13T05:37:08Z,fetched,4155,"Skip to main navigation Release Details Investors Release Details Overview Financial SEC Filings Annual Reports & Proxy Quarterly Results Dividends & Split History Events & Presentations Press Releases Corporate Governance Governance Documents Leadership Team Board of Directors Committee Board Information Contact the Board of Directors Stock Information Stock Quote & Chart Historical Price Lookup Investment Calculator Analyst Coverage Transfer Agent (Common Stock) Current price Net Change Minimum 15 minutes delayed. Source: LSEG Release Details West Reports Second-Quarter 2026 Results July 23, 2026 PDF Version Raising Full-Year Net Sales and EPS guidance EXTON, Pa. , July 23, 2026 /PRNewswire/ -- West Pharmaceutical Services, Inc. (NYSE: WST), a leading provider of innovative, high-quality...",injectable,content,"PS guidance EXTON, Pa. , July 23, 2026 /PRNewswire/ -- West Pharmaceutical Services, Inc. (NYSE: WST), a leading provider of innovative, high-quality injectable solutions and services, today announced its financial results for the second quarter of 2026. Second-Quarter Summary (comparisons to prior-year period) Net sales of $872.3 million increased 13.8%; organic growth was 12.",4,relevant,Autoinjector/PFS 의약품 완충전 및 제조기술 관련 키워드가 content에서 발견되었습니다: injectable
24,Ouster,로봇,로봇용 라이다,robot LiDAR,Ouster Names Shaluinn Fullove as Chief People Officer to Drive Global Growth and Talent Strategy,https://investors.ouster.com/news-releases/news-release-details/ouster-names-shaluinn-fullove-chief-people-officer-drive-global,Ouster - News Releases / Press Releases,official,2026-07-23T00:00:00Z,2026-08-13T05:37:08Z,fetched,876,"Skip to main navigation Ouster acquires StereoLabs. Learn More Ouster Names Shaluinn Fullove as Chief People Officer to Drive Global Growth and Talent Strategy July 23, 2026 PDF Version A veteran leader at Google, Lyft, GM , and Nest, Fullove brings world-class, high-performance organizational DNA to Ouster SAN FRANCISCO --(BUSINESS WIRE)--Jul. 23, 2026-- Ouster, Inc. (Nasdaq: OUST) (“Ouster” or the “Company”), a leader in sensing and perception for Physical AI, today announced the appointment of Shaluinn Fullove as Chief People Officer . In this role, Fullove will join the Executive Leadership Team and report directly to the CEO, leading the Company’s global people strategy. Fullove joins Ouster as a seasoned operator with over twenty years of leadership experience scaling companies from...",LiDAR; lidar,content,"and perception for Physical AI across industrial, robotics, automotive, and smart infrastructure. With a unified platform of high-performance digital lidar, cameras, AI compute, sensor fusion and perception software, and AI models, Ouster delivers solutions that improve quality of life in the physical world. Headquartered in San Francisco, CA, Ouster has a global presence",4,relevant,"로봇용 라이다 관련 키워드가 content에서 발견되었습니다: LiDAR, lidar"
31,Norsk Hydro,철강금속,비철금속 소재 스크랩 활용률 극대화,non-ferrous metal scrap recycling and utilization,"July 22, 2026 Hydro's second quarter 2026: Operational strength delivering solid results",https://www.hydro.com/en/global/media/news/2026/hydros-second-quarter-2026-operational-strength-delivering-solid-results/,Norsk Hydro - News Subscription / Investor News Subscription,official,2026-07-22T00:00:00Z,2026-08-13T05:37:08Z,fetched,2034,"Hydro's second quarter 2026: Operational strength delivering solid results Hydro’s adjusted EBITDA for the second quarter of 2026 was NOK 8,923 million, up from NOK 7,790 million in the same quarter last year. Higher aluminium prices and product premiums contributed positively, together with improved earnings in the recycling business. Lower energy production due to hydrology and adverse effects from a stronger NOK contributed negatively. Hydro delivered strong profitability in the quarter, with adjusted earnings per share increasing from NOK 1.7 in the second quarter 2025 to NOK 2.2 in the second quarter 2026. Free cash flow was NOK 4 billion, with strong adjusted EBITDA partially offset by investments and tax payments. The twelve month adjusted RoaCE ended at 10.9 percent. Slovalco 75,00...",recycling,content,"90 million in the same quarter last year. Higher aluminium prices and product premiums contributed positively, together with improved earnings in the recycling business. Lower energy production due to hydrology and adverse effects from a stronger NOK contributed negatively. Hydro delivered strong profitability in the quarter, with adjusted earnings per share increasing from NO",4,relevant,비철금속 소재 스크랩 활용률 극대화 관련 키워드가 content에서 발견되었습니다: recycling
59,Airbus,우주항공,항공용 전기모터/고출력 배터리 추진 모듈,aerospace electric motor and high-power battery propulsion module,Airbus elevates hybrid-electric integration with LEIA Project Press Release Innovation 22 July 2026 2 min read,https://www.airbus.com/en/newsroom/press-releases/2026-07-airbus-elevates-hybrid-electric-integration-with-leia-project,Airbus - Investors / Investor Relations,official,2026-07-22T00:00:00Z,2026-08-13T05:37:08Z,fetched,672,"Skip to main content Skip to search Open menu Close menu Menu Open search form Close search form Search Close search form What are you looking for? Most popular topics A350-1000ULR A400M Farnborough Airshow Flexrotor Uncrewed Aerial Systems (UAS) Sustainable aviation fuel (SAF) Farnborough, United Kingdom, 22 July 2026&nbsp; – Airbus, with partners from across the European Union, the UK and the US, is pursuing its ambition to pioneer a hybrid-electric non-propulsive energy architecture for the next generation of commercial aircraft with LEIA - Large Scale Integration Demonstrator of Hybrid Electrical Architecture. LEIA, a project supported by the European Union Clean Aviation Joint Undertaking, will be fundamental to advancing high-voltage generation and distribution for innovative electri...",hybrid-electric,title; content; url,", United Kingdom, 22 July 2026&nbsp; – Airbus, with partners from across the European Union, the UK and the US, is pursuing its ambition to pioneer a hybrid-electric non-propulsive energy architecture for the next generation of commercial aircraft with LEIA - Large Scale Integration Demonstrator of Hybrid Electrical Architecture. LEIA, a project supported by the European Union Clean",4,relevant,"항공용 전기모터/고출력 배터리 추진 모듈 관련 키워드가 title, content, url에서 발견되었습니다: hybrid-electric"
7,West Pharmaceutical,바이오,Autoinjector/PFS 의약품 완충전 및 제조기술,autoinjector/PFS fill-finish manufacturing,West Declares Quarterly Dividend,https://investor.westpharma.com/news-releases/news-release-details/west-declares-quarterly-dividend-0,West Pharmaceutical - Press Releases / Press Releases,official,2026-07-21T00:00:00Z,2026-08-13T05:37:08Z,fetched,328,"Skip to main navigation Release Details Investors Release Details Overview Financial SEC Filings Annual Reports & Proxy Quarterly Results Dividends & Split History Events & Presentations Press Releases Corporate Governance Governance Documents Leadership Team Board of Directors Committee Board Information Contact the Board of Directors Stock Information Stock Quote & Chart Historical Price Lookup Investment Calculator Analyst Coverage Transfer Agent (Common Stock) Current price Net Change Minimum 15 minutes delayed. Source: LSEG Release Details West Declares Quarterly Dividend July 21, 2026 PDF Version EXTON, Pa. , July 21, 2026 /PRNewswire/ -- On July 21, 2026, the Board of Directors of West Pharmaceutical Services, Inc. (NYSE: WST), a global leader in innovative solutions for injectable...",injectable,content,"RNewswire/ -- On July 21, 2026, the Board of Directors of West Pharmaceutical Services, Inc. (NYSE: WST), a global leader in innovative solutions for injectable drug administration, declared its regular quarterly dividend of $0.22 per share on the Company's common stock. The dividend is payable on August 5, 2026 to shareholders of record on July 29, 2026. About West West Pharma",4,relevant,Autoinjector/PFS 의약품 완충전 및 제조기술 관련 키워드가 content에서 발견되었습니다: injectable
59,Airbus,우주항공,항공용 전기모터/고출력 배터리 추진 모듈,aerospace electric motor and high-power battery propulsion module,Airbus launches new flight test programme for Wing of Tomorrow Press Release Innovation 21 July 2026 3 min read,https://www.airbus.com/en/newsroom/press-releases/2026-07-airbus-launches-new-flight-test-programme-for-wing-of-tomorrow,Airbus - Investors / Investor Relations,official,2026-07-21T00:00:00Z,2026-08-13T05:37:08Z,fetched,804,"Skip to main content Skip to search Open menu Close menu Menu Open search form Close search form Search Close search form What are you looking for? Most popular topics A350-1000ULR A400M Farnborough Airshow Flexrotor Uncrewed Aerial Systems (UAS) Sustainable aviation fuel (SAF) Farnborough, United Kingdom, 21 July 2026 – Airbus is launching a new flight-test campaign to evaluate the performance of high-span wings for next-generation single-aisle aircraft, marking the next phase of one of its largest research and technology programmes, Wing of Tomorrow. Over the next three years, Airbus will design, build and flight test full scale wing extensions. These will be installed on an A321neo aircraft and used to evaluate how the different wing geometries perform in real flight conditions.&nbsp; T...",hybrid-electric,content,"kes inspiration from nature to shape an aircraft’s efficiency and performance, and what the future… Related news Continue reading Airbus elevates hybrid-electric integration with LEIA Project Press Release Innovation Airbus elevates hybrid-electric integration with LEIA Project BermudAir joins the Airbus family as the newest A220 customer Press Release Commercial Aircraft Airbus lau",4,relevant,항공용 전기모터/고출력 배터리 추진 모듈 관련 키워드가 content에서 발견되었습니다: hybrid-electric
66,Nabtesco,로봇,로봇용 감속기,robot reducer,"Nabtesco Selected for JAXA’s “Moon to Mars Innovation” Program Joint Research on Electric Actuators for Use in Space Environments Jul 16, 2026 Business Research and Development",https://www.nabtesco.com/en/news/20260716-18113/,Nabtesco - News / Newsroom / News,official,2026-07-16T00:00:00Z,2026-08-13T05:37:08Z,fetched,531,"HOME News Nabtesco Selected for JAXA’s “Moon to Mars Innovation” Program Joint Research on Electric Actuators for Use in Space Environments Nabtesco Selected for JAXA’s “Moon to Mars Innovation” Program Joint Research on Electric Actuators for Use in Space Environments Jul 16, 2026 Business Research and Development Nabtesco Corporation (Head Office: Chiyoda-ku, Tokyo; President & CEO: Kazumasa Kimura) has been selected as the lead organization for a research project under the 13th call for research proposals under its “Moon to Mars Innovation *1 ” joint research program conducted by the Space Exploration Innovation Hub Center *2 of the Japan Aerospace Exploration Agency (JAXA). The proposal, titled“Development of an Electric Actuator Capable of Operating in Space Environments and Withstand...",actuator,title; content,"HOME News Nabtesco Selected for JAXA’s “Moon to Mars Innovation” Program Joint Research on Electric Actuators for Use in Space Environments Nabtesco Selected for JAXA’s “Moon to Mars Innovation” Program Joint Research on Electric Actuators for Use in Space Environments Jul 16, 2026 Business Research and Development Nabtesco Co",4,relevant,"로봇용 감속기 관련 키워드가 title, content에서 발견되었습니다: actuator"
28,ASML,반도체,EUV 노광장비,EUV lithography equipment,Press releases & announcements,https://www.asml.com/en/news/press-releases,ASML - ASML News / Newsroom / News,official,2026-07-15T00:00:00Z,2026-08-13T05:37:08Z,fetched,131,"Press releases & announcements Latest press releases July 15, 2026 High NA EUV reaches new readiness milestone with first high-volume Logic product July 15, 2026 ASML reports €9.3 billion total net sales and €2.9 billion net income in Q2 2026 May 16, 2026 Tata Electronics and ASML Announce Strategic Partnership to Advance the Semiconductor Manufacturing Ecosystem in India Sorry, we were not able to find a match See share buyback press releases Sign up for news alerts Latest press releases July 15, 2026 High NA EUV reaches new readiness milestone with first high-volume Logic product July 15, 2026 ASML reports €9.3 billion total net sales and €2.9 billion net income in Q2 2026 May 16, 2026 Tata Electronics and ASML Announce Strategic Partnership to Advance the Semiconductor Manufacturing Eco...",EUV; High NA,content,"Press releases & announcements Latest press releases July 15, 2026 High NA EUV reaches new readiness milestone with first high-volume Logic product July 15, 2026 ASML reports €9.3 billion total net sales and €2.9 billion net income in Q2 2026 May 16, 2026 Tata Electronics and ASML Announce Strateg; Press releases & announcements Latest press releases July 15, 2026 High NA EUV reaches new readiness milestone with first high-volume Logic product July 15, 2026 ASML reports €9.3 billion total net sales and €2.9 billion net income in Q2 2026 May 16, 2026 Tata Electronics and ASML Announce Str",4,relevant,"EUV 노광장비 관련 키워드가 content에서 발견되었습니다: EUV, High NA"
24,Ouster,로봇,로봇용 라이다,robot LiDAR,Ouster Announces Date for Second Quarter 2026 Earnings Call,https://investors.ouster.com/news-releases/news-release-details/ouster-announces-date-second-quarter-2026-earnings-call,Ouster - News Releases / Press Releases,official,2026-07-14T00:00:00Z,2026-08-13T05:37:08Z,fetched,256,"Skip to main navigation Ouster acquires StereoLabs. Learn More Ouster Announces Date for Second Quarter 2026 Earnings Call July 14, 2026 PDF Version Company to Report Q2 2026 Results on August 6, 2026 SAN FRANCISCO --(BUSINESS WIRE)--Jul. 14, 2026-- Ouster, Inc. (Nasdaq: OUST) (“Ouster” or the “Company”), a leader in sensing and perception for Physical AI, today announced that it will report its financial results for the quarter ended June 30, 2026 after the market closes on Thursday, August 6, 2026 and host a conference call that day at 5:00 p.m. ET to discuss its results. Registration for the webcast can be completed by visiting the following website prior to, or on the day of, the conference call: https://register-conf.media-server.com/register/BI6ead86baced44176974b83a7905844fa . The w...",LiDAR; lidar,content,"and perception for Physical AI across industrial, robotics, automotive, and smart infrastructure. With a unified platform of high-performance digital lidar, cameras, AI compute, sensor fusion and perception software, and AI models, Ouster delivers solutions that improve quality of life in the physical world. Headquartered in San Francisco, CA, Ouster has a global presence",4,relevant,"로봇용 라이다 관련 키워드가 content에서 발견되었습니다: LiDAR, lidar"
66,Nabtesco,로봇,로봇용 감속기,robot reducer,"Investment in Alva Industries, a Norwegian Advanced Motor Technology Company Jul 08, 2026 Business Investment and Alliance",https://www.nabtesco.com/en/news/20260708-18193/,Nabtesco - News / Newsroom / News,official,2026-07-08T00:00:00Z,2026-08-13T05:37:08Z,fetched,410,"HOME News Investment in Alva Industries, a Norwegian Advanced Motor Technology Company Investment in Alva Industries, a Norwegian Advanced Motor Technology Company Jul 08, 2026 Business Investment and Alliance Nabtesco Corporation (Head Office: Chiyoda-ku, Tokyo; President & CEO: Kazumasa Kimura) is pleased to announce that Nabtesco Technology Ventures L.P. (Managing Partner: Hiroshi Nerima), the corporate venture capital fund established by Nabtesco, has invested in Alva Industries AS (""Alva""), a Norwegian deep-tech company developing ultra-compact, high-performance electric motors. Alva develops next-generation electric motors that achieve high torque and high precision while maintaining a compact and lightweight design, enabled by its proprietary patented technology, FiberPrinting TM ....",actuator,content,"nology Website https://www.alvaindustries.com/ Related news Nabtesco Selected for JAXA’s “Moon to Mars Innovation” Program Joint Research on Electric Actuators for Use in Space Environments Jul 16, 2026 Business Research and Development Notice Regarding Transfer of Shares of Subsidiary (PDF 144KB) Jun 30, 2026 Business Others Nabtesco’s Railroad Vehicle Equipment Company Wins",4,relevant,로봇용 감속기 관련 키워드가 content에서 발견되었습니다: actuator
7,West Pharmaceutical,바이오,Autoinjector/PFS 의약품 완충전 및 제조기술,autoinjector/PFS fill-finish manufacturing,West to Host Second-Quarter 2026 Conference Call,https://investor.westpharma.com/news-releases/news-release-details/west-host-second-quarter-2026-conference-call,West Pharmaceutical - Press Releases / Press Releases,official,2026-07-07T00:00:00Z,2026-08-13T05:37:08Z,fetched,419,"Skip to main navigation Release Details Investors Release Details Overview Financial SEC Filings Annual Reports & Proxy Quarterly Results Dividends & Split History Events & Presentations Press Releases Corporate Governance Governance Documents Leadership Team Board of Directors Committee Board Information Contact the Board of Directors Stock Information Stock Quote & Chart Historical Price Lookup Investment Calculator Analyst Coverage Transfer Agent (Common Stock) Current price Net Change Minimum 15 minutes delayed. Source: LSEG Release Details West to Host Second-Quarter 2026 Conference Call July 7, 2026 PDF Version EXTON, Pa. , July 7, 2026 /PRNewswire/ -- West Pharmaceutical Services, Inc. (NYSE: WST), a global leader in innovative solutions for injectable drug administration, today ann...",injectable,content,"026 PDF Version EXTON, Pa. , July 7, 2026 /PRNewswire/ -- West Pharmaceutical Services, Inc. (NYSE: WST), a global leader in innovative solutions for injectable drug administration, today announced that it will release second-quarter 2026 financial results before the market opens on Thursday, July 23, 2026, and will follow with a conference call to discuss the results and busin",4,relevant,Autoinjector/PFS 의약품 완충전 및 제조기술 관련 키워드가 content에서 발견되었습니다: injectable
7,West Pharmaceutical,바이오,Autoinjector/PFS 의약품 완충전 및 제조기술,autoinjector/PFS fill-finish manufacturing,West Completes Sale and Transfer of the Manufacturing and Supply Rights for SmartDose® 3.5mL On-Body Delivery System,https://investor.westpharma.com/news-releases/news-release-details/west-completes-sale-and-transfer-manufacturing-and-supply-rights,West Pharmaceutical - Press Releases / Press Releases,official,2026-07-01T00:00:00Z,2026-08-13T05:37:08Z,fetched,359,"Skip to main navigation Release Details Investors Release Details Overview Financial SEC Filings Annual Reports & Proxy Quarterly Results Dividends & Split History Events & Presentations Press Releases Corporate Governance Governance Documents Leadership Team Board of Directors Committee Board Information Contact the Board of Directors Stock Information Stock Quote & Chart Historical Price Lookup Investment Calculator Analyst Coverage Transfer Agent (Common Stock) Current price Net Change Minimum 15 minutes delayed. Source: LSEG Release Details West Completes Sale and Transfer of the Manufacturing and Supply Rights for SmartDose® 3.5mL On-Body Delivery System July 1, 2026 PDF Version EXTON, Pa. , July 1, 2026 /PRNewswire/ -- West Pharmaceutical Services, Inc. (NYSE: WST), a global leader i...",injectable,content,"026 PDF Version EXTON, Pa. , July 1, 2026 /PRNewswire/ -- West Pharmaceutical Services, Inc. (NYSE: WST), a global leader in innovative solutions for injectable drug administration, today announced the company completed the sale and transfer of the manufacturing and supply rights for SmartDose® 3.5mL On-Body Delivery System and associated facilities. The transaction closed as p",4,relevant,Autoinjector/PFS 의약품 완충전 및 제조기술 관련 키워드가 content에서 발견되었습니다: injectable
9,Albemarle,이차전지,"양극재 소재(수산화리튬, 탄산리튬)",cathode material lithium hydroxide/carbonate,Albemarle Publishes 2025 Sustainability Report,https://www.albemarle.com/us/en/news/albemarle-publishes-2025-sustainability-report,Albemarle - Newsroom / Newsroom / News,official,2026-06-05T13:39:10Z,2026-08-13T05:37:08Z,fetched,777,"Skip to main content Sustainability Albemarle Publishes 2025 Sustainability Report Report highlights progress in stewardship, innovation and operational excellence. Share LinkedIn WhatsApp X Email Copy Link June 9, 2026 &nbsp; Albemarle published its 2025 Sustainability Report: Resourceful, Responsible, Resilient , highlighting the company’s sustainability achievements and progress toward its 2030 goals.&nbsp; &nbsp; ""At Albemarle, our values shape how we lead, how we operate and how we create value over the long term,"" said Albemarle Chairman and CEO Kent Masters. ""This report reflects our commitment to disciplined execution, responsible operations and continuous improvement as we support our customers and communities while building a more resilient future."" Report Highlights Practicing r...",lithium; brine,content,"ntal sustainability and community resilience initiatives worldwide.&nbsp; Supporting our customers' sustainability goals &nbsp; Commissioned a direct lithium extraction (DLE) pilot facility at our La Negra site in Chile, achieving a lithium recovery rate exceeding 94% over 3,000 hours of operation. The technology has the potential to increase process efficiency and contribut; ate exceeding 94% over 3,000 hours of operation. The technology has the potential to increase process efficiency and contribute to a reduction in net brine pumping without requiring additional evaporation ponds or new extraction areas in the Salar.&nbsp; Began commercial testing of SAYTEX ALERO® , a next-generation polymeric flame retardant designed to help customers meet",4,relevant,"양극재 소재(수산화리튬, 탄산리튬) 관련 키워드가 content에서 발견되었습니다: lithium, brine"
7,West Pharmaceutical,바이오,Autoinjector/PFS 의약품 완충전 및 제조기술,autoinjector/PFS fill-finish manufacturing,West Appoints Michel Lagarde to be President and Chief Executive Officer,https://investor.westpharma.com/news-releases/news-release-details/west-appoints-michel-lagarde-be-president-and-chief-executive,West Pharmaceutical - Press Releases / Press Releases,official,2026-06-01T00:00:00Z,2026-08-13T05:37:08Z,fetched,776,"Skip to main navigation Release Details Investors Release Details Overview Financial SEC Filings Annual Reports & Proxy Quarterly Results Dividends & Split History Events & Presentations Press Releases Corporate Governance Governance Documents Leadership Team Board of Directors Committee Board Information Contact the Board of Directors Stock Information Stock Quote & Chart Historical Price Lookup Investment Calculator Analyst Coverage Transfer Agent (Common Stock) Current price Net Change Minimum 15 minutes delayed. Source: LSEG Release Details West Appoints Michel Lagarde to be President and Chief Executive Officer June 1, 2026 PDF Version Experienced healthcare and life sciences executive to lead the Company's next phase of growth and innovation EXTON, Pa. , June 1, 2026 /PRNewswire/ --...",injectable,content,"and innovation EXTON, Pa. , June 1, 2026 /PRNewswire/ -- West Pharmaceutical Services, Inc. (NYSE: WST), a global leader in innovative solutions for injectable drug administration, today announced that its Board of Directors has appointed Michel Lagarde to be President and Chief Executive Officer (CEO) and a member of the Company's Board of Directors starting August 31, 2026 .",4,relevant,Autoinjector/PFS 의약품 완충전 및 제조기술 관련 키워드가 content에서 발견되었습니다: injectable
7,West Pharmaceutical,바이오,Autoinjector/PFS 의약품 완충전 및 제조기술,autoinjector/PFS fill-finish manufacturing,West to Participate in Upcoming Investor Conferences,https://investor.westpharma.com/news-releases/news-release-details/west-participate-upcoming-investor-conferences-11,West Pharmaceutical - Press Releases / Press Releases,official,2026-04-28T00:00:00Z,2026-08-13T05:37:08Z,fetched,382,"Skip to main navigation Release Details Investors Release Details Overview Financial SEC Filings Annual Reports & Proxy Quarterly Results Dividends & Split History Events & Presentations Press Releases Corporate Governance Governance Documents Leadership Team Board of Directors Committee Board Information Contact the Board of Directors Stock Information Stock Quote & Chart Historical Price Lookup Investment Calculator Analyst Coverage Transfer Agent (Common Stock) Current price Net Change Minimum 15 minutes delayed. Source: LSEG Release Details West to Participate in Upcoming Investor Conferences April 28, 2026 PDF Version EXTON, Pa. , April 28, 2026 /PRNewswire/ -- West Pharmaceutical Services, Inc. (NYSE: WST), a global leader in innovative solutions for injectable drug administration, t...",injectable,content,"6 PDF Version EXTON, Pa. , April 28, 2026 /PRNewswire/ -- West Pharmaceutical Services, Inc. (NYSE: WST), a global leader in innovative solutions for injectable drug administration, today announced that it will present at the following upcoming investor conferences: &nbsp; &nbsp; Bank of America Global Healthcare Conference on Tuesday, May 12, 2026 at 2:20 p.m. PDT in Las Vegas",4,relevant,Autoinjector/PFS 의약품 완충전 및 제조기술 관련 키워드가 content에서 발견되었습니다: injectable
24,Ouster,로봇,로봇용 라이다,robot LiDAR,"Ouster Acquires StereoLabs, Creating a World-Leading Physical AI Sensing and Perception Company",https://investors.ouster.com/news-releases/news-release-details/ouster-acquires-stereolabs-creating-world-leading-physical-ai,Ouster - News Releases / Press Releases,official,2026-02-09T00:00:00Z,2026-08-13T05:37:08Z,fetched,1425,"Skip to main navigation Ouster acquires StereoLabs. Learn More Ouster Acquires StereoLabs, Creating a World-Leading Physical AI Sensing and Perception Company February 9, 2026 PDF Version Ouster acquires StereoLabs Sensing & Perception for Physical AI Physical AI's first unified sensing & perception platform A unified sensing & perception platform for industrial, robotics, and smart infrastructure Ouster Logo Ouster now offers a unified platform of high-performance digital lidar, cameras, AI compute, sensor fusion and perception software, and cutting-edge AI models StereoLabs brings AI vision solutions, expanded software capabilities, and over 10,000 customers Builds on Ouster's momentum, compounding the success of its lidar business and expanding its total addressable market StereoLabs is...",LiDAR; lidar,content,"& perception platform for industrial, robotics, and smart infrastructure Ouster Logo Ouster now offers a unified platform of high-performance digital lidar, cameras, AI compute, sensor fusion and perception software, and cutting-edge AI models StereoLabs brings AI vision solutions, expanded software capabilities, and over 10,000 customers Builds on Ouster's momentum, compo",4,relevant,"로봇용 라이다 관련 키워드가 content에서 발견되었습니다: LiDAR, lidar"
60,Safran,우주항공,항공용 전기모터/고출력 배터리 추진 모듈,aerospace electric motor and high-power battery propulsion module,Tomorrow's electric aircraft See more,https://www.safran-group.com/download/media/431019,Safran - Pressroom / Newsroom / Press,official,,2026-08-13T05:37:08Z,error,,,electric aircraft,title,Tomorrow's electric aircraft See more,4,relevant,항공용 전기모터/고출력 배터리 추진 모듈 관련 키워드가 title에서 발견되었습니다: electric aircraft
28,ASML,반도체,EUV 노광장비,EUV lithography equipment,ASML media library,https://www.asml.com/en/news/media-library,ASML - ASML News / Newsroom / News,official,,2026-08-13T05:37:08Z,fetched,134,"Media library Images in our media library may only be used for editorial purposes and must be labeled “©ASML” wherever they're used. The materials provided here are subject to our&nbsp; terms of use . Using these materials for promotional or commercial purposes is not permitted. Board of Management Meet the executives on our Board of Management. Our technology Chipmakers use our lithography machines, metrology and inspection systems and computational lithography software to accurately print microchip patterns. Our locations Our global team is spread across sites around the world. Inside our cleanrooms See inside the ultraclean environment where we assemble our lithography systems and our metrology and inspection systems. Global headquarters Our headquarters in Veldhoven, the Netherlands, a...",lithography,content,"tional or commercial purposes is not permitted. Board of Management Meet the executives on our Board of Management. Our technology Chipmakers use our lithography machines, metrology and inspection systems and computational lithography software to accurately print microchip patterns. Our locations Our global team is spread across sites around the world. Inside our cleanrooms See",4,relevant,EUV 노광장비 관련 키워드가 content에서 발견되었습니다: lithography
32,Vestas,에너지,해상풍력터빈,offshore wind turbine,Press Office,https://www.vestas.com/en/media/press-office,Vestas - Company News / Company News,official,,2026-08-13T05:37:08Z,fetched,619,"News and Media Social media Company Announcements Media contacts at a corporate level \r\n""}}"" id=""styledheading-28aaf1fe52"" class=""cmp-text""> Media contacts at a corporate level Contacts below are for media enquiries only. \r\n For general requests please contact Vestas Headquarters at vestas@vestas.com or (+45) 97 30 00 00 \r\n""}}"" id=""text-6f240c368f"" class=""cmp-text""> Contacts below are for media enquiries only. For general requests please contact Vestas Headquarters at vestas@vestas.com or (+45) 97 30 00 00 Kristian Holmelund Jakobsen \r\n \r\n Press and Communications Officer \r\n Phone:&nbsp;+45 5221 1467 \r\n Email:&nbsp; krhja@vestas.com \r\n""}}"" id=""text-e6b9bd0b94"" class=""cmp-text""> Kristian Holmelund Jakobsen Press and Communications Officer Phone: +45 5221 1467 Email: krhja@ve...",wind turbine,content,"r convenience. Learn about the history of Vestas from our founding as a blacksmith company in Denmark to becoming the world’s largest manufacturer of wind turbines. \r\n"",""xdm:linkURL"":""/en/about/this-is-vestas/history""}}""> Discover Vestas History Our History Learn about the history of Vestas from our founding as a blacksmith company in Denmark to becoming the world’s largest man",4,relevant,해상풍력터빈 관련 키워드가 content에서 발견되었습니다: wind turbine
32,Vestas,에너지,해상풍력터빈,offshore wind turbine,Social Media,https://www.vestas.com/en/media/social-media,Vestas - Company News / Company News,official,,2026-08-13T05:37:08Z,fetched,540,"Media Vestas on Social Media News from Vestas Engage with us &nbsp;on our channels \r\n""}}"" id=""social-media"" class=""cmp-text""> Engage with us on our channels Learn more about the stories and people that make up the Vestas Journey. Become a fan by liking the page and engaging with our photos, post links, and videos. \r\n"",""xdm:linkURL"":""https://www.facebook.com/vestas""}}""> Become a fan on Facebook Learn more about the stories and people that make up the Vestas Journey. Become a fan by liking the page and engaging with our photos, post links, and videos. Connect with Vestas on LinkedIn and receive the latest updates, job openings and information about the work culture at Vestas. \r\n"",""xdm:linkURL"":""http://www.linkedin.com/company/vestas""}}""> Let's connect on LinkedIn Connect with Vestas on...",wind turbine,content,"a E, Shop.Vestas and more. Explore our video hub In our image library, you can explore available images for download, including images of our various wind turbine sites and Executive Management. You will also find information about terms of use. \r\n"",""xdm:linkURL"":""/en/media/images""}}""> Media Vestas Images In our image library, you can explore available images for download, incl",4,relevant,해상풍력터빈 관련 키워드가 content에서 발견되었습니다: wind turbine
43,EMM(Umicore),이차전지,실리콘 음극재 기술(증착형 Si-C),silicon anode material technology,Video center,https://www.umicore.com/en/media/video-center/,EMM(Umicore) - Umicore Newsroom / Newsroom / News,official,,2026-08-13T05:37:08Z,fetched,1526,"What we do What we do Play (fadeHelper = true))"" > Close This embed has been blocked because you didn't accept functionality cookies. Change your cookie settings. Our Business Model Play (fadeHelper = true))"" > Close This embed has been blocked because you didn't accept functionality cookies. Change your cookie settings. We are the core Play (fadeHelper = true))"" > Close This embed has been blocked because you didn't accept functionality cookies. Change your cookie settings. Umicore at the core of everyday life Play (fadeHelper = true))"" > Close This embed has been blocked because you didn't accept functionality cookies. Change your cookie settings. Specialty Materials Play (fadeHelper = true))"" > Close This embed has been blocked because you didn't accept functionality cookies. Change you...",silicon anode,content,"Close This embed has been blocked because you didn't accept functionality cookies. Change your cookie settings. Previous slide Next slide Our experts Silicon Anode Play (fadeHelper = true))"" > Close This embed has been blocked because you didn't accept functionality cookies. Change your cookie settings. Umicore prototyping center for solid-state batteries Play (fadeHelper = true))",4,relevant,실리콘 음극재 기술(증착형 Si-C) 관련 키워드가 content에서 발견되었습니다: silicon anode
44,Umicore,이차전지,"양극재 소재(수산화리튬, 탄산리튬)",cathode material lithium hydroxide/carbonate,Media gallery,https://www.umicore.com/en/media/media-gallery/,Umicore - Newsroom / Newsroom / News,official,,2026-08-13T05:37:08Z,fetched,589,"General downloads menu High resolution - 1500x503 - 300dpi Low resolution - 360x121 - 72dpi Umicore Group logo downloads menu High resolution - 3000x2000 - 300dpi Low resolution - 720x480 - 72dpi Umicore Precious Metals Refining main office building in Hoboken, Belgium downloads menu High resolution - 3000x2000 - 300dpi Low resolution - 720x480 - 72dpi Umicore signage downloads menu High resolution - 3000x2000 - 300dpi Low resolution - 720x480 - 72dpi Umicore signage in Cheonan, Korea downloads menu High resolution - 3000x2000 - 300 dpi Low resolution - 720x480 - 72dpi Water treatment installation in Umicore Olen, Belgium downloads menu High resolution - 3000x2000 - 300 dpi Low resolution - 720x480 - 72dpi People at work in Umicore Hoboken, Belgium Previous slide Next slide Battery Materia...",battery material,content,"oads menu High resolution - 3000x2000 - 300 dpi Low resolution - 720x480 - 72dpi People at work in Umicore Hoboken, Belgium Previous slide Next slide Battery Materials downloads menu High resolution - 2000x3000 - 300dpi Low resolution - 480x720 - 72dpi Weighing battery cathode active materials in Olen, Belgium downloads menu High resolution - 3000x2000 - 300dpi Low resolution - 720x4",4,relevant,"양극재 소재(수산화리튬, 탄산리튬) 관련 키워드가 content에서 발견되었습니다: battery material"
49,Maxon,로봇,로봇용 감속기,robot reducer,"maxon at the SPS 2025: New drive solutions for robotics, automation and mobility",https://www.maxongroup.com/en/news-and-events/news/maxon-at-the-sps-2025-new-drive-solutions-for-robotics-automation-and-mobility-287846,Maxon - News / Newsroom / News,official,,2026-08-13T05:37:08Z,fetched,657,"Back Contact 11/12/2025 maxon at the SPS 2025: New drive solutions for robotics, automation and mobility Strain wave gearhead Download Contact us Share current page At the SPS trade fair from November 25 to 27, 2025, maxon will present a wide range of new products. From highly integrated robotic actuators to powerful servo drives and controllers: a diverse technology portfolio awaits visitors at the maxon booth in Hall 3, Stand 468. One focus at the maxon booth will be the further developed robotics solutions, in particular the High Efficiency Joints (HEJ). These compact, highly integrated quasi-direct drive (QDD) actuators combine motor, gearhead, sensors, and electronics in a single, robust housing. Following the successful launch of the HEJ 90 (140 Nm), the HEJ 70 with 62 Nm torque now...",actuator,content,"hare current page At the SPS trade fair from November 25 to 27, 2025, maxon will present a wide range of new products. From highly integrated robotic actuators to powerful servo drives and controllers: a diverse technology portfolio awaits visitors at the maxon booth in Hall 3, Stand 468. One focus at the maxon booth will be the further developed robotics solutions, in partic",4,relevant,로봇용 감속기 관련 키워드가 content에서 발견되었습니다: actuator
49,Maxon,로봇,로봇용 감속기,robot reducer,maxon acquires strategic minority stake in Synapticon,https://www.maxongroup.com/en/news-and-events/news/maxon-acquires-strategic-minority-stake-in-synapticon-285238,Maxon - News / Newsroom / News,official,,2026-08-13T05:37:08Z,fetched,610,"Back Contact Media Release 07/15/2025 maxon acquires strategic minority stake in Synapticon The Synapticon Headquarter in Schönaich near Stuttgart, Germany Download Contact us Share current page The Swiss maxon Group is expanding its expertise in the field of motion control through a strategic partnership with the German company Synapticon. The goal of the collaboration is the joint development of high-performance drive solutions with integrated functional safety, based on optimally combined components from both companies. As part of this partnership, the maxon Group has acquired a minority stake in Synapticon. The company, based in Baden-Württemberg, Germany, is a leading provider of intelligent motion control solutions with integrated, certified safety functions. Together, the partners a...",actuator,content,"unctional safety. The product portfolio includes the award-winning and safety-certified SOMANET Circulo and Integro servo drive families, power-dense actuators for robotics and mechanical engineering from the ACTILINK series, the OBLAC and MOTORCORTEX software solutions and the POSITRON Safety AI platform for the most demanding applications in the field of functional safety.",4,relevant,로봇용 감속기 관련 키워드가 content에서 발견되었습니다: actuator
1,Australian Strategic Metals,철강금속,사용후 영구자석 고순도 희토류 추출,rare earth extraction from end-of-life permanent magnets,ASM News,https://asm-au.com/news/,Australian Strategic Metals - Investor Centre / Investor Relations,official,,2026-08-13T05:37:08Z,fetched,84,"Skip to content ASM News 12/08/26 ASM Securityholders approve Schemes 06/08/26 WATCH: Diggers & Dealers 2026 31/07/26 Quarterly Report: Production momentum continues 28/07/26 Supplementary Scheme Booklet & Scheme Meetings 26/06/26 Indicative timing for Scheme Meetings 19/06/26 Postponement of Scheme Meetings 16/06/26 ASM signs G7 critical minerals joint declaration in Paris 18/05/26 Scheme Booklet now available – your vote matters 30/04/26 Quarterly Report: Building the rare earth supply chain the West needs 01/04/26 ASM wins Resources, Minerals and Processing Award at Australia-Korea Business Awards 2026",rare earth,content,"gns G7 critical minerals joint declaration in Paris 18/05/26 Scheme Booklet now available – your vote matters 30/04/26 Quarterly Report: Building the rare earth supply chain the West needs 01/04/26 ASM wins Resources, Minerals and Processing Award at Australia-Korea Business Awards 2026",4,relevant,사용후 영구자석 고순도 희토류 추출 관련 키워드가 content에서 발견되었습니다: rare earth
44,Umicore,이차전지,"양극재 소재(수산화리튬, 탄산리튬)",cathode material lithium hydroxide/carbonate,Newsroom,https://www.umicore.com/en/media/newsroom/,Umicore - Newsroom / Newsroom / News,official,2026-07-31T00:00:00Z,2026-08-13T05:37:08Z,fetched,263,"Press release Half Year Results 2026 July 31, 2026 Press release Advanced notice of Umicore’s 2026 Half Year Results July 14, 2026 News Copper: the first metal ever discovered June 26, 2026 News Purpose with Impact – Veerle talks about leadership, safety and the hidden gem of Umicore June 18, 2026 News Ocean protection also happens where we don’t look June 8, 2026 Press release Umicore Belgium Average blood lead levels continue to decline in the vicinity of Umicore in Hoboken June 3, 2026 News Our role in semiconductors May 19, 2026 News Nickel is everywhere and here’s why May 15, 2026 News Supporting resilience and recovery for women in eastern Congo May 6, 2026 Press release All agenda items approved at the shareholders' meetings May 4, 2026 Press release Strong start of the year sets Um...",lithium,content,"30, 2026 News Umicore’s role in space exploration April 24, 2026 News Shaping Umicore through people, performance and resilience April 17, 2026 News Lithium: from lightweight metal to the heavyweight in the energy transition April 10, 2026 News Umicore opens innovation center in Shanghai March 31, 2026 Press release Notice of ordinary and extraordinary shareholders’ meeting",3,relevant,"양극재 소재(수산화리튬, 탄산리튬) 관련 키워드가 content에서 발견되었습니다: lithium"
62,Arkema,이차전지,폴리비닐리덴 플루오라이드(PVDF),polyvinylidene fluoride,Second-quarter 2026 results,https://www.arkema.com/global/en/media/newslist/news/global/investorrelations/2026/20260730--second-quarter-2026-results/,Arkema - Newsroom / Newsroom / News,official,2026-07-30T00:00:00Z,2026-08-13T05:37:08Z,fetched,861,"Go to content Go to navigation Go to search Finance Jul 30, 2026 - PRESS RELEASE Second-quarter 2026 results Download the PDF In a quarter marked by the conflict in the Middle East, Arkema delivered a robust performance with EBITDA up 7.4% YoY and an EBITDA margin rising to 16.1%. In an overall still weak global demand, with no material change to previous quarters, organic growth of Arkema sales of 3.2% , supported by the pricing dynamics and the progression of Asia A few pockets of growth continuing to contribute meaningfully, in particular batteries, electronics and 3D printing Sharp increase of raw material costs following the start of the conflict in the Middle East leading to swift pricing adjustments to offset input cost inflation Solid EBITDA, up 7.4% YoY, at &euro;391 million (&eur...",PVDF,content,"ce with the ramp-up of our major projects, including the recent acquisition of Dow adhesives, our PA11 and Rilsan&reg; Clear plants in Singapore, the PVDF expansion in Calvert City in the US, the new distillation in acrylics in France and the HF supply at Nutrien in the US.&rdquo; Outlook The start of the second half follows the demand trend of recent months, within a mac",3,relevant,폴리비닐리덴 플루오라이드(PVDF) 관련 키워드가 content에서 발견되었습니다: PVDF
21,GE Healthcare,바이오,바이오의약품 생산용 배양 및 정제 시스템,biopharma culture and purification system,GE HealthCare reports second quarter 2026 financial results,https://investor.gehealthcare.com/news-releases/news-release-details/ge-healthcare-reports-second-quarter-2026-financial-results,GE Healthcare - Investor News Releases / Investor News / Press Releases,official,2026-07-29T00:00:00Z,2026-08-13T05:37:08Z,fetched,5669,"Skip to main navigation GEHealthcare.com About Us Leadership Sustainability News News Release GE HealthCare reports second quarter 2026 financial results July 29, 2026 PDF Version Revenue growth of 5.7%, and Organic revenue growth* of 3.5% Record organic orders growth of 11.1%, book-to-bill of 1.15 times and backlog of $23.9 billion Net income margin of 10.6% and Adjusted earnings before interest and taxes (EBIT) margin* of 14.2%; diluted earnings per share (EPS) of $1.24 grew 16.5% and Adjusted EPS* of $1.13 grew 6.6% Cash flow from operating activities of $168 million and Free cash flow* of $68 million Reaffirms full-year 2026 guidance CHICAGO --(BUSINESS WIRE)--Jul. 29, 2026-- GE HealthCare (Nasdaq: GEHC) today reported financial results for the second quarter ended June 30, 2026 . GE H...",resin,content,"HealthCare focuses on expanding access to nuclear medicine through AI, radiopharmaceutical and imaging innovations GE HealthCare advances 4D dynamic PET imaging with U.S . FDA 510(k) submission of MIM KineticID, designed to bring quantitative insight to disease assessment 2026 guidance For the full-year 2026, the Company reaffirms guidance as follows: Organic revenue growt",3,relevant,바이오의약품 생산용 배양 및 정제 시스템 관련 키워드가 content에서 발견되었습니다: resin
19,Skyworks,모빌리티,자율주행차 IMU/RF/베이스밴드 칩,autonomous vehicle IMU/RF/baseband chip,Skyworks Delivers Solid Third Quarter Fiscal Year 2026 Results; Announces Key Steps Toward Qorvo Combination,https://investors.skyworksinc.com/news-releases/news-release-details/skyworks-delivers-solid-third-quarter-fiscal-year-2026-results,Skyworks - Press Releases / Press Releases,official,2026-07-28T00:00:00Z,2026-08-13T05:37:08Z,fetched,3109,Skip to main navigation Home Investors Investor Overview Analyst Coverage Annual Reports & Proxies Board of Directors Company Presentation Corporate Governance Dividends Investor Events Historic Stock Lookup Investment Calculator Investor FAQ Press Releases SEC Filings Senior Management Stock Quote & Chart Sustainability Report Tax Allocation Basis Tax Strategy - UK Transfer Agent Thought Leadership 5G Internet of Things High Performance Filters Markets Mobile Internet of Things Consumer Infrastructure Automotive Aerospace and Defense Medical and Healthcare Technology Standards Cellular Wi-Fi Bluetooth® GPS Zigbee® LoRa® Systems Solutions Sky5® Diversity Receive (DRx) and MIMO Transmit SkyOne® Cellular IoT Wi-Fi Connectivity Antenna Management Integrated Infrastructure Audio Products Front...,RF,content,ement Stock Quote & Chart Sustainability Report Tax Allocation Basis Tax Strategy - UK Transfer Agent Thought Leadership 5G Internet of Things High Performance Filters Markets Mobile Internet of Things Consumer Infrastructure Automotive Aerospace and Defense Medical and Healthcare Technology Standards Cellular Wi-Fi Bluetooth® GPS Zigbee® LoRa® Systems Solutions Sky5® D,3,relevant,자율주행차 IMU/RF/베이스밴드 칩 관련 키워드가 content에서 발견되었습니다: RF
19,Skyworks,모빌리티,자율주행차 IMU/RF/베이스밴드 칩,autonomous vehicle IMU/RF/baseband chip,Skyworks and Qorvo Announce Expected Leadership Team for Combined Company,https://investors.skyworksinc.com/news-releases/news-release-details/skyworks-and-qorvo-announce-expected-leadership-team-combined,Skyworks - Press Releases / Press Releases,official,2026-07-28T00:00:00Z,2026-08-13T05:37:08Z,fetched,1939,Skip to main navigation Home Investors Investor Overview Analyst Coverage Annual Reports & Proxies Board of Directors Company Presentation Corporate Governance Dividends Investor Events Historic Stock Lookup Investment Calculator Investor FAQ Press Releases SEC Filings Senior Management Stock Quote & Chart Sustainability Report Tax Allocation Basis Tax Strategy - UK Transfer Agent Thought Leadership 5G Internet of Things High Performance Filters Markets Mobile Internet of Things Consumer Infrastructure Automotive Aerospace and Defense Medical and Healthcare Technology Standards Cellular Wi-Fi Bluetooth® GPS Zigbee® LoRa® Systems Solutions Sky5® Diversity Receive (DRx) and MIMO Transmit SkyOne® Cellular IoT Wi-Fi Connectivity Antenna Management Integrated Infrastructure Audio Products Front...,RF,content,ement Stock Quote & Chart Sustainability Report Tax Allocation Basis Tax Strategy - UK Transfer Agent Thought Leadership 5G Internet of Things High Performance Filters Markets Mobile Internet of Things Consumer Infrastructure Automotive Aerospace and Defense Medical and Healthcare Technology Standards Cellular Wi-Fi Bluetooth® GPS Zigbee® LoRa® Systems Solutions Sky5® D,3,relevant,자율주행차 IMU/RF/베이스밴드 칩 관련 키워드가 content에서 발견되었습니다: RF
19,Skyworks,모빌리티,자율주행차 IMU/RF/베이스밴드 칩,autonomous vehicle IMU/RF/baseband chip,Skyworks Introduces New NetSync™ Network Synchronizers Available Now For AI Data Centers and Time-Sensitive Infrastructure,https://investors.skyworksinc.com/news-releases/news-release-details/skyworks-introduces-new-netsynctm-network-synchronizers,Skyworks - Press Releases / Press Releases,official,2026-07-23T00:00:00Z,2026-08-13T05:37:08Z,fetched,1214,Skip to main navigation Home Investors Investor Overview Analyst Coverage Annual Reports & Proxies Board of Directors Company Presentation Corporate Governance Dividends Investor Events Historic Stock Lookup Investment Calculator Investor FAQ Press Releases SEC Filings Senior Management Stock Quote & Chart Sustainability Report Tax Allocation Basis Tax Strategy - UK Transfer Agent Thought Leadership 5G Internet of Things High Performance Filters Markets Mobile Internet of Things Consumer Infrastructure Automotive Aerospace and Defense Medical and Healthcare Technology Standards Cellular Wi-Fi Bluetooth® GPS Zigbee® LoRa® Systems Solutions Sky5® Diversity Receive (DRx) and MIMO Transmit SkyOne® Cellular IoT Wi-Fi Connectivity Antenna Management Integrated Infrastructure Audio Products Front...,RF,content,ement Stock Quote & Chart Sustainability Report Tax Allocation Basis Tax Strategy - UK Transfer Agent Thought Leadership 5G Internet of Things High Performance Filters Markets Mobile Internet of Things Consumer Infrastructure Automotive Aerospace and Defense Medical and Healthcare Technology Standards Cellular Wi-Fi Bluetooth® GPS Zigbee® LoRa® Systems Solutions Sky5® D,3,relevant,자율주행차 IMU/RF/베이스밴드 칩 관련 키워드가 content에서 발견되었습니다: RF
21,GE Healthcare,바이오,바이오의약품 생산용 배양 및 정제 시스템,biopharma culture and purification system,GE HealthCare announces CFO transition; reports preliminary second quarter 2026 financial results and reaffirms guidance reflecting business momentum,https://investor.gehealthcare.com/news-releases/news-release-details/ge-healthcare-announces-cfo-transition-reports-preliminary,GE Healthcare - Investor News Releases / Investor News / Press Releases,official,2026-07-23T00:00:00Z,2026-08-13T05:37:08Z,fetched,1876,"Skip to main navigation GEHealthcare.com About Us Leadership Sustainability News News Release GE HealthCare announces CFO transition; reports preliminary second quarter 2026 financial results and reaffirms guidance reflecting business momentum July 23, 2026 PDF Version James (Jay) Saccaro to step down as Chief Financial Officer (CFO) of GE HealthCare Preliminary second quarter results reflect business momentum: On a year-over-year basis, Revenue growth of 5.7% and Organic revenue growth* of 3.5%; Adjusted earnings per share (EPS)* performance ahead of prior expectation Reaffirms full-year 2026 guidance CHICAGO --(BUSINESS WIRE)--Jul. 23, 2026-- GE HealthCare (Nasdaq: GEHC) today announced that Jay Saccaro will step down as Vice President and Chief Financial Officer for an expanded role out...",resin,content,"y. We wish him success in his next endeavor.” Mr. Saccaro said, “It has been a privilege to serve as GE HealthCare's CFO and lead its outstanding finance organization. I want to thank Peter, the Board, and my colleagues for their partnership over the past three years and I wish the company continued success.” George Newcomb is an accomplished financial professional with mo",3,relevant,바이오의약품 생산용 배양 및 정제 시스템 관련 키워드가 content에서 발견되었습니다: resin
9,Albemarle,이차전지,"양극재 소재(수산화리튬, 탄산리튬)",cathode material lithium hydroxide/carbonate,"Press Releases July 23, 2026 Albemarle Appoints Eduardo Bartolomeo to Board of Directors CHARLOTTE, N.C., July 23, 2026 /PRNewswire/ -- Albemarle Corporation (NYSE: ALB), a global leader in providing essential elements for mobility, energy, connectivity and health, today announced that its Board of Directors (the ""Board"") has appointed Eduardo Bartolomeo to the Board, effective July 21",https://www.albemarle.com/us/en/news/albemarle-appoints-eduardo-bartolomeo-board-directors,Albemarle - Newsroom / Newsroom / News,official,2026-07-23T00:00:00Z,2026-08-13T05:37:08Z,fetched,778,"Skip to main content Share LinkedIn WhatsApp X Email Copy Link Albemarle Appoints Eduardo Bartolomeo to Board of Directors CHARLOTTE, N.C. , July 23, 2026 /PRNewswire/ -- Albemarle Corporation &nbsp;(NYSE: ALB), a global leader in providing essential elements for mobility, energy, connectivity and health, today announced that its Board of Directors (the ""Board"") has appointed Eduardo Bartolomeo to the Board, effective July 21, 2026. Bartolomeo brings more than 30 years of leadership experience in complex global industrial environments, particularly in mining and logistics. Bartolomeo most recently served as Chief Executive Officer of Vale S.A., one of the world's largest mining companies, from 2019 to 2024. During his tenure, he led the company's operational, safety, and cultural transform...",lithium,content,"alth. We partner to pioneer new ways to move, power, connect and protect with people and planet in mind. A reliable and high-quality global supply of lithium and bromine allows us to deliver advanced solutions for our customers. Learn more about how the people of Albemarle are enabling a more resilient world at Albemarle.com . Albemarle regularly posts information to Albemar",3,relevant,"양극재 소재(수산화리튬, 탄산리튬) 관련 키워드가 content에서 발견되었습니다: lithium"
19,Skyworks,모빌리티,자율주행차 IMU/RF/베이스밴드 칩,autonomous vehicle IMU/RF/baseband chip,Skyworks Sets Date for Third Quarter Fiscal 2026 Earnings Release and Conference Call,https://investors.skyworksinc.com/news-releases/news-release-details/skyworks-sets-date-third-quarter-fiscal-2026-earnings-release,Skyworks - Press Releases / Press Releases,official,2026-07-15T00:00:00Z,2026-08-13T05:37:08Z,fetched,695,Skip to main navigation Home Investors Investor Overview Analyst Coverage Annual Reports & Proxies Board of Directors Company Presentation Corporate Governance Dividends Investor Events Historic Stock Lookup Investment Calculator Investor FAQ Press Releases SEC Filings Senior Management Stock Quote & Chart Sustainability Report Tax Allocation Basis Tax Strategy - UK Transfer Agent Thought Leadership 5G Internet of Things High Performance Filters Markets Mobile Internet of Things Consumer Infrastructure Automotive Aerospace and Defense Medical and Healthcare Technology Standards Cellular Wi-Fi Bluetooth® GPS Zigbee® LoRa® Systems Solutions Sky5® Diversity Receive (DRx) and MIMO Transmit SkyOne® Cellular IoT Wi-Fi Connectivity Antenna Management Integrated Infrastructure Audio Products Front...,RF,content,ement Stock Quote & Chart Sustainability Report Tax Allocation Basis Tax Strategy - UK Transfer Agent Thought Leadership 5G Internet of Things High Performance Filters Markets Mobile Internet of Things Consumer Infrastructure Automotive Aerospace and Defense Medical and Healthcare Technology Standards Cellular Wi-Fi Bluetooth® GPS Zigbee® LoRa® Systems Solutions Sky5® D,3,relevant,자율주행차 IMU/RF/베이스밴드 칩 관련 키워드가 content에서 발견되었습니다: RF
34,Infineon,우주항공,위성통신 및 레이다용 RF 반도체,RF semiconductor for satellite communication and radar,"US International Trade Commission’s (US ITC) determination confirmed, banning Innoscience’s patent-infringing GaN products from U.S. market",https://www.infineon.com/press-release/2026/ifxpr202607-118,Infineon - Press / Press Releases / Media,official,2026-07-13T00:00:00Z,2026-08-13T05:37:08Z,fetched,808,"English 中文 日本語 Deutsch Login Register Close { ""default"" : { ""title"" : ""Login or register"", ""description"" : ""Please log in with an existing account or create a new one."" }, ""bookmark"" : { ""title"" : ""Save your favorite pages in one place!"", ""description"" : ""Log in or create a myInfineon account to bookmark this page and access it anytime from your dashboard. "" }, ""gated_document"" : { ""title"" : ""Unlock unlimited access to valuable documents!"", ""description"" : ""Log in or sign up to download this document and enjoy unlimited access to valuable resources."" }, ""gated_video"" : { ""title"" : ""Access exclusive videos!"", ""description"" : ""Log in or create a myInfineon account to watch this video and explore more video content and downloads. Don’t miss out—register now!"" }, ""event_registration"" : { ""titl...",GaN,title; content,"ith your WeChat App to share this page. US International Trade Commission’s (US ITC) determination confirmed, banning Innoscience’s patent-infringing GaN products from U.S. market Business & Financial Press Jul 07, 2026 Munich, Germany – 07 July 2026 – The Final Determination issued by the Full Commission of the U.S. International Trade Commission (US ITC) on 7 May 2026",3,relevant,"위성통신 및 레이다용 RF 반도체 관련 키워드가 title, content에서 발견되었습니다: GaN"
9,Albemarle,이차전지,"양극재 소재(수산화리튬, 탄산리튬)",cathode material lithium hydroxide/carbonate,"Press Releases July 07, 2026 Albemarle Corporation to Release Second Quarter 2026 Earnings Results on Wednesday, August 5, 2026 CHARLOTTE, N.C., July 7, 2026 /PRNewswire/ -- Albemarle Corporation (NYSE: ALB), a global leader in providing essential elements for mobility, energy, connectivity and health, announced today that it will release its second quarter 2026 earnings after the NYSE closes on Wednesday, August 5, 2026",https://www.albemarle.com/us/en/news/albemarle-corporation-release-second-quarter-2026-earnings-results-wednesday-august-5-2026,Albemarle - Newsroom / Newsroom / News,official,2026-07-07T00:00:00Z,2026-08-13T05:37:08Z,fetched,331,"Skip to main content Share LinkedIn WhatsApp X Email Copy Link Albemarle Corporation to Release Second Quarter 2026 Earnings Results on Wednesday, August 5, 2026 CHARLOTTE, N.C. , July 7, 2026 /PRNewswire/ -- Albemarle Corporation (NYSE: ALB), a global leader in providing essential elements for mobility, energy, connectivity and health, announced today that it will release its second quarter 2026 earnings after the NYSE closes on Wednesday, August 5, 2026. The company will hold a conference call to discuss its second quarter 2026 results on Thursday, August 6, at 8 a.m. EDT. Access to the call is available via webcast or direct dial. A link to the webcast can be found through Albemarle Corporation's website at http://investors.albemarle.com . Direct dial numbers are provided below: Partici...",lithium,content,"alth. We partner to pioneer new ways to move, power, connect and protect with people and planet in mind. A reliable and high-quality global supply of lithium and bromine allows us to deliver advanced solutions for our customers. Learn more about how the people of Albemarle are enabling a more resilient world at Albemarle.com . Albemarle regularly posts information to Albemar",3,relevant,"양극재 소재(수산화리튬, 탄산리튬) 관련 키워드가 content에서 발견되었습니다: lithium"
34,Infineon,우주항공,위성통신 및 레이다용 RF 반도체,RF semiconductor for satellite communication and radar,"Infineon wins another patent infringement case against Innoscience Business & Financial Press Jul 03, 2026",https://www.infineon.com/press-release/2026/infxx202606-115,Infineon - Press / Press Releases / Media,official,2026-07-03T00:00:00Z,2026-08-13T05:37:08Z,fetched,763,"English 中文 日本語 Deutsch Login Register Close { ""default"" : { ""title"" : ""Login or register"", ""description"" : ""Please log in with an existing account or create a new one."" }, ""bookmark"" : { ""title"" : ""Save your favorite pages in one place!"", ""description"" : ""Log in or create a myInfineon account to bookmark this page and access it anytime from your dashboard. "" }, ""gated_document"" : { ""title"" : ""Unlock unlimited access to valuable documents!"", ""description"" : ""Log in or sign up to download this document and enjoy unlimited access to valuable resources."" }, ""gated_video"" : { ""title"" : ""Access exclusive videos!"", ""description"" : ""Log in or create a myInfineon account to watch this video and explore more video content and downloads. Don’t miss out—register now!"" }, ""event_registration"" : { ""titl...",GaN,content,"unich, Germany (Landgericht München I), today ruled in favor of Infineon Technologies in another patent infringement case concerning gallium nitride (GaN) technology between Infineon and Innoscience. The case concerns the unauthorized use of GaN technologies patented by Infineon by the Chinese company Innoscience. With today’s rulings, the court prohibits Innoscience fro",3,relevant,위성통신 및 레이다용 RF 반도체 관련 키워드가 content에서 발견되었습니다: GaN
53,Rio Tinto,이차전지,"양극재 소재(수산화리튬, 탄산리튬)",cathode material lithium hydroxide/carbonate,Trending topics,https://www.riotinto.com/en/news/trending-topics,Rio Tinto - Releases / Press Releases,official,2023-10-14T00:00:00Z,2026-08-13T05:37:08Z,fetched,541,"Trending topics Find out the latest on key business and industry topics Collaborating to drive tailings good practice Together with BHP, we have formed a Tailings Management Consortium (TMC) to develop solutions for sustainably improving tailings dewatering and management. Read more Supporting the circular economy We work and partner to keep resources in use for a more circular future. Read more Into Western Australia For us, &lsquo;into&rsquo; means being truly involved.&nbsp; &nbsp; We're into many things... from Perth to the Pilbara and beyond &ndash; we work with a diverse range of incredible people and partners &ndash; whose ideas and love for Western Australia shape our community and business.&nbsp; Read more Investment in high integrity ACCUs While prioritising our decarbonisation p...",lithium,content,"n the Federal Court of Australia into sexual harassment Juukan Gorge We are committed to learning the lessons and have taken decisive action Arcadium Lithium acquisition completed We’ve completed our acquisition of Arcadium Lithium valued at about US$6.7 billion, establishing us as a global leader in energy transition commodities and one of the leading lithium producers glob",3,relevant,"양극재 소재(수산화리튬, 탄산리튬) 관련 키워드가 content에서 발견되었습니다: lithium"
30,NXP,우주항공,위성통신 및 레이다용 RF 반도체,RF semiconductor for satellite communication and radar,Press Kits,https://www.nxp.com/company/about-nxp/newsroom/press-kits:PRESS-KITS,NXP - Press Releases / Press Releases,official,,2026-08-13T05:37:08Z,fetched,438,About NXP Careers Contact Us Inclusion at NXP Innovation Stories Events History Investor Relations Newsroom NXP Leadership Our Brand Our Team Members Quality Smarter World Blog Smarter World Podcast Smarter World Videos Startups x NXP Step Forward Sustainability Trade Compliance We Are NXP Worldwide Locations Newsroom Media Contacts News Briefs Partner and Industry News Press Kits Press Releases Press Kits Automotive Radar Press Kit Corporate Press Kit Electrification Press Kit MCX Press Kit Security Press Kit Smart Factory Press Kit Ultra-Wideband Press Kit Vehicle Architecture Wi-Fi 6 Press Kit About NXP Careers Contact Us Inclusion at NXP Innovation Stories Events History Investor Relations Newsroom Media Contacts News Briefs Partner and Industry News Press Kits Automotive Radar Press K...,radar,content,mpliance We Are NXP Worldwide Locations Newsroom Media Contacts News Briefs Partner and Industry News Press Kits Press Releases Press Kits Automotive Radar Press Kit Corporate Press Kit Electrification Press Kit MCX Press Kit Security Press Kit Smart Factory Press Kit Ultra-Wideband Press Kit Vehicle Architecture Wi-Fi 6 Press Kit About NXP Careers Contact Us Inclusion at,3,relevant,위성통신 및 레이다용 RF 반도체 관련 키워드가 content에서 발견되었습니다: radar
30,NXP,우주항공,위성통신 및 레이다용 RF 반도체,RF semiconductor for satellite communication and radar,Corporate Press Kit,https://www.nxp.com/company/about-nxp/newsroom/press-kits/corporate-press-kit:CORPORATE-PK,NXP - Press Releases / Press Releases,official,,2026-08-13T05:37:08Z,fetched,334,About NXP Careers Contact Us Inclusion at NXP Innovation Stories Events History Investor Relations Newsroom NXP Leadership Our Brand Our Team Members Quality Smarter World Blog Smarter World Podcast Smarter World Videos Startups x NXP Step Forward Sustainability Trade Compliance We Are NXP Worldwide Locations Newsroom Media Contacts News Briefs Partner and Industry News Press Kits Press Releases Press Kits Automotive Radar Press Kit Corporate Press Kit Electrification Press Kit MCX Press Kit Security Press Kit Smart Factory Press Kit Ultra-Wideband Press Kit Vehicle Architecture Wi-Fi 6 Press Kit Corporate Press Kit Management Team Photos NXP Headquarters Photos Global Location Photos About NXP Careers Contact Us Inclusion at NXP Innovation Stories Events History Investor Relations Newsroo...,radar,content,mpliance We Are NXP Worldwide Locations Newsroom Media Contacts News Briefs Partner and Industry News Press Kits Press Releases Press Kits Automotive Radar Press Kit Corporate Press Kit Electrification Press Kit MCX Press Kit Security Press Kit Smart Factory Press Kit Ultra-Wideband Press Kit Vehicle Architecture Wi-Fi 6 Press Kit Corporate Press Kit Management Team Photos,3,relevant,위성통신 및 레이다용 RF 반도체 관련 키워드가 content에서 발견되었습니다: radar
6,Moderna,바이오,유전자/세포치료제 전달체 및 GMP 원료기술,gene/cell therapy delivery vector and GMP raw material,Pioneering mRNA technology - Moderna France,https://www.modernatx.com/fr-FR/newsroom/news-and-media?slug=newsroom%2Fnews-and-media&fromLocale=en-US,Moderna - News and Media / Newsroom / News,official,,2026-08-13T05:37:08Z,fetched,333,"Skip to main content Ceci est le site web de Moderna pour la France Il peut contenir du contenu qui n'est pas applicable à votre emplacement CHANGER DE PAYS Bienvenue chez Moderna France Produits en développement 15+ Années de progrès 40+ Produits en cours de développement dans notre portefeuille Découvrir Moderna Développer une nouvelle génération de vaccins et thérapeutiques transformationnels en s’appuyant sur le potentiel porté par l’ARN messager. NOTRE MISSION Rejoignez-nous et changez l'univers de la médecine TRAVAILLER CHEZ MODERNA Homepage > So, what is mRNA"" id=""quest-ce-que-larnm"" class=""Wrapper-sc-s3066g-0 indexstyles__CarouselWrapper-sc-15tnf59-0 fXtPHr hEyxpP""> Qu'est ce que l'ARNm ? L'ARN messager (ARNm) est déjà présent dans votre organisme. Il est porteur d'un “message” - d...",mRNA,title; content,"e potentiel porté par l’ARN messager. NOTRE MISSION Rejoignez-nous et changez l'univers de la médecine TRAVAILLER CHEZ MODERNA Homepage > So, what is mRNA"" id=""quest-ce-que-larnm"" class=""Wrapper-sc-s3066g-0 indexstyles__CarouselWrapper-sc-15tnf59-0 fXtPHr hEyxpP""> Qu'est ce que l'ARNm ? L'ARN messager (ARNm) est déjà présent dans votre organisme. Il est porteur d'un “mess",3,relevant,"유전자/세포치료제 전달체 및 GMP 원료기술 관련 키워드가 title, content에서 발견되었습니다: mRNA"
6,Moderna,바이오,유전자/세포치료제 전달체 및 GMP 원료기술,gene/cell therapy delivery vector and GMP raw material,Pioneering mRNA technology - Moderna Italy,https://www.modernatx.com/it-IT/newsroom/news-and-media?slug=newsroom%2Fnews-and-media&fromLocale=en-US,Moderna - News and Media / Newsroom / News,official,,2026-08-13T05:37:08Z,fetched,326,"Skip to main content Questo è il sito web di Moderna Italia Potrebbe contenere contenuti non applicabili alla tua posizione CAMBIA PAESE Benvenuti in Moderna Italia 13+ Anni di ricerca e innovazione 45 Prodotti nella pipeline 36 Trial clinici in corso Moderna L'obiettivo di Moderna Italia insieme a Moderna nel mondo è di mantenere la promessa della scienza dell'mRNA di creare una nuova generazione di farmaci trasformativi sia per i pazienti che per le famiglie. LA NOSTRA MISSIONE Lavora con noi per la medicina di domani LAVORARE IN MODERNA Homepage > So, what is mRNA"" id=""mrna-cosa-significa"" class=""Wrapper-sc-s3066g-0 indexstyles__CarouselWrapper-sc-15tnf59-0 fXtPHr hEyxpP""> mRNA: cosa significa? L'RNA messaggero (mRNA) esiste già nel nostro corpo e trasporta un messaggio: le istruzioni c...",mRNA,title; content,"la pipeline 36 Trial clinici in corso Moderna L'obiettivo di Moderna Italia insieme a Moderna nel mondo è di mantenere la promessa della scienza dell'mRNA di creare una nuova generazione di farmaci trasformativi sia per i pazienti che per le famiglie. LA NOSTRA MISSIONE Lavora con noi per la medicina di domani LAVORARE IN MODERNA Homepage > So, what is mRNA"" id=""mrna-cosa",3,relevant,"유전자/세포치료제 전달체 및 GMP 원료기술 관련 키워드가 title, content에서 발견되었습니다: mRNA"
6,Moderna,바이오,유전자/세포치료제 전달체 및 GMP 원료기술,gene/cell therapy delivery vector and GMP raw material,Pioneering mRNA technology - Moderna,https://www.modernatx.com/nl-NL/newsroom/news-and-media?slug=newsroom%2Fnews-and-media&fromLocale=en-US,Moderna - News and Media / Newsroom / News,official,,2026-08-13T05:37:08Z,fetched,378,"Skip to main content Dit is de Nederlandse website van Moderna Het kan inhoud bevatten die niet van toepassing is op uw locatie VERANDER LAND Welkom bij Moderna 14+ Jaar vooruitgang 45 Producten in ontwikkeling 36 Lopende klinische onderzoeken Dit is Moderna Moderna wil de belofte van mRNA-wetenschap waarmaken om een nieuwe generatie transformatieve geneesmiddelen voor patiënten te creëren. Onze waarden Versterk ons team en verander de gezondheidszorg Huidige vacatures bij Moderna Homepage > So, what is mRNA"" id=""wat-is-mrna"" class=""Wrapper-sc-s3066g-0 indexstyles__CarouselWrapper-sc-15tnf59-0 fXtPHr hEyxpP""> Wat is mRNA? Messenger RNA (mRNA) bestaat al in het lichaam. Het draagt een ""boodschap"", instructies die de cellen vertellen wat ze moeten doen. Een andere aanpak van ziektes Behandel...",mRNA,title; content,"LAND Welkom bij Moderna 14+ Jaar vooruitgang 45 Producten in ontwikkeling 36 Lopende klinische onderzoeken Dit is Moderna Moderna wil de belofte van mRNA-wetenschap waarmaken om een nieuwe generatie transformatieve geneesmiddelen voor patiënten te creëren. Onze waarden Versterk ons team en verander de gezondheidszorg Huidige vacatures bij Moderna Homepage > So, what is m",3,relevant,"유전자/세포치료제 전달체 및 GMP 원료기술 관련 키워드가 title, content에서 발견되었습니다: mRNA"
49,Maxon,로봇,로봇용 감속기,robot reducer,maxon achieves a respectable result with CHF 594.7 million revenue despite challenging conditions,https://www.maxongroup.com/en/news-and-events/news/maxon-achieves-a-respectable-result-with-chf-594-7-million-revenue-despite-challenging-conditions-283946,Maxon - News / Newsroom / News,official,,2026-08-13T05:37:08Z,fetched,832,"Back Contact Media Release 06/25/2025 maxon achieves a respectable result with CHF 594.7 million revenue despite challenging conditions Eugen Elmiger (left) und Karl-Walter Braun (right). Download Contact us Share current page For the second consecutive year, the maxon Group reports a decline in revenue. However, thanks to proactive measures, the company considers the 2024 revenue of CHF 594.7 million a satisfactory result under the circumstances. Investments in research and development declined slightly but remain almost stable at 8 percent in percentage terms. The increasing demand for integrated mechatronic systems is evident in the portfolio. maxon is therefore making significant investments in these product platforms. The maxon Group looks back on a challenging 2024 fiscal year. Reven...",gearbox,content,"omer applications. Since 2012, maxon has offered an online product configurator for this purpose, which makes it possible to flexibly combine motors, gearboxes, sensors and electronics for complex customer projects. In 2024, maxon reached series production readiness in several important system projects, such as logistics shuttles and autonomous logistics vehicles. The SpaceL",3,relevant,로봇용 감속기 관련 키워드가 content에서 발견되었습니다: gearbox
62,Arkema,이차전지,폴리비닐리덴 플루오라이드(PVDF),polyvinylidene fluoride,Press releases and news,https://www.arkema.com/global/en/media/newsroom/,Arkema - Financial News / Financial News,official,,2026-08-13T05:37:08Z,fetched,308,"Go to content Go to navigation Go to search latest-news Our latest press releases and&nbsp;news Second-quarter 2026 results In a quarter marked by the conflict in the Middle East, Arkema delivered a robust performance with ... Read more 2026 results ""> investor relations.jpg Arkema successfully started up its 15% PVDF capacity expansion in North America This capacity expansion in Calvert City, Kentucky, strengthens the Group’s leadership in ... Read more 15% PVDF capacity expansion in North America""> calvert-city-pvdf-expansion.jpg Arkema showcases innovative materials at the Battery Show Europe 2026 Arkema, a global leader in specialty materials, will showcase its unique portfolio of solutions and ... Read more Battery Show Europe 2026 ""> Thumbnail 4.3 - battery show.jpg Evolution of Arke...",PVDF,content,"e Middle East, Arkema delivered a robust performance with ... Read more 2026 results ""> investor relations.jpg Arkema successfully started up its 15% PVDF capacity expansion in North America This capacity expansion in Calvert City, Kentucky, strengthens the Group’s leadership in ... Read more 15% PVDF capacity expansion in North America""> calvert-city-pvdf-expansion.jpg A",3,relevant,폴리비닐리덴 플루오라이드(PVDF) 관련 키워드가 content에서 발견되었습니다: PVDF
